/*
Populate the schema for the movie recommandation database
whith data on the top 250 movies according to IMDB
This file has been generated by a script
*/

set search_path = "moviedb";

INSERT INTO Movie(movieid, moviename, releasedate, description, country)
VALUES
('mov001','The Shawshank Redemption','1994-10-14','Two imprisoned men bond over a number of years, finding solace and eventual redemption through acts of common decency.','USA')
,('mov002','The Godfather','1972-03-24','The aging patriarch of an organized crime dynasty transfers control of his clandestine empire to his reluctant son.','USA')
,('mov003','The Godfather: Part II','1974-12-20','The early life and career of Vito Corleone in 1920s New York is portrayed while his son, Michael, expands and tightens his grip on his crime syndicate stretching from Lake Tahoe, Nevada to pre-revolution 1958 Cuba.','USA')
,('mov004','The Dark Knight','2008-07-18','When the menace known as the Joker wreaks havoc and chaos on the people of Gotham, the caped crusader must come to terms with one of the greatest psychological tests of his ability to fight injustice.','USA, UK')
,('mov005','Schindler''s List','1994-02-04','In Poland during World War II, Oskar Schindler gradually becomes concerned for his Jewish workforce after witnessing their persecution by the Nazis.','USA')
,('mov006','12 Angry Men','1957-04-01','A jury holdout attempts to prevent a miscarriage of justice by forcing his colleagues to reconsider the evidence.','USA')
,('mov007','Pulp Fiction','1994-10-14','The lives of two mob hit men, a boxer, a gangster''s wife, and a pair of diner bandits intertwine in four tales of violence and redemption.','USA')
,('mov008','The Lord of the Rings: The Return of the King','2003-12-17','Gandalf and Aragorn lead the World of Men against Sauron''s army to draw his gaze from Frodo and Sam as they approach Mount Doom with the One Ring.','USA, New Zealand')
,('mov009','The Good, the Bad and the Ugly','1967-12-29','A bounty hunting scam joins two men in an uneasy alliance against a third in a race to find a fortune in gold buried in a remote cemetery.','Italy, Spain, West Germany, USA')
,('mov010','Fight Club','1999-10-15','An insomniac office worker, looking for a way to change his life, crosses paths with a devil-may-care soap maker, forming an underground fight club that evolves into something much, much more...','USA, Germany')
,('mov011','The Lord of the Rings: The Fellowship of the Ring','2001-12-19','A meek Hobbit and eight companions set out on a journey to destroy the One Ring and the Dark Lord Sauron.','New Zealand, USA')
,('mov012','Star Wars: Episode V - The Empire Strikes Back','1980-06-20','After the rebels have been brutally overpowered by the Empire on their newly established base, Luke Skywalker takes advanced Jedi training with Master Yoda, while his friends are pursued by Darth Vader as part of his plan to capture Luke.','USA')
,('mov013','Forrest Gump','1994-07-06','Forrest Gump, while not intelligent, has accidentally been present at many historic moments, but his true love, Jenny Curran, eludes him.','USA')
,('mov014','Inception','2010-07-16','A thief, who steals corporate secrets through use of dream-sharing technology, is given the inverse task of planting an idea into the mind of a CEO.','USA, UK')
,('mov015','The Lord of the Rings: The Two Towers','2002-12-18','While Frodo and Sam edge closer to Mordor with the help of the shifty Gollum, the divided fellowship makes a stand against Sauron''s new ally, Saruman, and his hordes of Isengard.','USA, New Zealand')
,('mov016','One Flew Over the Cuckoo''s Nest','1975-11-21','A criminal pleads insanity after getting into trouble again and once in the mental institution rebels against the oppressive nurse and rallies up the scared patients.','USA')
,('mov017','Goodfellas','1990-09-21','Henry Hill and his friends work their way up through the mob hierarchy.','USA')
,('mov018','The Matrix','1999-03-31','A computer hacker learns from mysterious rebels about the true nature of his reality and his role in the war against its controllers.','USA, Australia')
,('mov019','Seven Samurai','1956-11-19','A poor village under attack by bandits recruits seven unemployed samurai to help them defend themselves.','Japan')
,('mov020','Star Wars: Episode IV - A New Hope','1977-05-25','Luke Skywalker joins forces with a Jedi Knight, a cocky pilot, a wookiee and two droids to save the galaxy from the Empire''s world-destroying battle-station, while also attempting to rescue Princess Leia from the evil Darth Vader.','USA')
,('mov021','City of God','2004-02-13','Two boys growing up in a violent neighborhood of Rio de Janeiro take different paths: one becomes a photographer, the other a drug dealer.','Brazil, France')
,('mov022','Se7en','1995-09-22','Two detectives, a rookie and a veteran, hunt a serial killer who uses the seven deadly sins as his modus operandi.','USA')
,('mov023','The Silence of the Lambs','1991-02-14','A young F.B.I. cadet must confide in an incarcerated and manipulative killer to receive his help on catching another serial killer who skins his victims.','USA')
,('mov024','It''s a Wonderful Life','1947-01-07','An angel helps a compassionate but despairingly frustrated businessman by showing what life would have been like if he never existed.','USA')
,('mov025','The Usual Suspects','1995-09-15','A sole survivor tells of the twisty events leading up to a horrific gun battle on a boat, which begin when five criminals meet at a seemingly random police lineup.','USA, Germany')
,('mov026','Life Is Beautiful','1999-02-12','When an open-minded Jewish librarian and his son become victims of the Holocaust, he uses a perfect mixture of will, humor and imagination to protect his son from the dangers around their camp.','Italy')
,('mov027','Léon: The Professional','1994-11-18','Mathilda, a 12-year-old girl, is reluctantly taken in by Léon, a professional assassin, after her family is murdered. Léon and Mathilda form an unusual relationship, as she becomes his protégée and learns the assassin''s trade.','France')
,('mov028','Once Upon a Time in the West','1968-12-21','Epic story of a mysterious stranger with a harmonica who joins forces with a notorious desperado to protect a beautiful widow from a ruthless assassin working for the railroad.','Italy, USA, Spain')
,('mov029','Spirited Away','2003-03-28','During her family''s move to the suburbs, a sullen 10-year-old girl wanders into a world ruled by gods, witches, and spirits, and where humans are changed into beasts.','Japan')
,('mov030','Saving Private Ryan','1998-07-24','Following the Normandy Landings, a group of U.S. soldiers go behind enemy lines to retrieve a paratrooper whose brothers have been killed in action.','USA')
,('mov031','Interstellar','2014-11-07','A team of explorers travel through a wormhole in space in an attempt to ensure humanity''s survival.','USA, UK')
,('mov032','American History X','1998-11-20','A former neo-nazi skinhead tries to prevent his younger brother from going down the same wrong path that he did.','USA')
,('mov033','Casablanca','1943-01-23','In Casablanca, Morocco during the early days of World War II, an American expatriate meets a former lover, with unforeseen complications.','USA')
,('mov034','City Lights','1931-03-07','With the aid of a wealthy erratic tippler, a dewy-eyed tramp who has fallen in love with a sightless flower girl accumulates money to be able to help her medically.','USA')
,('mov035','Psycho','1960-09-08','A Phoenix secretary steals $40,000 from her employer''s client, goes on the run and checks into a remote motel run by a young man under the domination of his mother.','USA')
,('mov036','Raiders of the Lost Ark','1981-06-12','Archaeologist and adventurer Indiana Jones is hired by the US government to find the Ark of the Covenant before the Nazis.','USA')
,('mov037','Rear Window','1954-08-01','A wheelchair-bound photographer spies on his neighbours from his apartment window and becomes convinced one of them has committed murder.','USA')
,('mov038','The Intouchables','2011-11-02','After he becomes a quadriplegic from a paragliding accident, an aristocrat hires a young man from the projects to be his caregiver.','France')
,('mov039','Modern Times','1936-02-25','The Tramp struggles to live in modern industrial society with the help of a young homeless woman.','USA')
,('mov040','The Green Mile','1999-12-10','The lives of guards on Death Row are affected by one of their charges: a black man accused of child murder and rape, yet who has a mysterious gift.','USA')
,('mov041','Terminator 2: Judgment Day','1991-07-03','A cyborg, identical to the one who failed to kill Sarah Connor, must now protect her young son, John Connor, from a more advanced cyborg, made out of liquid metal.','USA, France')
,('mov042','The Pianist','2003-03-28','A Polish Jewish musician struggles to survive the destruction of the Warsaw ghetto of World War II.','France, Poland, Germany, UK')
,('mov043','The Departed','2006-10-06','An undercover cop and a mole in the police attempt to identify each other while infiltrating an Irish gang in South Boston.','USA, Hong Kong')
,('mov044','Back to the Future','1985-07-03','A young man is accidentally sent thirty years into the past in a time-traveling DeLorean invented by his friend, Dr. Emmett Brown, and must make sure his high-school-age parents unite in order to save his own existence.','USA')
,('mov045','Whiplash','2014-10-15','A promising young drummer enrolls at a cut-throat music conservatory where his dreams of greatness are mentored by an instructor who will stop at nothing to realize a student''s potential.','USA')
,('mov046','Memento','2001-05-25','A man creates a strange system to help him remember things; so he can hunt for the murderer of his wife without his short-term memory loss being an obstacle.','USA')
,('mov047','Gladiator','2000-05-05','When a Roman general is betrayed and his family murdered by an emperor''s corrupt son, he comes to Rome as a gladiator to seek revenge.','USA, UK')
,('mov048','Apocalypse Now','1979-08-15','During the Vietnam War, Captain Willard is sent on a dangerous mission into Cambodia to assassinate a renegade colonel who has set himself up as a god among a local tribe.','USA')
,('mov049','The Prestige','2006-10-20','Two stage magicians engage in competitive one-upmanship in an attempt to create the ultimate stage illusion.','USA, UK')
,('mov050','Dr. Strangelove or: How I Learned to Stop Worrying and Love the Bomb','1964-01-29','An insane general triggers a path to nuclear holocaust that a war room full of politicians and generals frantically try to stop.','USA, UK')
,('mov051','The Lion King','1994-06-24','Lion cub and future king Simba searches for his identity. His eagerness to please others and penchant for testing his boundaries sometimes gets him into trouble.','USA')
,('mov052','Sunset Blvd.','1950-08-25','A hack screenwriter writes a screenplay for a former silent-film star who has faded into Hollywood obscurity.','USA')
,('mov053','Alien','1979-06-22','After a space merchant vessel perceives an unknown transmission as distress call, their landing on the source planet finds one of the crew attacked by a mysterious lifeform. Continuing their journey back to Earth with the attacked crew having recovered and the critter deceased, they soon realize that its life cycle has merely begun.','USA, UK')
,('mov054','The Great Dictator','1941-03-07','Dictator Adenoid Hynkel tries to expand his empire while a poor Jewish barber tries to avoid persecution from Hynkel''s regime.','USA')
,('mov055','The Lives of Others','2007-03-30','In 1984 East Berlin, an agent of the secret police, conducting surveillance on a writer and his lover, finds himself becoming increasingly absorbed by their lives.','Germany')
,('mov056','Cinema Paradiso','1990-02-23','A filmmaker recalls his childhood, when he fell in love with the movies at his village''s theater and formed a deep friendship with the theater''s projectionist.','Italy, France')
,('mov057','Django Unchained','2012-12-25','With the help of a German bounty hunter, a freed slave sets out to rescue his wife from a brutal Mississippi plantation owner.','USA')
,('mov058','The Shining','1980-05-23','A family heads to an isolated hotel for the winter where an evil and spiritual presence influences the father into violence, while his psychic son sees horrific forebodings from the past and of the future.','USA, UK')
,('mov059','Paths of Glory','1957-10-25','After refusing to attack an enemy position, a general accuses the soldiers of cowardice and their commanding officer must defend them.','USA, West Germany')
,('mov060','Grave of the Fireflies','1988-04-16','A tragic film covering a young boy and his little sister''s struggle to survive in Japan during World War II.','Japan')
,('mov061','WALL·E','2008-06-27','In the distant future, a small waste-collecting robot inadvertently embarks on a space journey that will ultimately decide the fate of mankind.','USA')
,('mov062','The Dark Knight Rises','2012-07-20','Eight years after the Joker''s reign of anarchy, the Dark Knight, with the help of the enigmatic Selina, is forced from his imposed exile to save Gotham City, now on the edge of total annihilation, from the brutal guerrilla terrorist Bane.','USA, UK')
,('mov063','American Beauty','1999-10-01','A bored suburban father has a mid-life crisis after becoming infatuated with his daughter''s best friend.','USA')
,('mov064','Aliens','1986-07-18','The planet from Alien (1979) has been colonized, but contact is lost. This time, the rescue team has impressive firepower, but will it be enough?','UK, USA')
,('mov065','Princess Mononoke','1997-07-12','On a journey to find the cure for a Tatarigami''s curse, Ashitaka finds himself in the middle of a war between the forest gods and Tatara, a mining colony. In this quest he also meets San, the Mononoke Hime.','Japan')
,('mov066','Oldboy','2003-11-21','After being kidnapped and imprisoned for 15 years, Oh Dae-Su is released, only to find that he must find his captor in 5 days.','South Korea')
,('mov067','Citizen Kane','1941-09-05','Following the death of a publishing tycoon, news reporters scramble to discover the meaning of his final utterance.','USA')
,('mov068','North by Northwest','1959-09-26','A hapless New York advertising executive is mistaken for a government agent by a group of foreign spies, and is pursued across the country while he looks for a way to survive.','USA')
,('mov069','Once Upon a Time in America','1984-06-01','A former Prohibition-era Jewish gangster returns to the Lower East Side of Manhattan over thirty years later, where he once again must confront the ghosts and regrets of his old life.','Italy, USA')
,('mov070','Vertigo','1958-07-21','A San Francisco detective suffering from acrophobia investigates the strange activities of an old friend''s wife, all the while becoming dangerously obsessed with her.','USA')
,('mov071','Das Boot','1982-02-10','The claustrophobic world of a WWII German U-boat; boredom, filth, and sheer terror.','West Germany')
,('mov072','Star Wars: Episode VI - Return of the Jedi','1983-05-25','After rescuing Han Solo from the palace of Jabba the Hutt, the rebels attempt to destroy the second Death Star, while Luke struggles to make Vader return from the dark side of the Force.','USA')
,('mov073','M','1931-08-31','When the police in a German city are unable to catch a child-murderer, other criminals join in the manhunt.','Germany')
,('mov074','Witness for the Prosecution','1958-02-06','A veteran British barrister must defend his client in a murder trial that has surprise after surprise.','USA')
,('mov075','Reservoir Dogs','1992-09-02','After a simple jewelery heist goes terribly wrong, the surviving criminals begin to suspect that one of them is a police informant.','USA')
,('mov076','Amélie','2002-02-08','Amelie is an innocent and naive girl in Paris with her own sense of justice. She decides to help those around her and, along the way, discovers love.','France, Germany')
,('mov077','Braveheart','1995-05-24','When his secret bride is executed for assaulting an English soldier who tried to rape her, William Wallace begins a revolt against King Edward I of England.','USA')
,('mov078','Requiem for a Dream','2000-12-15','The drug-induced utopias of four Coney Island people are shattered when their addictions become stronger.','USA')
,('mov079','A Clockwork Orange','1972-02-02','In future Britain, charismatic delinquent Alex DeLarge is jailed and volunteers for an experimental aversion therapy developed by the government in an effort to solve society''s crime problem - but not all goes according to plan.','UK, USA')
,('mov080','Taxi Driver','1976-02-08','A mentally unstable Vietnam War veteran works as a night-time taxi driver in New York City where the perceived decadence and sleaze feeds his urge for violent action, attempting to save a preadolescent prostitute in the process.','USA')
,('mov081','Toy Story 3','2010-06-18','The toys are mistakenly delivered to a day-care center instead of the attic right before Andy leaves for college, and it''s up to Woody to convince the other toys that they weren''t abandoned and to return home.','USA')
,('mov082','Double Indemnity','1944-04-24','An insurance representative lets himself be talked into a murder/insurance fraud scheme that arouses an insurance investigator''s suspicions.','USA')
,('mov083','To Kill a Mockingbird','1963-03-16','Atticus Finch, a lawyer in the Depression-era South, defends a black man against an undeserved rape charge, and his kids against prejudice.','USA')
,('mov084','Lawrence of Arabia','1962-12-11','The story of TE Lawrence, the English officer who successfully united and lead the diverse, often warring, Arab tribes during World War 1 in order to fight the Turks.','UK')
,('mov085','Eternal Sunshine of the Spotless Mind','2004-03-19','When their relationship turns sour, a couple undergoes a procedure to have each other erased from their memories. But it is only through the process of loss that they discover what they had to begin with.','USA')
,('mov086','Full Metal Jacket','1987-07-10','A pragmatic U.S. Marine observes the dehumanizing effects the Vietnam War has on his fellow recruits from their brutal boot camp training to the bloody street fighting in Hue.','UK, USA')
,('mov087','Amadeus','1985-04-05','The incredible story of Wolfgang Amadeus Mozart, told by his peer and secret rival Antonio Salieri - now confined to an insane asylum.','USA, France')
,('mov088','The Sting','1973-12-26','In Chicago in September 1936, a young con man seeking revenge for his murdered partner teams up with a master of the big con to win a fortune from a criminal banker.','USA')
,('mov089','2001: A Space Odyssey','1968-05-15','Humanity finds a mysterious, obviously artificial object buried beneath the Lunar surface and, with the intelligent computer H.A.L. 9000, sets off on a quest.','USA, UK')
,('mov090','Singin'' in the Rain','1952-04-11','A silent film production company and cast make a difficult transition to sound.','USA')
,('mov091','Bicycle Thieves','1949-12-13','Set in Post-WWII Italy, a working class man''s bicycle is stolen. He and his son set out to find it.','Italy')
,('mov092','Snatch.','2001-01-19','Unscrupulous boxing promoters, violent bookmakers, a Russian gangster, incompetent amateur robbers, and supposedly Jewish jewelers fight to track down a priceless stolen diamond.','UK, USA')
,('mov093','Monty Python and the Holy Grail','1975-05-23','King Arthur and his knights embark on a low-budget search for the Grail, encountering many, very silly obstacles.','UK')
,('mov094','Toy Story','1995-11-22','A cowboy doll is profoundly threatened and jealous when a new spaceman figure supplants him as top toy in a boy''s room.','USA')
,('mov095','The Kid','1921-02-06','The Tramp cares for an abandoned child, but events put that relationship in jeopardy.','USA')
,('mov096','Inglourious Basterds','2009-08-21','In Nazi-occupied France during World War II, a plan to assassinate Nazi leaders by a group of Jewish U.S. soldiers coincides with a theatre owner''s vengeful plans for the same.','USA, Germany')
,('mov097','L.A. Confidential','1997-09-19','As corruption grows in 1950s LA, three policemen - one strait-laced, one brutal, and one sleazy - investigate a series of murders with their own brand of justice.','USA')
,('mov098','For a Few Dollars More','1967-05-10','Two bounty hunters with the same intentions team up to track down a Western outlaw.','Italy, Spain, West Germany')
,('mov099','Rashomon','1951-12-26','A heinous crime and its aftermath are recalled from differing points of view.','Japan')
,('mov100','The Apartment','1960-09-16','A man tries to rise in his company by letting its executives use his apartment for trysts, but complications and a romance of his own ensue.','USA')
,('mov101','Indiana Jones and the Last Crusade','1989-05-24','When Dr. Henry Jones Sr. suddenly goes missing while pursuing the Holy Grail, eminent archaeologist Indiana Jones must follow in his father''s footsteps and stop the Nazis.','USA')
,('mov102','Scarface','1983-12-09','In 1980 Miami, a determined Cuban immigrant takes over a drug cartel while succumbing to greed.','USA')
,('mov103','A Separation','2011-03-16','A married couple are faced with a difficult decision - to improve the life of their child by moving to another country or to stay in Iran and look after a deteriorating parent who has Alzheimer''s disease.','Iran')
,('mov104','All About Eve','1951-01-15','An ingenue insinuates herself in to the company of an established but aging stage actress and her circle of theater friends.','USA')
,('mov105','Metropolis','1927-03-13','In a futuristic city sharply divided between the working class and the city planners, the son of the city''s mastermind falls in love with a working class prophet who predicts the coming of a savior to mediate their differences.','Germany')
,('mov106','Yojimbo','1961-09-13','A crafty ronin comes to a town divided by two criminal gangs and decides to play them against each other to free the town.','Japan')
,('mov107','The Treasure of the Sierra Madre','1948-01-24','Fred Dobbs and Bob Curtin, two Americans searching for work in Mexico, convince an old prospector to help them mine for gold in the Sierra Madre Mountains.','USA')
,('mov108','Batman Begins','2005-06-15','After training with his mentor, Batman begins his war on crime to free the crime-ridden Gotham City from corruption that the Scarecrow and the League of Shadows have cast upon it.','USA, UK')
,('mov109','Some Like It Hot','1959-03-29','When two musicians witness a mob hit, they flee the state in an all-female band disguised as women, but further complications set in.','USA')
,('mov110','The Hunt','2013-01-10','A teacher lives a lonely life, all the while struggling over his son''s custody. His life slowly gets better as he finds love and receives good news from his son, but his new luck is about to be brutally shattered by an innocent little lie.','Denmark, Sweden')
,('mov111','3 Idiots','2009-12-25','Two friends are searching for their long lost companion. They revisit their college days and recall the memories of their friend who inspired them to think differently, even as the rest of the world called them \""idiots\"".','India')
,('mov112','Unforgiven','1992-08-07','Retired Old West gunslinger William Munny reluctantly takes on one last job, with the help of his old partner and a young man.','USA')
,('mov113','The Third Man','1949-08-31','Pulp novelist Holly Martins travels to shadowy, postwar Vienna, only to find himself investigating the mysterious death of an old friend, Harry Lime.','UK')
,('mov114','Up','2009-05-29','Seventy-eight year old Carl Fredricksen travels to Paradise Falls in his home equipped with balloons, inadvertently taking a young stowaway.','USA')
,('mov115','Good Will Hunting','1998-01-09','Will Hunting, a janitor at M.I.T., has a gift for mathematics, but needs help from a psychologist to find direction in his life.','USA')
,('mov116','Inside Out','2015-06-19','After young Riley is uprooted from her Midwest life and moved to San Francisco, her emotions - Joy, Fear, Anger, Disgust and Sadness - conflict on how best to navigate a new city, house, and school.','USA')
,('mov117','Star Wars: Episode VII - The Force Awakens','2015-12-18','Three decades after the defeat of the Galactic Empire, a new threat arises. The First Order attempts to rule the galaxy and only a ragtag group of heroes can stop them, along with the help of the Resistance.','USA')
,('mov118','Raging Bull','1980-12-19','An emotionally self-destructive boxer''s journey through life, as the violence and temper that leads him to the top in the ring, destroys his life outside it.','USA')
,('mov119','Downfall','2005-04-08','Traudl Junge, the final secretary for Adolf Hitler, tells of the Nazi dictator''s final days in his Berlin bunker at the end of WWII.','Germany, Austria, Italy')
,('mov120','Die Hard','1988-07-20','John McClane, officer of the NYPD, tries to save his wife Holly Gennaro and several others that were taken hostage by German terrorist Hans Gruber during a Christmas party at the Nakatomi Plaza in Los Angeles.','USA')
,('mov121','Room','2016-01-22','A kidnapped mother and son make a daring escape, and experience a dramatic homecoming provoking a look into the power of imagination and the unstoppable force of a mother''s love.','Ireland, Canada')
,('mov122','Chinatown','1974-06-20','A private detective hired to expose an adulterer finds himself caught up in a web of deceit, corruption and murder.','USA')
,('mov123','The Great Escape','1963-07-04','Allied P.O.W.s plan for several hundred of their number to escape from a German camp during World War II.','USA')
,('mov124','Deadpool','2016-02-12','A former Special Forces operative turned mercenary is subjected to a rogue experiment that leaves him with accelerated healing powers, adopting the alter ego Deadpool.','USA, Canada')
,('mov125','Heat','1995-12-15','A group of professional bank robbers start to feel the heat from police when they unknowingly leave a clue at their latest heist.','USA')
,('mov126','The Message','1977-07-08','This must-see epic depicts the birth of Islam. In the 7th century Mohammed is visited by Angel Gabriel who urges him to lead the people of Mecca and worship God. But they''re exiled in ...','Lebanon, Libya, Kuwait, Morocco, UK')
,('mov127','On the Waterfront','1954-06-22','An ex-prize fighter turned longshoreman struggles to stand up to his corrupt union bosses.','USA')
,('mov128','Pan''s Labyrinth','2007-01-19','In the falangist Spain of 1944, the bookish young stepdaughter of a sadistic army officer escapes into an eerie but captivating fantasy world.','Spain, Mexico, USA')
,('mov129','My Neighbor Totoro','1988-04-16','When two girls move to the country to be near their ailing mother, they have adventures with the wonderous forest spirits who live nearby.','Japan')
,('mov130','Ikiru','1956-03-25','A bureaucrat tries to find a meaning in his life after he discovers he has terminal cancer.','Japan')
,('mov131','Mr. Smith Goes to Washington','1939-10-19','A naive man is appointed to fill a vacancy in the US Senate. His plans promptly collide with political corruption, but he doesn''t back down.','USA')
,('mov132','Sunrise','1927-11-04','A married farmer falls under the spell of a slatternly woman from the city, who tries to convince him to drown his wife.','USA')
,('mov133','The Bridge on the River Kwai','1957-12-14','After settling his differences with a Japanese PoW camp commander, a British colonel co-operates to oversee his men''s construction of a railway bridge for their captors - while oblivious to a plan by the Allies to destroy it.','UK, USA')
,('mov134','Ran','1985-06-01','An elderly lord abdicates to his three sons, and the two corrupt ones turn against him.','Japan, France')
,('mov135','The Gold Rush','1925-01-01','A prospector goes to the Klondike in search of gold and finds it and more.','USA')
,('mov136','Zootopia','2016-03-04','In a city of anthropomorphic animals, a rookie bunny cop and a cynical con artist fox must work together to uncover a conspiracy.','USA')
,('mov137','The Seventh Seal','1958-10-13','A man seeks answers about life, death, and the existence of God as he plays chess against the Grim Reaper during the Black Plague.','Sweden')
,('mov138','The Secret in Their Eyes','2010-05-21','A retired legal counselor writes a novel hoping to find closure for one of his past unresolved homicide cases and for his unreciprocated love with his superior - both of which still haunt him decades later.','Argentina, Spain')
,('mov139','Blade Runner','1982-06-25','A blade runner must pursue and try to terminate four replicants who stole a ship in space and have returned to Earth to find their creator.','USA, Hong Kong, UK')
,('mov140','Lock, Stock and Two Smoking Barrels','1998-08-28','A botched card game in London triggers four friends, thugs, weed-growers, hard gangsters, loan sharks and debt collectors to collide with each other in a series of unexpected events, all for the sake of weed, cash and two antique shotguns.','UK')
,('mov141','Wild Strawberries','1959-06-22','After living a life marked by coldness, an aging professor is forced to confront the emptiness of his existence.','Sweden')
,('mov142','The General','1927-02-24','When Union spies steal an engineer''s beloved locomotive, he pursues it single-handedly and straight through enemy lines.','USA')
,('mov143','Howl''s Moving Castle','2005-06-17','When an unconfident young woman is cursed with an old body by a spiteful witch, her only chance of breaking the spell lies with a self-indulgent yet insecure young wizard and his companions in his legged, walking castle.','Japan')
,('mov144','Casino','1995-11-22','Greed, deception, money, power, and murder occur between two mobster best friends and a trophy wife over a gambling empire.','USA, France')
,('mov145','The Elephant Man','1980-10-10','A Victorian surgeon rescues a heavily disfigured man who is mistreated while scraping a living as a side-show freak. Behind his monstrous facade, there is revealed a person of intelligence and sensitivity.','USA, UK')
,('mov146','Warrior','2011-09-09','The youngest son of an alcoholic former boxer returns home, where he''s trained by his father for competition in a mixed martial arts tournament - a path that puts the fighter on a collision course with his estranged, older brother.','USA')
,('mov147','The Wolf of Wall Street','2013-12-25','Based on the true story of Jordan Belfort, from his rise to a wealthy stock-broker living the high life to his fall involving crime, corruption and the federal government.','USA')
,('mov148','V for Vendetta','2006-03-17','In a future British tyranny, a shadowy freedom fighter, known only by the alias of \""V\"", plots to overthrow it with the help of a young woman.','USA, UK, Germany')
,('mov149','Judgment at Nuremberg','1961-12-18','In 1948, an American court in occupied Germany tries four Nazi judges for war crimes.','USA')
,('mov150','A Beautiful Mind','2002-01-04','After a brilliant but asocial mathematician, John Nash, accepts secret work in cryptography, his life takes a turn for the nightmarish.','USA')
,('mov151','Gran Torino','2009-01-09','Disgruntled Korean War veteran Walt Kowalski sets out to reform his neighbor, a Hmong teenager who tried to steal Kowalski''s prized possession: a 1972 Gran Torino.','USA, Germany')
,('mov152','The Big Lebowski','1998-03-06','\""The Dude\"" Lebowski, mistaken for a millionaire Lebowski, seeks restitution for his ruined rug and enlists his bowling buddies to help get it.','USA, UK')
,('mov153','Incendies','2011-01-12','Twins journey to the Middle East to discover their family history, and fulfill their mother''s last wishes.','Canada, France')
,('mov154','The Deer Hunter','1979-02-23','An in-depth examination of the ways in which the U.S. Vietnam war impacts and disrupts the lives of people in a small industrial town in Pennsylvania.','UK, USA')
,('mov155','Rebecca','1940-04-12','A self-conscious bride is tormented by the memory of her husband''s dead first wife.','USA')
,('mov156','Gone with the Wind','1940-01-17','A manipulative Southern belle carries on a turbulent affair with a blockade runner during the American Civil War.','USA')
,('mov157','Fargo','1996-04-05','Jerry Lundegaard''s inept crime falls apart due to his and his henchmen''s bungling and the persistent police work of the quite pregnant Marge Gunderson.','USA, UK')
,('mov158','Trainspotting','1996-08-09','Renton, deeply immersed in the Edinburgh drug scene, tries to clean up and get out, despite the allure of the drugs and influence of friends.','UK')
,('mov159','Cool Hand Luke','1967-11-01','A man refuses to conform to life in a rural prison.','USA')
,('mov160','How to Train Your Dragon','2010-03-26','A hapless young Viking who aspires to hunt dragons, becomes the unlikely friend of a young dragon himself, and learns there may be more to the creatures than he assumed.','USA')
,('mov161','Dial M for Murder','1954-05-29','An ex-tennis pro carries out a plot to murder his wife. When things go wrong, he improvises a brilliant plan B.','USA')
,('mov162','The Sixth Sense','1999-08-06','A boy who communicates with spirits that don''t know they''re dead seeks the help of a disheartened child psychologist.','USA')
,('mov163','Finding Nemo','2003-05-30','After his son is captured in the Great Barrier Reef and taken to Sydney, a timid clownfish sets out on a journey to bring him home.','USA')
,('mov164','Into the Wild','2007-10-19','After graduating from Emory University, top student and athlete Christopher McCandless abandons his possessions, gives his entire $24,000 savings account to charity and hitchhikes to Alaska to live in the wilderness. Along the way, Christopher encounters a series of characters that shape his life.','USA')
,('mov165','The Thing','1982-06-25','It''s the first week of winter in 1982. An American Research Base is greeted by an alien force, that can assimilate anything it touches. It''s up to the members to stay alive, and be sure of who is human, and who has become one of the Things.','USA')
,('mov166','No Country for Old Men','2007-11-21','Violence and mayhem ensue after a hunter stumbles upon a drug deal gone wrong and more than two million dollars in cash near the Rio Grande.','USA')
,('mov167','It Happened One Night','1934-02-23','A spoiled heiress, running away from her family, is helped by a man who is actually a reporter in need of a story.','USA')
,('mov168','Mary and Max','2009-04-09','A tale of friendship between two unlikely pen pals: Mary, a lonely, eight-year-old girl living in the suburbs of Melbourne, and Max, a forty-four-year old, severely obese man living in New York.','Australia')
,('mov169','Gone Girl','2014-10-03','With his wife''s disappearance having become the focus of an intense media circus, a man sees the spotlight turned on him when it''s suspected that he may not be innocent.','USA')
,('mov170','Kill Bill: Vol. 1','2003-10-10','The Bride wakens from a four-year coma. The child she carried in her womb is gone. Now she must wreak vengeance on the team of assassins who betrayed her - a team she was once part of.','USA')
,('mov171','Rush','2013-09-27','The merciless 1970s rivalry between Formula One rivals James Hunt and Niki Lauda.','UK, Germany, USA')
,('mov172','Life of Brian','1979-08-17','Brian is born on the original Christmas, in the stable next door. He spends his life being mistaken for a messiah.','UK')
,('mov173','Hotel Rwanda','2005-02-04','The true story of Paul Rusesabagina, a hotel manager who housed over a thousand Tutsi refugees during their struggle against the Hutu militia in Rwanda.','UK, USA, Italy, South Africa, Canada')
,('mov174','The Maltese Falcon','1941-10-18','A private detective takes on a case that involves him with three eccentric criminals, a gorgeous liar, and their quest for a priceless statuette.','USA')
,('mov175','Mad Max: Fury Road','2015-05-15','A woman rebels against a tyrannical ruler in postapocalyptic Australia in search for her home-land with the help of a group of female prisoners, a psychotic worshipper, and a drifter named Max.','Australia, USA')
,('mov176','There Will Be Blood','2008-01-25','A story of family, religion, hatred, oil and madness, focusing on a turn-of-the-century prospector in the early days of the business.','USA')
,('mov177','Platoon','1987-02-06','A young recruit in Vietnam faces a moral crisis when confronted with the horrors of war and the duality of man.','UK, USA')
,('mov178','The Revenant','2016-01-08','A frontiersman on a fur trading expedition in the 1820s fights for survival after being mauled by a bear and left for dead by members of his own hunting team.','USA')
,('mov179','Spotlight','2015-11-25','The true story of how the Boston Globe uncovered the massive scandal of child molestation and cover-up within the local Catholic Archdiocese, shaking the entire Catholic Church to its core.','USA, Canada')
,('mov180','The Wages of Fear','1955-02-16','In a decrepit South American village, men are hired to transport an urgent nitroglycerine shipment without the equipment that would make it safe.','France, Italy')
,('mov181','Network','1976-11-27','A television network cynically exploits a deranged former anchor''s ravings and revelations about the news media for its own profit.','USA')
,('mov182','Butch Cassidy and the Sundance Kid','1969-10-24','Two Western bank/train robbers flee to Bolivia when the law gets too close.','USA')
,('mov183','The 400 Blows','1959-11-16','Moving story of a young boy who, left without attention, delves into a life of petty crime.','France')
,('mov184','Stand by Me','1986-08-22','After the death of a friend, a writer recounts a boyhood journey to find the body of a missing boy.','USA')
,('mov185','In the Name of the Father','1994-02-25','A man''s coerced confession to an IRA bombing he did not commit results in the imprisonment of his father as well. An English lawyer fights to free them.','Ireland, UK, USA')
,('mov186','Shutter Island','2010-02-19','A U.S Marshal investigates the disappearance of a murderess who escaped from a hospital for the criminally insane.','USA')
,('mov187','Persona','1967-03-16','A nurse is put in charge of an actress who can''t talk and finds that the actress''s persona is melding with hers.','Sweden')
,('mov188','12 Years a Slave','2013-11-08','In the antebellum United States, Solomon Northup, a free black man from upstate New York, is abducted and sold into slavery.','USA, UK')
,('mov189','The Grand Budapest Hotel','2014-03-28','The adventures of Gustave H, a legendary concierge at a famous hotel from the fictional Republic of Zubrowka between the first and second World Wars, and Zero Moustafa, the lobby boy who becomes his most trusted friend.','USA, Germany, UK')
,('mov190','Amores perros','2001-04-13','A horrific car accident connects three stories, each involving characters dealing with loss, regret, and life''s harsh realities, all in the name of love.','Mexico')
,('mov191','The Princess Bride','1987-10-09','While home sick in bed, a young boy''s grandfather reads him a story called The Princess Bride.','USA')
,('mov192','Million Dollar Baby','2005-01-28','A determined woman works with a hardened boxing trainer to become a professional.','USA')
,('mov193','Touch of Evil','1958-05-01','A stark, perverse story of murder, kidnapping, and police corruption in a Mexican border town.','USA')
,('mov194','Ben-Hur','1959-12-26','When a Jewish prince is betrayed and sent into slavery by a Roman friend, he regains his freedom and comes back for revenge.','USA')
,('mov195','Annie Hall','1977-04-20','Neurotic New York comedian Alvy Singer falls in love with the ditsy Annie Hall.','USA')
,('mov196','Wild Tales','2014-08-21','Six short stories that explore the extremities of human behavior involving people in distress.','Argentina, Spain')
,('mov197','The Grapes of Wrath','1940-03-15','A poor Midwest family is forced off of their land. They travel to California, suffering the misfortunes of the homeless in the Great Depression.','USA')
,('mov198','Hachi: A Dog''s Tale','2010-03-12','A drama based on the true story of a college professor''s bond with the abandoned dog he takes into his home.','USA, UK')
,('mov199','Nausicaä of the Valley of the Wind','1984-03-11','Warrior/pacifist Princess Nausicaä desperately struggles to prevent two warring nations from destroying themselves and their dying planet.','Japan')
,('mov200','Stalker','1980-04-17','A guide leads two men through an area known as the Zone to find a room that grants wishes.','Soviet Union')
,('mov201','Jurassic Park','1993-06-11','During a preview tour, a theme park suffers a major power breakdown that allows its cloned dinosaur exhibits to run amok.','USA')
,('mov202','Diabolique','1955-11-21','The wife of a cruel headmaster and his mistress conspire to kill him, but after the murder is committed, his body disappears, and strange events begin to plague the two women.','France')
,('mov203','Gandhi','1983-02-25','Gandhi''s character is fully explained as a man of nonviolence. Through his patience, he is able to drive the British out of the subcontinent. And the stubborn nature of Jinnah and his commitment towards Pakistan is portrayed.','UK, India')
,('mov204','The Bourne Ultimatum','2007-08-03','Jason Bourne dodges a ruthless CIA official and his agents from a new assassination program while searching for the origins of his life as a trained killer.','USA, Germany')
,('mov205','8½','1963-06-25','A harried movie director retreats into his memories and fantasies.','Italy, France')
,('mov206','Donnie Darko','2001-10-26','A troubled teenager is plagued by visions of a large bunny rabbit that manipulates him to commit a series of crimes, after narrowly escaping a bizarre accident.','USA')
,('mov207','Before Sunrise','1995-01-27','A young man and woman meet on a train in Europe, and wind up spending one evening together in Vienna. Unfortunately, both know that this will probably be their only night together.','USA, Austria, Switzerland')
,('mov208','The Wizard of Oz','1939-08-25','Dorothy Gale is swept away to a magical land in a tornado and embarks on a quest to see the Wizard who can help her return home.','USA')
,('mov209','Memories of Murder','2003-05-02','In 1986, in the province of Gyunggi, in South Korea, a second young and beautiful woman is found dead, raped and tied and gagged with her underwear. Detective Park Doo-Man and Detective Cho...','South Korea')
,('mov210','Rocky','1976-12-03','Rocky Balboa, a small-time boxer, gets a supremely rare chance to fight the heavy-weight champion, Apollo Creed, in a bout in which he strives to go the distance for his self-respect.','USA')
,('mov211','The Truman Show','1998-06-05','An insurance salesman/adjuster discovers his entire life is actually a T.V. show.','USA')
,('mov212','The Best Years of Our Lives','1947-06-17','Three World War II veterans return home to small-town America to discover that they and their families have been irreparably changed.','USA')
,('mov213','The Terminator','1984-10-26','A human-looking indestructible cyborg is sent from 2029 to 1984 to assassinate a waitress, whose unborn son will lead humanity in a war against the machines, while a soldier from that war is sent to protect her at all costs.','UK, USA')
,('mov214','Sin City','2005-04-01','A film that explores the dark and miserable town, Basin City, and tells the story of three different people, all caught up in violent corruption.','USA')
,('mov215','Twelve Monkeys','1996-01-05','In a future world devastated by disease, a convict is sent back in time to gather information about the man-made virus that wiped out most of the human population on the planet.','USA')
,('mov216','Monsters, Inc.','2001-11-02','In order to power the city, monsters have to scare children so that they scream. However, the children are toxic to the monsters, and after a child gets through, two monsters realize things may not be what they think.','USA')
,('mov217','Harry Potter and the Deathly Hallows: Part 2','2011-07-15','Harry, Ron and Hermione search for Voldemort''s remaining Horcruxes in their effort to destroy the Dark Lord as the final battle rages on at Hogwarts.','USA, UK')
,('mov218','Strangers on a Train','1951-06-30','A psychotic socialite confronts a pro tennis star with a theory on how two complete strangers can get away with murder - a theory that he plans to implement.','USA')
,('mov219','Groundhog Day','1993-02-12','A weatherman finds himself living the same day over and over again.','USA')
,('mov220','Infernal Affairs','2002-12-12','A story between a mole in the police department and an undercover cop. Their objectives are the same: to find out who is the mole, and who is the cop.','Hong Kong')
,('mov221','Jaws','1975-06-20','When a gigantic great white shark begins to menace the small island community of Amity, a police chief, a marine scientist and a grizzled fisherman set out to stop it.','USA')
,('mov222','The Martian','2015-10-02','During a manned mission to Mars, Astronaut Mark Watney is presumed dead after a fierce storm and left behind by his crew. But Watney has survived and finds himself stranded and alone on the hostile planet. With only meager supplies, he must draw upon his ingenuity, wit and spirit to subsist and find a way to signal to Earth that he is alive.','USA, UK')
,('mov223','The Battle of Algiers','1967-09-20','In the 1950s, fear and violence escalate as the people of Algiers fight for independence from the French government.','Italy, Algeria')
,('mov224','La Haine','1996-02-23','24 hours in the lives of three young men in the French suburbs the day after a violent riot.','France')
,('mov225','Barry Lyndon','1975-12-18','An Irish rogue wins the heart of a rich widow and assumes her dead husband''s aristocratic position in 18th-century England.','UK, USA, Ireland')
,('mov226','Dog Day Afternoon','1975-09-21','A man robs a bank to pay for his lover''s operation; it turns into a hostage situation and a media circus.','USA')
,('mov227','Prisoners','2013-09-20','When Keller Dover''s daughter and her friend go missing, he takes matters into his own hands as the police pursue multiple leads and the pressure mounts. But just how far will this desperate father go to protect his family?','USA')
,('mov228','Fanny and Alexander','1982-12-17','Two young Swedish children experience the many comedies and tragedies of their family, the Ekdahls.','Sweden, France, West Germany')
,('mov229','Ip Man','2008-12-12','A semi-biographical account of Yip Man, the successful martial arts master who taught the Chinese martial art of Wing Chun to the world.','Hong Kong, China')
,('mov230','The Imitation Game','2014-12-25','During World War II, mathematician Alan Turing tries to crack the enigma code with help from fellow mathematicians.','UK, USA')
,('mov231','The Avengers','2012-05-04','Earth''s mightiest heroes must come together and learn to fight as a team if they are to stop the mischievous Loki and his alien army from enslaving humanity.','USA')
,('mov232','Pirates of the Caribbean: The Curse of the Black Pearl','2003-07-09','Blacksmith Will Turner teams up with eccentric pirate \""Captain\"" Jack Sparrow to save his love, the governor''s daughter, from Jack''s former pirate allies, who are now undead.','USA')
,('mov233','The King''s Speech','2010-12-25','The story of King George VI of the United Kingdom of Great Britain and Northern Ireland, his impromptu ascension to the throne and the speech therapist who helped the unsure monarch become worthy of it.','UK, USA, Australia')
,('mov234','The Help','2011-08-10','An aspiring author during the civil rights movement of the 1960s decides to write a book detailing the African-American maids'' point of view on the white families for which they work, and the hardships they go through on a daily basis.','USA, India, United Arab Emirates')
,('mov235','A Fistful of Dollars','1967-01-18','A wandering gunfighter plays two rival families against each other in a town torn apart by greed, pride, and revenge.','Italy, Spain, West Germany')
,('mov236','Guardians of the Galaxy','2014-08-01','A group of intergalactic criminals are forced to work together to stop a fanatical warrior from taking control of the universe.','USA, UK')
,('mov237','Throne of Blood','1961-11-22','A war-hardened general, egged on by his ambitious wife, works to fulfill a prophecy that he would become lord of Spider''s Web Castle.','Japan')
,('mov238','Castle in the Sky','1986-08-02','A young boy and a girl with a magic crystal must race against pirates and foreign agents in a search for a legendary floating castle.','Japan')
,('mov239','Catch Me If You Can','2002-12-25','The true story of Frank Abagnale Jr. who, before his 19th birthday, successfully conned millions of dollars'' worth of checks as a Pan Am pilot, doctor, and legal prosecutor.','USA, Canada')
,('mov240','Roman Holiday','1953-09-02','A bored and sheltered princess escapes her guardians and falls in love with an American newsman in Rome.','USA')
,('mov241','High Noon','1952-07-30','A marshall, personally compelled to face a returning deadly enemy, finds that his own town refuses to help him.','USA')
,('mov242','La Grande Illusion','1938-09-12','During the first World War, two French soldiers are captured and imprisoned in a German P.O.W. camp. Several escape attempts follow until they are sent to a seemingly impenetrable fortress which seems impossible to escape from.','France')
,('mov243','Beauty and the Beast','1991-11-22','Belle, whose father is imprisoned by the Beast, offers herself instead, unaware her captor to be an enchanted prince.','USA')
,('mov244','Who''s Afraid of Virginia Woolf?','1966-06-22','A bitter, aging couple, with the help of alcohol, use a young couple to fuel anguish and emotional pain towards each other.','USA')
,('mov245','Notorious','1946-09-06','A woman is asked to spy on a group of Nazi friends in South America. How far will she have to go to ingratiate herself with them?','USA')
,('mov246','In the Mood for Love','2001-03-09','Two neighbors, a woman and a man, form a strong bond after both suspect extramarital activities of their spouses. However, they agree to keep their bond platonic so as not to commit similar wrongs.','Hong Kong, China')
,('mov247','Spring, Summer, Fall, Winter... and Spring','2004-05-28','On an isolated lake, an old monk lives on a small floating temple. The wise master has also a young boy with him who learns to become a monk. And we watch as seasons and years pass by.','South Korea, Germany')
,('mov248','Lagaan: Once Upon a Time in India','2002-05-08','The people of a small village in Victorian India stake their future on a game of cricket against their ruthless British rulers.','India')
,('mov249','PK','2014-12-19','A stranger in the city asks questions no one has asked before. Known only by his initials, P.K.''s innocent questions and childlike curiosity will take him on a journey of love, laughter and letting go.','India')
,('mov250','Before Sunset','2004-07-30','Nine years after Jesse and Celine first met, they encounter each other again on the French leg of Jesse''s book tour.','USA')
;

INSERT INTO Actor(actorId, fname, lname) VALUES
('act0001','Tim','Robbins')
,('act0002','Morgan','Freeman')
,('act0003','Bob','Gunton')
,('act0004','William','Sadler')
,('act0005','Marlon','Brando')
,('act0006','Al','Pacino')
,('act0007','James','Caan')
,('act0008','Richard','S. Castellano')
,('act0009','Robert','Duvall')
,('act0010','Diane','Keaton')
,('act0011','Robert','De Niro')
,('act0012','Christian','Bale')
,('act0013','Heath','Ledger')
,('act0014','Aaron','Eckhart')
,('act0015','Michael','Caine')
,('act0016','Liam','Neeson')
,('act0017','Ben','Kingsley')
,('act0018','Ralph','Fiennes')
,('act0019','Caroline','Goodall')
,('act0020','Martin','Balsam')
,('act0021','John','Fiedler')
,('act0022','Lee','J. Cobb')
,('act0023','E.G.','Marshall')
,('act0024','Tim','Roth')
,('act0025','Amanda','Plummer')
,('act0026','Laura','Lovelace')
,('act0027','John','Travolta')
,('act0028','Noel','Appleby')
,('act0029','Ali','Astin')
,('act0030','Sean','Astin')
,('act0031','David','Aston')
,('act0032','Eli','Wallach')
,('act0033','Clint','Eastwood')
,('act0034','Lee','Van Cleef')
,('act0035','Aldo','Giuffrè')
,('act0036','Edward','Norton')
,('act0037','Brad','Pitt')
,('act0038','Meat','Loaf')
,('act0039','Zach','Grenier')
,('act0040','Alan','Howard')
,('act0041','Sala','Baker')
,('act0042','Mark','Hamill')
,('act0043','Harrison','Ford')
,('act0044','Carrie','Fisher')
,('act0045','Billy','Dee Williams')
,('act0046','Tom','Hanks')
,('act0047','Rebecca','Williams')
,('act0048','Sally','Field')
,('act0049','Michael','Conner Humphreys')
,('act0050','Leonardo','DiCaprio')
,('act0051','Joseph','Gordon-Levitt')
,('act0052','Ellen','Page')
,('act0053','Tom','Hardy')
,('act0054','Bruce','Allpress')
,('act0055','John','Bach')
,('act0056','Michael','Berryman')
,('act0057','Peter','Brocco')
,('act0058','Dean','R. Brooks')
,('act0059','Alonzo','Brown')
,('act0060','Ray','Liotta')
,('act0061','Joe','Pesci')
,('act0062','Lorraine','Bracco')
,('act0063','Keanu','Reeves')
,('act0064','Laurence','Fishburne')
,('act0065','Carrie-Anne','Moss')
,('act0066','Hugo','Weaving')
,('act0067','Toshirô','Mifune')
,('act0068','Takashi','Shimura')
,('act0069','Keiko','Tsushima')
,('act0070','Yukiko','Shimazaki')
,('act0071','Peter','Cushing')
,('act0072','Alexandre','Rodrigues')
,('act0073','Leandro','Firmino')
,('act0074','Phellipe','Haagensen')
,('act0075','Douglas','Silva')
,('act0076','Andrew','Kevin Walker')
,('act0077','Daniel','Zacapa')
,('act0078','Jodie','Foster')
,('act0079','Lawrence','A. Bonney')
,('act0080','Kasi','Lemmons')
,('act0081','Lawrence','T. Wrentz')
,('act0082','James','Stewart')
,('act0083','Donna','Reed')
,('act0084','Lionel','Barrymore')
,('act0085','Thomas','Mitchell')
,('act0086','Stephen','Baldwin')
,('act0087','Gabriel','Byrne')
,('act0088','Benicio','Del Toro')
,('act0089','Kevin','Pollak')
,('act0090','Roberto','Benigni')
,('act0091','Nicoletta','Braschi')
,('act0092','Giorgio','Cantarini')
,('act0093','Giustino','Durano')
,('act0094','Jean','Reno')
,('act0095','Gary','Oldman')
,('act0096','Natalie','Portman')
,('act0097','Danny','Aiello')
,('act0098','Claudia','Cardinale')
,('act0099','Henry','Fonda')
,('act0100','Jason','Robards')
,('act0101','Charles','Bronson')
,('act0102','Rumi','Hiiragi')
,('act0103','Miyu','Irino')
,('act0104','Mari','Natsuki')
,('act0105','Takashi','Naitô')
,('act0106','Tom','Sizemore')
,('act0107','Edward','Burns')
,('act0108','Barry','Pepper')
,('act0109','Ellen','Burstyn')
,('act0110','Matthew','McConaughey')
,('act0111','Mackenzie','Foy')
,('act0112','John','Lithgow')
,('act0113','Edward','Furlong')
,('act0114','Beverly','D''Angelo')
,('act0115','Jennifer','Lien')
,('act0116','Humphrey','Bogart')
,('act0117','Ingrid','Bergman')
,('act0118','Paul','Henreid')
,('act0119','Claude','Rains')
,('act0120','Virginia','Cherrill')
,('act0121','Florence','Lee')
,('act0122','Harry','Myers')
,('act0123','Al','Ernest Garcia')
,('act0124','Anthony','Perkins')
,('act0125','Vera','Miles')
,('act0126','John','Gavin')
,('act0127','Janet','Leigh')
,('act0128','Karen','Allen')
,('act0129','Paul','Freeman')
,('act0130','Ronald','Lacey')
,('act0131','Grace','Kelly')
,('act0132','Wendell','Corey')
,('act0133','Thelma','Ritter')
,('act0134','François','Cluzet')
,('act0135','Omar','Sy')
,('act0136','Anne','Le Ny')
,('act0137','Audrey','Fleurot')
,('act0138','Charles','Chaplin')
,('act0139','Paulette','Goddard')
,('act0140','Henry','Bergman')
,('act0141','Tiny','Sandford')
,('act0142','David','Morse')
,('act0143','Michael','Clarke Duncan')
,('act0144','Bonnie','Hunt')
,('act0145','Arnold','Schwarzenegger')
,('act0146','Linda','Hamilton')
,('act0147','Robert','Patrick')
,('act0148','Adrien','Brody')
,('act0149','Emilia','Fox')
,('act0150','Michal','Zebrowski')
,('act0151','Ed','Stoppard')
,('act0152','Matt','Damon')
,('act0153','Jack','Nicholson')
,('act0154','Mark','Wahlberg')
,('act0155','Michael','J. Fox')
,('act0156','Christopher','Lloyd')
,('act0157','Lea','Thompson')
,('act0158','Crispin','Glover')
,('act0159','Miles','Teller')
,('act0160','J.K.','Simmons')
,('act0161','Paul','Reiser')
,('act0162','Melissa','Benoist')
,('act0163','Guy','Pearce')
,('act0164','Joe','Pantoliano')
,('act0165','Mark','Boone Junior')
,('act0166','Russell','Crowe')
,('act0167','Joaquin','Phoenix')
,('act0168','Connie','Nielsen')
,('act0169','Oliver','Reed')
,('act0170','Martin','Sheen')
,('act0171','Frederic','Forrest')
,('act0172','Hugh','Jackman')
,('act0173','Piper','Perabo')
,('act0174','Peter','Sellers')
,('act0175','George','C. Scott')
,('act0176','Sterling','Hayden')
,('act0177','Keenan','Wynn')
,('act0178','Matthew','Broderick')
,('act0179','Jonathan','Taylor Thomas')
,('act0180','James','Earl Jones')
,('act0181','Jim','Cummings')
,('act0182','William','Holden')
,('act0183','Gloria','Swanson')
,('act0184','Erich','von Stroheim')
,('act0185','Nancy','Olson')
,('act0186','Tom','Skerritt')
,('act0187','Sigourney','Weaver')
,('act0188','Veronica','Cartwright')
,('act0189','Harry','Dean Stanton')
,('act0190','Jack','Oakie')
,('act0191','Reginald','Gardiner')
,('act0192','Henry','Daniell')
,('act0193','Martina','Gedeck')
,('act0194','Ulrich','Mühe')
,('act0195','Sebastian','Koch')
,('act0196','Ulrich','Tukur')
,('act0197','Antonella','Attili')
,('act0198','Enzo','Cannavale')
,('act0199','Isa','Danieli')
,('act0200','Leo','Gullotta')
,('act0201','Jamie','Foxx')
,('act0202','Christoph','Waltz')
,('act0203','Kerry','Washington')
,('act0204','Shelley','Duvall')
,('act0205','Danny','Lloyd')
,('act0206','Scatman','Crothers')
,('act0207','Kirk','Douglas')
,('act0208','Ralph','Meeker')
,('act0209','Adolphe','Menjou')
,('act0210','George','Macready')
,('act0211','Tsutomu','Tatsumi')
,('act0212','Ayano','Shiraishi')
,('act0213','Yoshiko','Shinohara')
,('act0214','Akemi','Yamaguchi')
,('act0215','Ben','Burtt')
,('act0216','Elissa','Knight')
,('act0217','Jeff','Garlin')
,('act0218','Fred','Willard')
,('act0219','Kevin','Spacey')
,('act0220','Annette','Bening')
,('act0221','Thora','Birch')
,('act0222','Wes','Bentley')
,('act0223','Carrie','Henn')
,('act0224','Michael','Biehn')
,('act0225','Billy','Crudup')
,('act0226','Billy','Bob Thornton')
,('act0227','Minnie','Driver')
,('act0228','John','DiMaggio')
,('act0229','Min-sik','Choi')
,('act0230','Ji-tae','Yu')
,('act0231','Hye-jeong','Kang')
,('act0232','Dae-han','Ji')
,('act0233','Joseph','Cotten')
,('act0234','Dorothy','Comingore')
,('act0235','Agnes','Moorehead')
,('act0236','Ruth','Warrick')
,('act0237','Cary','Grant')
,('act0238','Eva','Marie Saint')
,('act0239','James','Mason')
,('act0240','Jessie','Royce Landis')
,('act0241','James','Woods')
,('act0242','Elizabeth','McGovern')
,('act0243','Kim','Novak')
,('act0244','Barbara','Bel Geddes')
,('act0245','Tom','Helmore')
,('act0246','Jürgen','Prochnow')
,('act0247','Herbert','Grönemeyer')
,('act0248','Klaus','Wennemann')
,('act0249','Hubertus','Bengsch')
,('act0250','Peter','Lorre')
,('act0251','Ellen','Widmann')
,('act0252','Inge','Landgut')
,('act0253','Otto','Wernicke')
,('act0254','Tyrone','Power')
,('act0255','Marlene','Dietrich')
,('act0256','Charles','Laughton')
,('act0257','Elsa','Lanchester')
,('act0258','Harvey','Keitel')
,('act0259','Michael','Madsen')
,('act0260','Chris','Penn')
,('act0261','Audrey','Tautou')
,('act0262','Mathieu','Kassovitz')
,('act0263','Lorella','Cravotta')
,('act0264','James','Robinson')
,('act0265','Sean','Lawlor')
,('act0266','Sandy','Nelson')
,('act0267','James','Cosmo')
,('act0268','Jared','Leto')
,('act0269','Jennifer','Connelly')
,('act0270','Marlon','Wayans')
,('act0271','Malcolm','McDowell')
,('act0272','Patrick','Magee')
,('act0273','Michael','Bates')
,('act0274','Warren','Clarke')
,('act0275','Diahnne','Abbott')
,('act0276','Frank','Adu')
,('act0277','Victor','Argo')
,('act0278','Gino','Ardito')
,('act0279','Tim','Allen')
,('act0280','Joan','Cusack')
,('act0281','Ned','Beatty')
,('act0282','Fred','MacMurray')
,('act0283','Barbara','Stanwyck')
,('act0284','Edward','G. Robinson')
,('act0285','Porter','Hall')
,('act0286','Gregory','Peck')
,('act0287','John','Megna')
,('act0288','Frank','Overton')
,('act0289','Rosemary','Murphy')
,('act0290','Peter','O''Toole')
,('act0291','Alec','Guinness')
,('act0292','Anthony','Quinn')
,('act0293','Jack','Hawkins')
,('act0294','Jim','Carrey')
,('act0295','Kate','Winslet')
,('act0296','Gerry','Robert Byrne')
,('act0297','Elijah','Wood')
,('act0298','Matthew','Modine')
,('act0299','Adam','Baldwin')
,('act0300','Vincent','D''Onofrio')
,('act0301','R.','Lee Ermey')
,('act0302','F.','Murray Abraham')
,('act0303','Tom','Hulce')
,('act0304','Elizabeth','Berridge')
,('act0305','Roy','Dotrice')
,('act0306','Paul','Newman')
,('act0307','Robert','Redford')
,('act0308','Robert','Shaw')
,('act0309','Charles','Durning')
,('act0310','Keir','Dullea')
,('act0311','Gary','Lockwood')
,('act0312','William','Sylvester')
,('act0313','Daniel','Richter')
,('act0314','Gene','Kelly')
,('act0315','Donald','O''Connor')
,('act0316','Debbie','Reynolds')
,('act0317','Jean','Hagen')
,('act0318','Lamberto','Maggiorani')
,('act0319','Enzo','Staiola')
,('act0320','Lianella','Carell')
,('act0321','Gino','Saltamerenda')
,('act0322','Dennis','Farina')
,('act0323','Vinnie','Jones')
,('act0324','Graham','Chapman')
,('act0325','John','Cleese')
,('act0326','Eric','Idle')
,('act0327','Terry','Gilliam')
,('act0328','Don','Rickles')
,('act0329','Jim','Varney')
,('act0330','Carl','Miller')
,('act0331','Edna','Purviance')
,('act0332','Jackie','Coogan')
,('act0333','Mélanie','Laurent')
,('act0334','Eli','Roth')
,('act0335','James','Cromwell')
,('act0336','Gian','Maria Volontè')
,('act0337','Mario','Brega')
,('act0338','Machiko','Kyô')
,('act0339','Masayuki','Mori')
,('act0340','Jack','Lemmon')
,('act0341','Shirley','MacLaine')
,('act0342','Ray','Walston')
,('act0343','Sean','Connery')
,('act0344','Denholm','Elliott')
,('act0345','Alison','Doody')
,('act0346','Steven','Bauer')
,('act0347','Michelle','Pfeiffer')
,('act0348','Mary','Elizabeth Mastrantonio')
,('act0349','Peyman','Moaadi')
,('act0350','Leila','Hatami')
,('act0351','Sareh','Bayat')
,('act0352','Shahab','Hosseini')
,('act0353','Bette','Davis')
,('act0354','Anne','Baxter')
,('act0355','George','Sanders')
,('act0356','Celeste','Holm')
,('act0357','Alfred','Abel')
,('act0358','Gustav','Fröhlich')
,('act0359','Rudolf','Klein-Rogge')
,('act0360','Fritz','Rasp')
,('act0361','Tatsuya','Nakadai')
,('act0362','Yôko','Tsukasa')
,('act0363','Isuzu','Yamada')
,('act0364','Walter','Huston')
,('act0365','Tim','Holt')
,('act0366','Bruce','Bennett')
,('act0367','Katie','Holmes')
,('act0368','Marilyn','Monroe')
,('act0369','Tony','Curtis')
,('act0370','George','Raft')
,('act0371','Mads','Mikkelsen')
,('act0372','Thomas','Bo Larsen')
,('act0373','Annika','Wedderkopp')
,('act0374','Lasse','Fogelstrøm')
,('act0375','Aamir','Khan')
,('act0376','Sharman','Joshi')
,('act0377','Kareena','Kapoor')
,('act0378','Gene','Hackman')
,('act0379','Richard','Harris')
,('act0380','Alida','Valli')
,('act0381','Orson','Welles')
,('act0382','Trevor','Howard')
,('act0383','Edward','Asner')
,('act0384','Christopher','Plummer')
,('act0385','Jordan','Nagai')
,('act0386','Bob','Peterson')
,('act0387','Robin','Williams')
,('act0388','Ben','Affleck')
,('act0389','Stellan','Skarsgård')
,('act0390','Amy','Poehler')
,('act0391','Phyllis','Smith')
,('act0392','Richard','Kind')
,('act0393','Bill','Hader')
,('act0394','Adam','Driver')
,('act0395','Cathy','Moriarty')
,('act0396','Frank','Vincent')
,('act0397','Bruno','Ganz')
,('act0398','Alexandra','Maria Lara')
,('act0399','Corinna','Harfouch')
,('act0400','Ulrich','Matthes')
,('act0401','Bruce','Willis')
,('act0402','Bonnie','Bedelia')
,('act0403','Reginald','VelJohnson')
,('act0404','Paul','Gleason')
,('act0405','Brie','Larson')
,('act0406','Jacob','Tremblay')
,('act0407','Sean','Bridgers')
,('act0408','Wendy','Crewson')
,('act0409','Faye','Dunaway')
,('act0410','John','Huston')
,('act0411','Perry','Lopez')
,('act0412','Steve','McQueen')
,('act0413','James','Garner')
,('act0414','Richard','Attenborough')
,('act0415','James','Donald')
,('act0416','Ryan','Reynolds')
,('act0417','Karan','Soni')
,('act0418','Ed','Skrein')
,('act0419','Michael','Benyaer')
,('act0420','Val','Kilmer')
,('act0421','Jon','Voight')
,('act0422','Irene','Papas')
,('act0423','Michael','Ansara')
,('act0424','Johnny','Sekka')
,('act0425','Karl','Malden')
,('act0426','Rod','Steiger')
,('act0427','Ivana','Baquero')
,('act0428','Sergi','López')
,('act0429','Maribel','Verdú')
,('act0430','Doug','Jones')
,('act0431','Chika','Sakamoto')
,('act0432','Hitoshi','Takagi')
,('act0433','Noriko','Hidaka')
,('act0434','Shigesato','Itoi')
,('act0435','Shin''ichi','Himori')
,('act0436','Haruo','Tanaka')
,('act0437','Minoru','Chiaki')
,('act0438','Jean','Arthur')
,('act0439','Edward','Arnold')
,('act0440','George','O''Brien')
,('act0441','Janet','Gaynor')
,('act0442','Margaret','Livingston')
,('act0443','Bodil','Rosing')
,('act0444','Sessue','Hayakawa')
,('act0445','Akira','Terao')
,('act0446','Jinpachi','Nezu')
,('act0447','Daisuke','Ryû')
,('act0448','Mack','Swain')
,('act0449','Tom','Murray')
,('act0450','Ginnifer','Goodwin')
,('act0451','Jason','Bateman')
,('act0452','Idris','Elba')
,('act0453','Jenny','Slate')
,('act0454','Gunnar','Björnstrand')
,('act0455','Bengt','Ekerot')
,('act0456','Nils','Poppe')
,('act0457','Max','von Sydow')
,('act0458','Soledad','Villamil')
,('act0459','Ricardo','Darín')
,('act0460','Carla','Quevedo')
,('act0461','Pablo','Rago')
,('act0462','Rutger','Hauer')
,('act0463','Sean','Young')
,('act0464','Edward','James Olmos')
,('act0465','Jason','Flemyng')
,('act0466','Dexter','Fletcher')
,('act0467','Nick','Moran')
,('act0468','Jason','Statham')
,('act0469','Victor','Sjöström')
,('act0470','Bibi','Andersson')
,('act0471','Ingrid','Thulin')
,('act0472','Buster','Keaton')
,('act0473','Marion','Mack')
,('act0474','Glen','Cavender')
,('act0475','Jim','Farley')
,('act0476','Chieko','Baishô')
,('act0477','Takuya','Kimura')
,('act0478','Akihiro','Miwa')
,('act0479','Tatsuya','Gashûin')
,('act0480','Sharon','Stone')
,('act0481','Anthony','Hopkins')
,('act0482','John','Hurt')
,('act0483','Anne','Bancroft')
,('act0484','John','Gielgud')
,('act0485','Joel','Edgerton')
,('act0486','Nick','Nolte')
,('act0487','Jennifer','Morrison')
,('act0488','Jonah','Hill')
,('act0489','Margot','Robbie')
,('act0490','Stephen','Rea')
,('act0491','Stephen','Fry')
,('act0492','Spencer','Tracy')
,('act0493','Burt','Lancaster')
,('act0494','Richard','Widmark')
,('act0495','Ed','Harris')
,('act0496','Christopher','Carley')
,('act0497','Bee','Vang')
,('act0498','Ahney','Her')
,('act0499','Jeff','Bridges')
,('act0500','John','Goodman')
,('act0501','Julianne','Moore')
,('act0502','Steve','Buscemi')
,('act0503','Mustafa','Kamel')
,('act0504','Hussein','Sami')
,('act0505','Rémy','Girard')
,('act0506','Mélissa','Désormeaux-Poulin')
,('act0507','John','Cazale')
,('act0508','John','Savage')
,('act0509','Christopher','Walken')
,('act0510','Laurence','Olivier')
,('act0511','Joan','Fontaine')
,('act0512','Judith','Anderson')
,('act0513','Barbara','O''Neil')
,('act0514','Vivien','Leigh')
,('act0515','Evelyn','Keyes')
,('act0516','William','H. Macy')
,('act0517','Peter','Stormare')
,('act0518','Kristin','Rudrüd')
,('act0519','Ewan','McGregor')
,('act0520','Ewen','Bremner')
,('act0521','Jonny','Lee Miller')
,('act0522','Kevin','McKidd')
,('act0523','George','Kennedy')
,('act0524','J.D.','Cannon')
,('act0525','Lou','Antonio')
,('act0526','Jay','Baruchel')
,('act0527','Gerard','Butler')
,('act0528','Craig','Ferguson')
,('act0529','America','Ferrera')
,('act0530','Ray','Milland')
,('act0531','Robert','Cummings')
,('act0532','John','Williams')
,('act0533','Haley','Joel Osment')
,('act0534','Toni','Collette')
,('act0535','Olivia','Williams')
,('act0536','Albert','Brooks')
,('act0537','Ellen','DeGeneres')
,('act0538','Alexander','Gould')
,('act0539','Willem','Dafoe')
,('act0540','Emile','Hirsch')
,('act0541','Marcia','Gay Harden')
,('act0542','William','Hurt')
,('act0543','Jena','Malone')
,('act0544','Kurt','Russell')
,('act0545','Wilford','Brimley')
,('act0546','T.K.','Carter')
,('act0547','David','Clennon')
,('act0548','Tommy','Lee Jones')
,('act0549','Javier','Bardem')
,('act0550','Josh','Brolin')
,('act0551','Woody','Harrelson')
,('act0552','Clark','Gable')
,('act0553','Claudette','Colbert')
,('act0554','Walter','Connolly')
,('act0555','Roscoe','Karns')
,('act0556','Philip','Seymour Hoffman')
,('act0557','Barry','Humphries')
,('act0558','Eric','Bana')
,('act0559','Rosamund','Pike')
,('act0560','Neil','Patrick Harris')
,('act0561','Tyler','Perry')
,('act0562','Uma','Thurman')
,('act0563','Lucy','Liu')
,('act0564','Vivica','A. Fox')
,('act0565','Daryl','Hannah')
,('act0566','Chris','Hemsworth')
,('act0567','Daniel','Brühl')
,('act0568','Olivia','Wilde')
,('act0569','Xolani','Mali')
,('act0570','Don','Cheadle')
,('act0571','Desmond','Dube')
,('act0572','Hakeem','Kae-Kazim')
,('act0573','Mary','Astor')
,('act0574','Gladys','George')
,('act0575','Charlize','Theron')
,('act0576','Nicholas','Hoult')
,('act0577','Hugh','Keays-Byrne')
,('act0578','Daniel','Day-Lewis')
,('act0579','Martin','Stringer')
,('act0580','Matthew','Braden Stringer')
,('act0581','Jacob','Stringer')
,('act0582','Tom','Berenger')
,('act0583','Keith','David')
,('act0584','Forest','Whitaker')
,('act0585','Domhnall','Gleeson')
,('act0586','Will','Poulter')
,('act0587','Mark','Ruffalo')
,('act0588','Michael','Keaton')
,('act0589','Rachel','McAdams')
,('act0590','Liev','Schreiber')
,('act0591','Yves','Montand')
,('act0592','Charles','Vanel')
,('act0593','Folco','Lulli')
,('act0594','Peter','van Eyck')
,('act0595','Peter','Finch')
,('act0596','Katharine','Ross')
,('act0597','Strother','Martin')
,('act0598','Jean-Pierre','Léaud')
,('act0599','Claire','Maurier')
,('act0600','Albert','Rémy')
,('act0601','Guy','Decomble')
,('act0602','Wil','Wheaton')
,('act0603','River','Phoenix')
,('act0604','Corey','Feldman')
,('act0605','Jerry','O''Connell')
,('act0606','Alison','Crosbie')
,('act0607','Philip','King')
,('act0608','Emma','Thompson')
,('act0609','Liv','Ullmann')
,('act0610','Margaretha','Krook')
,('act0611','Chiwetel','Ejiofor')
,('act0612','Dwight','Henry')
,('act0613','Dickie','Gravois')
,('act0614','Bryan','Batt')
,('act0615','Mathieu','Amalric')
,('act0616','Emilio','Echevarría')
,('act0617','Gael','García Bernal')
,('act0618','Goya','Toledo')
,('act0619','Álvaro','Guerrero')
,('act0620','Cary','Elwes')
,('act0621','Mandy','Patinkin')
,('act0622','Chris','Sarandon')
,('act0623','Christopher','Guest')
,('act0624','Hilary','Swank')
,('act0625','Charlton','Heston')
,('act0626','Joseph','Calleia')
,('act0627','Haya','Harareet')
,('act0628','Stephen','Boyd')
,('act0629','Woody','Allen')
,('act0630','Tony','Roberts')
,('act0631','Carol','Kane')
,('act0632','Darío','Grandinetti')
,('act0633','María','Marull')
,('act0634','Mónica','Villa')
,('act0635','Rita','Cortese')
,('act0636','Jane','Darwell')
,('act0637','John','Carradine')
,('act0638','Charley','Grapewin')
,('act0639','Richard','Gere')
,('act0640','Joan','Allen')
,('act0641','Cary-Hiroyuki','Tagawa')
,('act0642','Sarah','Roemer')
,('act0643','Sumi','Shimamoto')
,('act0644','Mahito','Tsujimura')
,('act0645','Hisako','Kyôda')
,('act0646','Gorô','Naya')
,('act0647','Alisa','Freyndlikh')
,('act0648','Aleksandr','Kaydanovskiy')
,('act0649','Anatoliy','Solonitsyn')
,('act0650','Nikolay','Grinko')
,('act0651','Sam','Neill')
,('act0652','Laura','Dern')
,('act0653','Jeff','Goldblum')
,('act0654','Simone','Signoret')
,('act0655','Véra','Clouzot')
,('act0656','Paul','Meurisse')
,('act0657','Candice','Bergen')
,('act0658','Edward','Fox')
,('act0659','Julia','Stiles')
,('act0660','David','Strathairn')
,('act0661','Scott','Glenn')
,('act0662','Marcello','Mastroianni')
,('act0663','Anouk','Aimée')
,('act0664','Sandra','Milo')
,('act0665','Jake','Gyllenhaal')
,('act0666','Holmes','Osborne')
,('act0667','Maggie','Gyllenhaal')
,('act0668','Daveigh','Chase')
,('act0669','Ethan','Hawke')
,('act0670','Julie','Delpy')
,('act0671','Andrea','Eckert')
,('act0672','Hanno','Pöschl')
,('act0673','Judy','Garland')
,('act0674','Frank','Morgan')
,('act0675','Ray','Bolger')
,('act0676','Bert','Lahr')
,('act0677','Kang-ho','Song')
,('act0678','Sang-kyung','Kim')
,('act0679','Roe-ha','Kim')
,('act0680','Jae-ho','Song')
,('act0681','Sylvester','Stallone')
,('act0682','Talia','Shire')
,('act0683','Burt','Young')
,('act0684','Carl','Weathers')
,('act0685','Laura','Linney')
,('act0686','Noah','Emmerich')
,('act0687','Natascha','McElhone')
,('act0688','Myrna','Loy')
,('act0689','Fredric','March')
,('act0690','Dana','Andrews')
,('act0691','Teresa','Wright')
,('act0692','Paul','Winfield')
,('act0693','Jessica','Alba')
,('act0694','Devon','Aoki')
,('act0695','Alexis','Bledel')
,('act0696','Powers','Boothe')
,('act0697','Joseph','Melito')
,('act0698','Jon','Seda')
,('act0699','Michael','Chance')
,('act0700','Billy','Crystal')
,('act0701','Mary','Gibbs')
,('act0702','Michael','Gambon')
,('act0703','Alan','Rickman')
,('act0704','Daniel','Radcliffe')
,('act0705','Farley','Granger')
,('act0706','Ruth','Roman')
,('act0707','Robert','Walker')
,('act0708','Leo','G. Carroll')
,('act0709','Bill','Murray')
,('act0710','Andie','MacDowell')
,('act0711','Chris','Elliott')
,('act0712','Stephen','Tobolowsky')
,('act0713','Andy','Lau')
,('act0714','Tony','Chiu Wai Leung')
,('act0715','Anthony','Chau-Sang Wong')
,('act0716','Eric','Tsang')
,('act0717','Roy','Scheider')
,('act0718','Richard','Dreyfuss')
,('act0719','Lorraine','Gary')
,('act0720','Jessica','Chastain')
,('act0721','Kristen','Wiig')
,('act0722','Jeff','Daniels')
,('act0723','Jean','Martin')
,('act0724','Yacef','Saadi')
,('act0725','Brahim','Hadjadj')
,('act0726','Samia','Kerbash')
,('act0727','Vincent','Cassel')
,('act0728','Hubert','Koundé')
,('act0729','Saïd','Taghmaoui')
,('act0730','Abdel','Ahmed Ghili')
,('act0731','Ryan','O''Neal')
,('act0732','Marisa','Berenson')
,('act0733','Hardy','Krüger')
,('act0734','Penelope','Allen')
,('act0735','Sully','Boyar')
,('act0736','Beulah','Garrick')
,('act0737','Viola','Davis')
,('act0738','Maria','Bello')
,('act0739','Kristina','Adolphson')
,('act0740','Börje','Ahlstedt')
,('act0741','Pernilla','Allwin')
,('act0742','Kristian','Almgren')
,('act0743','Donnie','Yen')
,('act0744','Simon','Yam')
,('act0745','Ka','Tung Lam')
,('act0746','Siu-Wong','Fan')
,('act0747','Benedict','Cumberbatch')
,('act0748','Keira','Knightley')
,('act0749','Matthew','Goode')
,('act0750','Rory','Kinnear')
,('act0751','Robert','Downey Jr.')
,('act0752','Chris','Evans')
,('act0753','Johnny','Depp')
,('act0754','Geoffrey','Rush')
,('act0755','Orlando','Bloom')
,('act0756','Colin','Firth')
,('act0757','Helena','Bonham Carter')
,('act0758','Derek','Jacobi')
,('act0759','Robert','Portal')
,('act0760','Emma','Stone')
,('act0761','Bryce','Dallas Howard')
,('act0762','Octavia','Spencer')
,('act0763','Marianne','Koch')
,('act0764','Wolfgang','Lukschy')
,('act0765','Chris','Pratt')
,('act0766','Zoe','Saldana')
,('act0767','Dave','Bautista')
,('act0768','Vin','Diesel')
,('act0769','Akira','Kubo')
,('act0770','Anna','Paquin')
,('act0771','James','Van Der Beek')
,('act0772','Cloris','Leachman')
,('act0773','Audrey','Hepburn')
,('act0774','Eddie','Albert')
,('act0775','Hartley','Power')
,('act0776','Gary','Cooper')
,('act0777','Lloyd','Bridges')
,('act0778','Katy','Jurado')
,('act0779','Jean','Gabin')
,('act0780','Dita','Parlo')
,('act0781','Pierre','Fresnay')
,('act0782','Robby','Benson')
,('act0783','Jesse','Corti')
,('act0784','Rex','Everhart')
,('act0785','Angela','Lansbury')
,('act0786','Elizabeth','Taylor')
,('act0787','Richard','Burton')
,('act0788','George','Segal')
,('act0789','Sandy','Dennis')
,('act0790','Louis','Calhern')
,('act0791','Maggie','Cheung')
,('act0792','Ping','Lam Siu')
,('act0793','Tung','Cho ''Joe'' Cheung')
,('act0794','Yeong-su','Oh')
,('act0795','Ki-duk','Kim')
,('act0796','Young-min','Kim')
,('act0797','Jae-kyeong','Seo')
,('act0798','Gracy','Singh')
,('act0799','Rachel','Shelley')
,('act0800','Paul','Blackthorne')
,('act0801','Anushka','Sharma')
,('act0802','Sanjay','Dutt')
,('act0803','Boman','Irani')
,('act0804','Vernon','Dobtcheff')
,('act0805','Louise','Lemoine Torrès')
;

INSERT INTO Role(roleId, actorId, fname, lname) VALUES
('rol0000','act0001','Andy','Dufresne')
,('rol0001','act0002','Ellis','Boyd ''Red'' Redding')
,('rol0002','act0003','Warden','Norton')
,('rol0003','act0004','Heywood','')
,('rol0004','act0005','Don','Vito Corleone')
,('rol0005','act0006','Michael','Corleone')
,('rol0006','act0007','Sonny','Corleone')
,('rol0007','act0008','Clemenza','')
,('rol0008','act0009','Tom','Hagen')
,('rol0009','act0176','Capt.','McCluskey')
,('rol0010','act0010','Kay','Adams')
,('rol0011','act0682','Connie','')
,('rol0012','act0507','Fredo','')
,('rol0013','act0006','Michael','')
,('rol0014','act0009','Tom','Hagen')
,('rol0015','act0010','Kay','')
,('rol0016','act0011','Vito','Corleone')
,('rol0017','act0507','Fredo','Corleone')
,('rol0018','act0682','Connie','Corleone')
,('rol0019','act0012','Bruce','Wayne')
,('rol0020','act0013','Joker','')
,('rol0021','act0014','Harvey','Dent')
,('rol0022','act0015','Alfred','')
,('rol0023','act0667','Rachel','')
,('rol0024','act0095','','')
,('rol0025','act0002','Lucius','Fox')
,('rol0026','act0016','Oskar','Schindler')
,('rol0027','act0017','Itzhak','Stern')
,('rol0028','act0018','Amon','Goeth')
,('rol0029','act0019','Emilie','Schindler')
,('rol0030','act0020','Juror','1')
,('rol0031','act0021','Juror','2')
,('rol0032','act0022','Juror','3')
,('rol0033','act0023','Juror','4')
,('rol0034','act0099','Juror','8')
,('rol0035','act0024','Pumpkin','')
,('rol0036','act0025','Honey','Bunny')
,('rol0037','act0026','Waitress','')
,('rol0038','act0027','Vincent','Vega')
,('rol0039','act0401','Butch','Coolidge')
,('rol0040','act0562','Mia','Wallace')
,('rol0041','act0028','Everard','Proudfoot')
,('rol0042','act0029','Elanor','Gamgee')
,('rol0043','act0030','Sam','')
,('rol0044','act0031','Gondorian','Soldier 3')
,('rol0045','act0055','Madril','')
,('rol0046','act0755','Legolas','')
,('rol0047','act0032','Tuco','')
,('rol0048','act0033','Blondie','')
,('rol0049','act0034','Sentenza','')
,('rol0050','act0035','Alcoholic','Union Captain')
,('rol0051','act0036','','')
,('rol0052','act0037','Tyler','Durden')
,('rol0053','act0038','Robert','''Bob'' Paulsen')
,('rol0054','act0039','Richard','Chesler')
,('rol0055','act0757','Marla','Singer')
,('rol0056','act0040','Voice','of the Ring')
,('rol0057','act0028','Everard','Proudfoot')
,('rol0058','act0030','Sam','')
,('rol0059','act0041','Sauron','')
,('rol0060','act0755','Legolas','')
,('rol0061','act0042','Luke','Skywalker')
,('rol0062','act0043','Han','Solo')
,('rol0063','act0044','Princess','Leia')
,('rol0064','act0045','Lando','Calrissian')
,('rol0065','act0291','Ben','(Obi-Wan) Kenobi')
,('rol0066','act0046','Forrest','Gump')
,('rol0067','act0047','Nurse','at Park Bench')
,('rol0068','act0048','Mrs.','Gump')
,('rol0069','act0049','Young','Forrest')
,('rol0070','act0050','Cobb','')
,('rol0071','act0051','Arthur','')
,('rol0072','act0052','Ariadne','')
,('rol0073','act0053','Eames','')
,('rol0074','act0582','Browning','')
,('rol0075','act0015','Miles','')
,('rol0076','act0054','','')
,('rol0077','act0030','Sam','')
,('rol0078','act0055','Madril','')
,('rol0079','act0041','Man','Flesh Uruk')
,('rol0080','act0755','Legolas','')
,('rol0081','act0056','Ellis','')
,('rol0082','act0057','Col.','Matterson')
,('rol0083','act0058','Dr.','Spivey')
,('rol0084','act0059','Miller','')
,('rol0085','act0206','Turkle','')
,('rol0086','act0011','James','Conway')
,('rol0087','act0060','Henry','Hill')
,('rol0088','act0061','Tommy','DeVito')
,('rol0089','act0062','Karen','Hill')
,('rol0090','act0396','Billy','Batts')
,('rol0091','act0063','Neo','')
,('rol0092','act0064','Morpheus','')
,('rol0093','act0065','Trinity','')
,('rol0094','act0066','Agent','Smith')
,('rol0095','act0164','Cypher','')
,('rol0096','act0139','Agent','Brown')
,('rol0097','act0031','Rhineheart','')
,('rol0098','act0067','Kikuchiyo','')
,('rol0099','act0068','Kambei','Shimada')
,('rol0100','act0069','Shino','')
,('rol0101','act0070','','')
,('rol0102','act0437','Heihachi','')
,('rol0103','act0042','Luke','Skywalker')
,('rol0104','act0043','Han','Solo')
,('rol0105','act0044','Princess','Leia Organa')
,('rol0106','act0071','Grand','Moff Tarkin')
,('rol0107','act0291','Ben','Obi-Wan Kenobi')
,('rol0108','act0072','Buscapé','- Rocket')
,('rol0109','act0073','Zé','Pequeno - Li''l Zé')
,('rol0110','act0074','Bené','- Benny')
,('rol0111','act0075','Dadinho','- Li''l Dice')
,('rol0112','act0002','Somerset','')
,('rol0113','act0076','Dead','Man at 1st Crime Scene')
,('rol0114','act0077','Detective','Taylor')
,('rol0115','act0037','Mills','')
,('rol0116','act0301','Police','Captain')
,('rol0117','act0078','Clarice','Starling')
,('rol0118','act0079','FBI','Instructor')
,('rol0119','act0080','Ardelia','Mapp')
,('rol0120','act0081','Agent','Burroughs')
,('rol0121','act0661','Jack','Crawford')
,('rol0122','act0481','Dr.','Hannibal Lecter')
,('rol0123','act0082','George','Bailey')
,('rol0124','act0083','Mary','Hatch')
,('rol0125','act0084','Mr.','Potter')
,('rol0126','act0085','Uncle','Billy')
,('rol0127','act0086','McManus','')
,('rol0128','act0087','Keaton','')
,('rol0129','act0088','Fenster','')
,('rol0130','act0089','Hockney','')
,('rol0131','act0219','Verbal','')
,('rol0132','act0090','Guido','')
,('rol0133','act0091','Dora','')
,('rol0134','act0092','Joshua','')
,('rol0135','act0093','Uncle','Eliseo')
,('rol0136','act0094','Léon','')
,('rol0137','act0095','Stansfield','')
,('rol0138','act0096','Mathilda','')
,('rol0139','act0097','Tony','')
,('rol0140','act0098','Jill','McBain')
,('rol0141','act0099','Frank','')
,('rol0142','act0100','Cheyenne','')
,('rol0143','act0101','Harmonica','')
,('rol0144','act0177','','')
,('rol0145','act0102','Chihiro','Ogino')
,('rol0146','act0103','Haku','')
,('rol0147','act0104','Yubaba','')
,('rol0148','act0105','Akio','Ogino')
,('rol0149','act0479','Aogaeru','')
,('rol0150','act0046','Captain','Miller')
,('rol0151','act0106','Sergeant','Horvath')
,('rol0152','act0107','Private','Reiben')
,('rol0153','act0108','Private','Jackson')
,('rol0154','act0768','Private','Caparzo')
,('rol0155','act0152','Private','Ryan')
,('rol0156','act0322','Lieutenant','Colonel Anderson')
,('rol0157','act0109','Murph','(older)')
,('rol0158','act0110','Cooper','')
,('rol0159','act0111','Murph','(10 Yrs.)')
,('rol0160','act0112','Donald','')
,('rol0161','act0222','Doyle','')
,('rol0162','act0015','Professor','Brand')
,('rol0163','act0036','Derek','Vinyard')
,('rol0164','act0113','Danny','Vinyard')
,('rol0165','act0114','Doris','Vinyard')
,('rol0166','act0115','Davina','Vinyard')
,('rol0167','act0116','Rick','Blaine')
,('rol0168','act0117','Ilsa','Lund')
,('rol0169','act0118','Victor','Laszlo')
,('rol0170','act0119','Captain','Louis Renault')
,('rol0171','act0250','Ugarte','')
,('rol0172','act0120','A','Blind Girl')
,('rol0173','act0121','The','Blind Girl''s Grandmother')
,('rol0174','act0122','An','Eccentric Millionaire')
,('rol0175','act0123','','')
,('rol0176','act0138','A','Tramp')
,('rol0177','act0124','Norman','Bates')
,('rol0178','act0125','Lila','Crane')
,('rol0179','act0126','Sam','Loomis')
,('rol0180','act0127','Marion','Crane')
,('rol0181','act0020','Det.','Milton Arbogast')
,('rol0182','act0043','Indy','')
,('rol0183','act0128','Marion','Ravenwood')
,('rol0184','act0129','Dr.','René Belloq')
,('rol0185','act0130','Major','Arnold Toht')
,('rol0186','act0344','Dr.','Marcus Brody')
,('rol0187','act0082','L.B.','''Jeff'' Jefferies')
,('rol0188','act0131','Lisa','Carol Fremont')
,('rol0189','act0132','Det.','Lt. Thomas J. Doyle')
,('rol0190','act0133','Stella','')
,('rol0191','act0134','Philippe','')
,('rol0192','act0135','Driss','')
,('rol0193','act0136','','')
,('rol0194','act0137','Magalie','')
,('rol0195','act0138','A','Factory Worker')
,('rol0196','act0139','A','Gamin')
,('rol0197','act0140','Cafe','Proprietor')
,('rol0198','act0141','','')
,('rol0199','act0123','President','of the Electro Steel Corp.')
,('rol0200','act0046','Paul','Edgecomb')
,('rol0201','act0142','Brutus','''Brutal'' Howell')
,('rol0202','act0143','John','Coffey')
,('rol0203','act0144','Jan','Edgecomb')
,('rol0204','act0335','Warden','Hal Moores')
,('rol0205','act0108','Dean','Stanton')
,('rol0206','act0189','Toot-Toot','')
,('rol0207','act0145','The','Terminator')
,('rol0208','act0146','Sarah','Connor')
,('rol0209','act0113','John','Connor')
,('rol0210','act0147','T-1000','')
,('rol0211','act0148','Wladyslaw','Szpilman')
,('rol0212','act0149','Dorota','')
,('rol0213','act0150','Jurek','')
,('rol0214','act0151','Henryk','')
,('rol0215','act0050','Billy','')
,('rol0216','act0152','Colin','Sullivan')
,('rol0217','act0153','Frank','Costello')
,('rol0218','act0154','Dignam','')
,('rol0219','act0170','Queenan','')
,('rol0220','act0155','Marty','McFly')
,('rol0221','act0156','Dr.','Emmett Brown')
,('rol0222','act0157','Lorraine','Baines')
,('rol0223','act0158','George','McFly')
,('rol0224','act0159','Andrew','')
,('rol0225','act0160','Fletcher','')
,('rol0226','act0161','Jim','Neimann')
,('rol0227','act0162','Nicole','')
,('rol0228','act0163','Leonard','')
,('rol0229','act0065','Natalie','')
,('rol0230','act0164','Teddy','')
,('rol0231','act0165','Burt','')
,('rol0232','act0712','Sammy','Jankis')
,('rol0233','act0166','Maximus','')
,('rol0234','act0167','Commodus','')
,('rol0235','act0168','Lucilla','')
,('rol0236','act0169','Proximo','')
,('rol0237','act0379','Marcus','Aurelius')
,('rol0238','act0758','Gracchus','')
,('rol0239','act0005','Colonel','Walter E. Kurtz')
,('rol0240','act0170','Captain','Benjamin L. Willard')
,('rol0241','act0009','Lieutenant','Colonel Bill Kilgore')
,('rol0242','act0171','Jay','''Chef'' Hicks')
,('rol0243','act0064','Tyrone','''Clean'' Miller')
,('rol0244','act0043','Colonel','Lucas')
,('rol0245','act0661','Lieutenant','Richard M. Colby')
,('rol0246','act0172','Robert','Angier')
,('rol0247','act0012','Alfred','Borden')
,('rol0248','act0015','Cutter','')
,('rol0249','act0173','Julia','McCullough')
,('rol0250','act0174','Group','Capt. Lionel Mandrake')
,('rol0251','act0175','Gen.','''Buck'' Turgidson')
,('rol0252','act0176','Brig.','Gen. Jack D. Ripper')
,('rol0253','act0177','Col.','''Bat'' Guano')
,('rol0254','act0180','Lt.','Lothar Zogg')
,('rol0255','act0178','Adult','Simba')
,('rol0256','act0179','Young','Simba')
,('rol0257','act0180','Mufasa','')
,('rol0258','act0181','Ed','')
,('rol0259','act0182','Joe','Gillis')
,('rol0260','act0183','Norma','Desmond')
,('rol0261','act0184','Max','Von Mayerling')
,('rol0262','act0185','Betty','Schaefer')
,('rol0263','act0472','Buster','Keaton')
,('rol0264','act0186','Dallas','')
,('rol0265','act0187','Ripley','')
,('rol0266','act0188','Lambert','')
,('rol0267','act0189','Brett','')
,('rol0268','act0482','Kane','')
,('rol0269','act0138','Hynkel','- Dictator of Tomania')
,('rol0270','act0190','','')
,('rol0271','act0191','Schultz','')
,('rol0272','act0192','Garbitsch','')
,('rol0273','act0139','','')
,('rol0274','act0193','Christa-Maria','Sieland')
,('rol0275','act0194','Hauptmann','Gerd Wiesler')
,('rol0276','act0195','Georg','Dreyman')
,('rol0277','act0196','Oberstleutnant','Anton Grubitz')
,('rol0278','act0197','Maria','Di Vita - Younger')
,('rol0279','act0198','Spaccafico','')
,('rol0280','act0199','','')
,('rol0281','act0200','','')
,('rol0282','act0201','Django','')
,('rol0283','act0202','Dr.','King Schultz')
,('rol0284','act0050','Calvin','Candie')
,('rol0285','act0203','Broomhilda','von Shaft')
,('rol0286','act0153','Jack','Torrance')
,('rol0287','act0204','Wendy','Torrance')
,('rol0288','act0205','Danny','Torrance')
,('rol0289','act0206','Dick','Hallorann')
,('rol0290','act0207','Col.','Dax')
,('rol0291','act0208','Cpl.','Philippe Paris')
,('rol0292','act0209','Gen.','George Broulard')
,('rol0293','act0210','Gen.','Paul Mireau')
,('rol0294','act0211','Seita','')
,('rol0295','act0212','Setsuko','')
,('rol0296','act0213','','')
,('rol0297','act0214','','')
,('rol0298','act0215','WALL·E','')
,('rol0299','act0216','EVE','')
,('rol0300','act0217','Captain','')
,('rol0301','act0218','Shelby','Forthright')
,('rol0302','act0187','Ship''s','Computer')
,('rol0303','act0012','Bruce','Wayne')
,('rol0304','act0095','Commissioner','Gordon')
,('rol0305','act0053','Bane','')
,('rol0306','act0051','Blake','')
,('rol0307','act0002','Fox','')
,('rol0308','act0015','Alfred','')
,('rol0309','act0298','Foley','')
,('rol0310','act0219','Lester','Burnham')
,('rol0311','act0220','Carolyn','Burnham')
,('rol0312','act0221','Jane','Burnham')
,('rol0313','act0222','Ricky','Fitts')
,('rol0314','act0187','Ripley','')
,('rol0315','act0223','Newt','')
,('rol0316','act0224','Corporal','Hicks')
,('rol0317','act0161','Burke','')
,('rol0318','act0225','Ashitaka','')
,('rol0319','act0226','Jigo','')
,('rol0320','act0227','Lady','Eboshi')
,('rol0321','act0228','Gonza','')
,('rol0322','act0583','Okkoto','')
,('rol0323','act0229','Dae-su','Oh')
,('rol0324','act0230','Woo-jin','Lee')
,('rol0325','act0231','Mi-do','')
,('rol0326','act0232','No','Joo-hwan')
,('rol0327','act0233','Jedediah','Leland')
,('rol0328','act0234','Susan','Alexander Kane')
,('rol0329','act0235','Mary','Kane')
,('rol0330','act0236','Emily','Monroe Norton Kane')
,('rol0331','act0237','Roger','O. Thornhill')
,('rol0332','act0238','Eve','Kendall')
,('rol0333','act0239','Phillip','Vandamm')
,('rol0334','act0240','Clara','Thornhill')
,('rol0335','act0708','The','Professor')
,('rol0336','act0011','David','''Noodles'' Aaronson')
,('rol0337','act0241','Maximilian','''Max'' Bercovicz')
,('rol0338','act0242','Deborah','Gelly')
,('rol0339','act0061','Frankie','Manoldi')
,('rol0340','act0683','Joe','')
,('rol0341','act0097','Police','Chief Vincent Aiello')
,('rol0342','act0082','John','''Scottie'' Ferguson')
,('rol0343','act0243','Madeleine','Elster')
,('rol0344','act0244','Midge','Wood')
,('rol0345','act0245','Gavin','Elster')
,('rol0346','act0246','Capt.-Lt.','Henrich Lehmann-Willenbrock - Der Alte')
,('rol0347','act0247','Lt.','Werner - Correspondent')
,('rol0348','act0248','Chief','Engineer Fritz Grade - Der Leitende-Der LI')
,('rol0349','act0249','','')
,('rol0350','act0042','Luke','Skywalker')
,('rol0351','act0043','Han','Solo')
,('rol0352','act0044','Princess','Leia')
,('rol0353','act0045','Lando','Calrissian')
,('rol0354','act0180','Darth','Vader')
,('rol0355','act0291','Ben','''Obi-Wan'' Kenobi')
,('rol0356','act0250','Hans','Beckert')
,('rol0357','act0251','Frau','Beckmann')
,('rol0358','act0252','Elsie','Beckmann')
,('rol0359','act0253','Inspector','Karl Lohmann')
,('rol0360','act0254','Leonard','Vole')
,('rol0361','act0255','Christine','')
,('rol0362','act0256','Sir','Wilfrid Roberts')
,('rol0363','act0257','Miss','Plimsoll')
,('rol0364','act0532','Brogan-Moore','')
,('rol0365','act0192','Mayhew','')
,('rol0366','act0258','Mr.','White - Larry Dimmick')
,('rol0367','act0024','Mr.','Orange - Freddy Newandyke')
,('rol0368','act0259','Mr.','Blonde - Vic Vega')
,('rol0369','act0260','Nice','Guy Eddie Cabot')
,('rol0370','act0502','Mr.','Pink')
,('rol0371','act0261','Amélie','Poulain')
,('rol0372','act0262','Nino','Quincampoix')
,('rol0373','act0263','Amandine','Poulain')
,('rol0374','act0599','Madame','Suzanne - la patronne du café')
,('rol0375','act0264','','')
,('rol0376','act0265','Malcolm','Wallace')
,('rol0377','act0266','John','Wallace')
,('rol0378','act0267','Campbell','')
,('rol0379','act0109','Sara','Goldfarb')
,('rol0380','act0268','Harry','Goldfarb')
,('rol0381','act0269','Marion','Silver')
,('rol0382','act0270','Tyrone','C. Love')
,('rol0383','act0271','Alex','')
,('rol0384','act0272','Mr.','Alexander')
,('rol0385','act0273','Chief','Guard')
,('rol0386','act0274','Dim','')
,('rol0387','act0275','','')
,('rol0388','act0276','','')
,('rol0389','act0277','','')
,('rol0390','act0278','','')
,('rol0391','act0536','Tom','')
,('rol0392','act0011','Travis','Bickle')
,('rol0393','act0078','Iris','')
,('rol0394','act0046','Woody','')
,('rol0395','act0279','Buzz','Lightyear')
,('rol0396','act0280','Jessie','')
,('rol0397','act0281','Lotso','')
,('rol0398','act0328','Mr.','Potato Head')
,('rol0399','act0588','Ken','')
,('rol0400','act0282','Walter','Neff')
,('rol0401','act0283','Phyllis','Dietrichson')
,('rol0402','act0284','Barton','Keyes')
,('rol0403','act0285','Mr.','Jackson')
,('rol0404','act0286','Atticus','Finch')
,('rol0405','act0287','Dill','Harris')
,('rol0406','act0288','Sheriff','Heck Tate')
,('rol0407','act0289','Maudie','Atkinson')
,('rol0408','act0009','Boo','Radley')
,('rol0409','act0290','T.E.','Lawrence')
,('rol0410','act0291','Prince','Feisal')
,('rol0411','act0292','Auda','Abu Tayi')
,('rol0412','act0293','General','Allenby')
,('rol0413','act0119','Mr.','Dryden')
,('rol0414','act0294','Joel','Barish')
,('rol0415','act0295','Clementine','Kruczynski')
,('rol0416','act0296','Train','Conductor')
,('rol0417','act0297','Patrick','')
,('rol0418','act0587','Stan','')
,('rol0419','act0298','Pvt.','J.T. ''Joker'' Davis')
,('rol0420','act0299','Animal','Mother')
,('rol0421','act0300','Pvt.','Leonard ''Gomer Pyle'' Lawrence')
,('rol0422','act0301','Gny.','Sgt. Hartman')
,('rol0423','act0302','Antonio','Salieri')
,('rol0424','act0303','Wolfgang','Amadeus Mozart')
,('rol0425','act0304','Constanze','Mozart')
,('rol0426','act0305','Leopold','Mozart')
,('rol0427','act0306','Henry','Gondorff')
,('rol0428','act0307','Johnny','Hooker')
,('rol0429','act0308','Doyle','Lonnegan')
,('rol0430','act0309','Lt.','Wm. Snyder')
,('rol0431','act0342','J.J.','Singleton')
,('rol0432','act0310','Dr.','Dave Bowman')
,('rol0433','act0311','Dr.','Frank Poole')
,('rol0434','act0312','Dr.','Heywood R. Floyd')
,('rol0435','act0313','Moon-Watcher','')
,('rol0436','act0314','Don','Lockwood')
,('rol0437','act0315','Cosmo','Brown')
,('rol0438','act0316','Kathy','Selden')
,('rol0439','act0317','Lina','Lamont')
,('rol0440','act0318','Antonio','Ricci')
,('rol0441','act0319','Bruno','Ricci')
,('rol0442','act0320','Maria','Ricci')
,('rol0443','act0321','Baiocco','')
,('rol0444','act0088','Franky','Four Fingers')
,('rol0445','act0322','Cousin','Avi')
,('rol0446','act0323','Bullet-Tooth','Tony')
,('rol0447','act0037','Mickey','O''Neil')
,('rol0448','act0468','Turkish','')
,('rol0449','act0520','Mullet','')
,('rol0450','act0465','Darren','')
,('rol0451','act0324','King','Arthur')
,('rol0452','act0325','Second','Swallow-Savvy Guard')
,('rol0453','act0326','Dead','Collector')
,('rol0454','act0327','Patsy','')
,('rol0455','act0046','Woody','')
,('rol0456','act0279','Buzz','Lightyear')
,('rol0457','act0328','Mr.','Potato Head')
,('rol0458','act0329','Slinky','Dog')
,('rol0459','act0301','Sergeant','')
,('rol0460','act0330','The','Man')
,('rol0461','act0331','','')
,('rol0462','act0332','The','Child')
,('rol0463','act0138','A','Tramp')
,('rol0464','act0037','Lt.','Aldo Raine')
,('rol0465','act0333','Shosanna','')
,('rol0466','act0202','Col.','Hans Landa')
,('rol0467','act0334','Sgt.','Donny Donowitz')
,('rol0468','act0567','Fredrick','Zoller')
,('rol0469','act0219','Jack','Vincennes')
,('rol0470','act0166','Bud','White')
,('rol0471','act0163','Ed','Exley')
,('rol0472','act0335','Dudley','Smith')
,('rol0473','act0660','Pierce','Patchett')
,('rol0474','act0033','Monco','')
,('rol0475','act0034','Col.','Douglas Mortimer')
,('rol0476','act0336','El','Indio (The Indian)')
,('rol0477','act0337','Nino,','Member of Indio''s Gang')
,('rol0478','act0067','Tajômaru','')
,('rol0479','act0338','Masako','Kanazawa')
,('rol0480','act0339','Takehiro','Kanazawa')
,('rol0481','act0068','Woodcutter','')
,('rol0482','act0437','Priest','')
,('rol0483','act0340','C.C.','Baxter')
,('rol0484','act0341','Fran','Kubelik')
,('rol0485','act0282','Jeff','D. Sheldrake')
,('rol0486','act0342','','')
,('rol0487','act0043','Indiana','Jones')
,('rol0488','act0343','Professor','Henry Jones')
,('rol0489','act0344','Marcus','Brody')
,('rol0490','act0345','Elsa','')
,('rol0491','act0603','Young','Indy')
,('rol0492','act0006','Tony','Montana')
,('rol0493','act0346','Manny','Ribera')
,('rol0494','act0347','Elvira','Hancock')
,('rol0495','act0348','Gina','Montana')
,('rol0496','act0302','Omar','Suarez')
,('rol0497','act0349','Nader','')
,('rol0498','act0350','Simin','')
,('rol0499','act0351','','')
,('rol0500','act0352','Hojjat','')
,('rol0501','act0353','Margo','Channing')
,('rol0502','act0354','Eve','Harrington')
,('rol0503','act0355','Addison','DeWitt')
,('rol0504','act0356','Karen','Richards')
,('rol0505','act0368','Miss','Casswell')
,('rol0506','act0133','Birdie','')
,('rol0507','act0357','Joh','Fredersen')
,('rol0508','act0358','Freder','- Joh Fredersen''s Son')
,('rol0509','act0359','C.A.','Rotwang - the Inventor')
,('rol0510','act0360','The','Thin Man')
,('rol0511','act0067','Sanjuro','Kuwabatake')
,('rol0512','act0361','','')
,('rol0513','act0362','','')
,('rol0514','act0363','','')
,('rol0515','act0068','','')
,('rol0516','act0116','Dobbs','')
,('rol0517','act0364','Howard','')
,('rol0518','act0365','Curtin','')
,('rol0519','act0366','Cody','')
,('rol0520','act0012','Bruce','Wayne')
,('rol0521','act0015','Alfred','')
,('rol0522','act0016','Ducard','')
,('rol0523','act0367','Rachel','Dawes')
,('rol0524','act0095','Jim','Gordon')
,('rol0525','act0462','Earle','')
,('rol0526','act0165','Flass','')
,('rol0527','act0002','Lucius','Fox')
,('rol0528','act0368','Sugar','Kane Kowalczyk')
,('rol0529','act0369','Joe','')
,('rol0530','act0340','Jerry','')
,('rol0531','act0370','Spats','Colombo')
,('rol0532','act0371','Lucas','')
,('rol0533','act0372','Theo','')
,('rol0534','act0373','Klara','')
,('rol0535','act0374','Marcus','')
,('rol0536','act0375','''Rancho''','Shamaldas Chanchad')
,('rol0537','act0376','Raju','Rastogi')
,('rol0538','act0377','Pia','')
,('rol0539','act0803','Viru','Sahastrabudhhe')
,('rol0540','act0033','Bill','Munny')
,('rol0541','act0378','Little','Bill Daggett')
,('rol0542','act0002','Ned','Logan')
,('rol0543','act0379','English','Bob')
,('rol0544','act0233','Holly','Martins')
,('rol0545','act0380','Anna','Schmidt')
,('rol0546','act0381','Harry','Lime')
,('rol0547','act0382','Maj.','Calloway')
,('rol0548','act0383','Carl','Fredricksen')
,('rol0549','act0384','Charles','Muntz')
,('rol0550','act0385','Russell','')
,('rol0551','act0386','Dug','')
,('rol0552','act0152','Will','Hunting')
,('rol0553','act0387','Sean','Maguire')
,('rol0554','act0388','Chuckie','Sullivan')
,('rol0555','act0389','Prof.','Gerald Lambeau')
,('rol0556','act0227','Skylar','')
,('rol0557','act0390','Joy','')
,('rol0558','act0391','Sadness','')
,('rol0559','act0392','Bing','Bong')
,('rol0560','act0393','Fear','')
,('rol0561','act0043','Han','Solo')
,('rol0562','act0042','Luke','Skywalker')
,('rol0563','act0044','Princess','Leia')
,('rol0564','act0394','Kylo','Ren')
,('rol0565','act0585','General','Hux')
,('rol0566','act0457','Lor','San Tekka')
,('rol0567','act0011','Jake','La Motta')
,('rol0568','act0395','Vickie','La Motta')
,('rol0569','act0061','Joey','')
,('rol0570','act0396','Salvy','')
,('rol0571','act0397','Adolf','Hitler')
,('rol0572','act0398','Traudl','Junge')
,('rol0573','act0399','Magda','Goebbels')
,('rol0574','act0400','Joseph','Goebbels')
,('rol0575','act0401','Officer','John McClane')
,('rol0576','act0402','Holly','Gennaro McClane')
,('rol0577','act0403','Sgt.','Al Powell')
,('rol0578','act0404','Deputy','Police Chief Dwayne T. Robinson')
,('rol0579','act0703','Hans','Gruber')
,('rol0580','act0405','Ma','')
,('rol0581','act0406','Jack','')
,('rol0582','act0407','Old','Nick')
,('rol0583','act0408','Talk','Show Hostess')
,('rol0584','act0640','Nancy','')
,('rol0585','act0516','Robert','')
,('rol0586','act0153','J.J.','Gittes')
,('rol0587','act0409','Evelyn','Mulwray')
,('rol0588','act0410','Noah','Cross')
,('rol0589','act0411','Escobar','')
,('rol0590','act0412','Hilts','''The Cooler King''')
,('rol0591','act0413','Hendley','''The Scrounger''')
,('rol0592','act0414','Bartlett','''Big X''')
,('rol0593','act0415','Ramsey','''The SBO''')
,('rol0594','act0101','Danny','''Tunnel King''')
,('rol0595','act0416','Wade','')
,('rol0596','act0417','Dopinder','')
,('rol0597','act0418','Ajax','')
,('rol0598','act0419','Warlord','')
,('rol0599','act0006','Lt.','Vincent Hanna')
,('rol0600','act0011','Neil','McCauley')
,('rol0601','act0420','Chris','Shiherlis')
,('rol0602','act0421','Nate','')
,('rol0603','act0106','Michael','Cheritto')
,('rol0604','act0096','Lauren','Gustafson')
,('rol0605','act0292','Hamza','')
,('rol0606','act0422','Hind','')
,('rol0607','act0423','Abu','Sofyan')
,('rol0608','act0424','Bilal','')
,('rol0609','act0005','Terry','Malloy')
,('rol0610','act0425','Father','Barry')
,('rol0611','act0022','Johnny','Friendly')
,('rol0612','act0426','Charley','Malloy')
,('rol0613','act0427','Ofelia','')
,('rol0614','act0428','Vidal','')
,('rol0615','act0429','Mercedes','')
,('rol0616','act0430','Fauno','')
,('rol0617','act0431','Mei','')
,('rol0618','act0432','Totoro','')
,('rol0619','act0433','Satsuki','')
,('rol0620','act0434','','')
,('rol0621','act0068','Kanji','Watanabe')
,('rol0622','act0435','Kimura','')
,('rol0623','act0436','','')
,('rol0624','act0437','','')
,('rol0625','act0438','Saunders','')
,('rol0626','act0082','Jefferson','Smith')
,('rol0627','act0119','Senator','Joseph Paine')
,('rol0628','act0439','Jim','Taylor')
,('rol0629','act0085','Diz','Moore')
,('rol0630','act0285','','')
,('rol0631','act0440','The','Man')
,('rol0632','act0441','The','Wife')
,('rol0633','act0442','The','Woman From the City')
,('rol0634','act0443','The','Maid')
,('rol0635','act0182','Shears','')
,('rol0636','act0291','Colonel','Nicholson')
,('rol0637','act0293','Major','Warden')
,('rol0638','act0444','Colonel','Saito')
,('rol0639','act0415','Major','Clipton')
,('rol0640','act0361','Lord','Hidetora Ichimonji')
,('rol0641','act0445','Taro','Takatora Ichimonji')
,('rol0642','act0446','Jiro','Masatora Ichimonji')
,('rol0643','act0447','Saburo','Naotora Ichimonji')
,('rol0644','act0138','The','Lone Prospector')
,('rol0645','act0448','Big','Jim McKay')
,('rol0646','act0449','Black','Larsen')
,('rol0647','act0140','','')
,('rol0648','act0450','Judy','Hopps')
,('rol0649','act0451','Nick','Wilde')
,('rol0650','act0452','Chief','Bogo')
,('rol0651','act0453','','')
,('rol0652','act0144','','')
,('rol0653','act0160','','')
,('rol0654','act0762','','')
,('rol0655','act0454','Jöns,','squire')
,('rol0656','act0455','Death','')
,('rol0657','act0456','Jof','')
,('rol0658','act0457','Antonius','Block')
,('rol0659','act0470','Mia','')
,('rol0660','act0458','Irene','Menéndez Hastings')
,('rol0661','act0459','Benjamín','Esposito')
,('rol0662','act0460','Liliana','Coloto')
,('rol0663','act0461','Ricardo','Morales')
,('rol0664','act0043','Rick','Deckard')
,('rol0665','act0462','Roy','Batty')
,('rol0666','act0463','Rachael','')
,('rol0667','act0464','Gaff','')
,('rol0668','act0565','Pris','')
,('rol0669','act0465','Tom','')
,('rol0670','act0466','Soap','')
,('rol0671','act0467','Eddy','')
,('rol0672','act0468','Bacon','')
,('rol0673','act0323','Big','Chris')
,('rol0674','act0469','Dr.','Isak Borg')
,('rol0675','act0470','Sara','')
,('rol0676','act0471','Marianne','Borg')
,('rol0677','act0454','','')
,('rol0678','act0457','','')
,('rol0679','act0472','Johnnie','Gray')
,('rol0680','act0473','Annabelle','Lee')
,('rol0681','act0474','Captain','Anderson')
,('rol0682','act0475','General','Thatcher')
,('rol0683','act0476','Sofî','')
,('rol0684','act0477','Hauru','')
,('rol0685','act0478','','')
,('rol0686','act0479','Karushifâ','')
,('rol0687','act0012','Howl','')
,('rol0688','act0011','Sam','''Ace'' Rothstein')
,('rol0689','act0480','Ginger','McKenna')
,('rol0690','act0061','Nicky','Santoro')
,('rol0691','act0241','Lester','Diamond')
,('rol0692','act0328','Billy','Sherbert')
,('rol0693','act0089','Phillip','Green')
,('rol0694','act0396','Frank','Marino')
,('rol0695','act0481','Frederick','Treves')
,('rol0696','act0482','John','Merrick')
,('rol0697','act0483','Mrs.','Kendal')
,('rol0698','act0484','Carr','Gomm')
,('rol0699','act0466','','')
,('rol0700','act0485','Brendan','Conlon')
,('rol0701','act0053','Tommy','Conlon')
,('rol0702','act0486','Paddy','Conlon')
,('rol0703','act0487','Tess','Conlon')
,('rol0704','act0050','Jordan','Belfort')
,('rol0705','act0488','Donnie','Azoff')
,('rol0706','act0489','Naomi','Lapaglia')
,('rol0707','act0110','Mark','Hanna')
,('rol0708','act0096','Evey','')
,('rol0709','act0066','V','')
,('rol0710','act0490','Finch','')
,('rol0711','act0491','Deitrich','')
,('rol0712','act0482','Adam','Sutler')
,('rol0713','act0492','Chief','Judge Dan Haywood')
,('rol0714','act0493','Dr.','Ernst Janning')
,('rol0715','act0494','','')
,('rol0716','act0255','','')
,('rol0717','act0673','Irene','Hoffman')
,('rol0718','act0166','John','Nash')
,('rol0719','act0495','Parcher','')
,('rol0720','act0269','Alicia','Nash')
,('rol0721','act0384','Dr.','Rosen')
,('rol0722','act0033','Walt','Kowalski')
,('rol0723','act0496','Father','Janovich')
,('rol0724','act0497','Thao','')
,('rol0725','act0498','Sue','')
,('rol0726','act0499','The','Dude')
,('rol0727','act0500','Walter','Sobchak')
,('rol0728','act0501','Maude','Lebowski')
,('rol0729','act0502','Theodore','Donald ''Donny'' Kerabatsos')
,('rol0730','act0556','Brandt','')
,('rol0731','act0517','''Karl','Hungus''')
,('rol0732','act0503','','')
,('rol0733','act0504','','')
,('rol0734','act0505','Notaire','Jean Lebel')
,('rol0735','act0506','Jeanne','Marwan')
,('rol0736','act0011','Michael','')
,('rol0737','act0507','Stan','')
,('rol0738','act0508','Steven','')
,('rol0739','act0509','Nick','')
,('rol0740','act0510','''Maxim''','de Winter')
,('rol0741','act0511','Mrs.','de Winter')
,('rol0742','act0355','Jack','Favell')
,('rol0743','act0512','Mrs.','Danvers')
,('rol0744','act0708','','')
,('rol0745','act0085','Gerald','O''Hara')
,('rol0746','act0513','Ellen','- His Wife')
,('rol0747','act0514','Scarlett','- Their Daughter')
,('rol0748','act0515','Suellen','- Their Daughter')
,('rol0749','act0516','Jerry','Lundegaard')
,('rol0750','act0502','Carl','Showalter')
,('rol0751','act0517','Gaear','Grimsrud')
,('rol0752','act0518','Jean','Lundegaard')
,('rol0753','act0519','Renton','')
,('rol0754','act0520','Spud','')
,('rol0755','act0521','Sick','Boy')
,('rol0756','act0522','Tommy','')
,('rol0757','act0267','Mr.','Renton')
,('rol0758','act0306','Luke','')
,('rol0759','act0523','Dragline','')
,('rol0760','act0524','Society','Red')
,('rol0761','act0525','Koko','')
,('rol0762','act0597','Captain','')
,('rol0763','act0526','Hiccup','')
,('rol0764','act0527','Stoick','')
,('rol0765','act0528','Gobber','')
,('rol0766','act0529','Astrid','')
,('rol0767','act0488','Snotlout','')
,('rol0768','act0721','Ruffnut','')
,('rol0769','act0530','Tony','Wendice')
,('rol0770','act0131','Margot','Mary Wendice')
,('rol0771','act0531','Mark','Halliday')
,('rol0772','act0532','Chief','Inspector Hubbard')
,('rol0773','act0401','Dr.','Malcolm Crowe')
,('rol0774','act0533','Cole','Sear')
,('rol0775','act0534','Lynn','Sear')
,('rol0776','act0535','Anna','Crowe')
,('rol0777','act0536','Marlin','')
,('rol0778','act0537','Dory','')
,('rol0779','act0538','Nemo','')
,('rol0780','act0539','Gill','')
,('rol0781','act0754','Nigel','')
,('rol0782','act0386','Mr.','Ray')
,('rol0783','act0540','Chris','McCandless')
,('rol0784','act0541','Billie','McCandless')
,('rol0785','act0542','Walt','McCandless')
,('rol0786','act0543','Carine','McCandless')
,('rol0787','act0544','R.J.','MacReady')
,('rol0788','act0545','Dr.','Blair')
,('rol0789','act0546','Nauls','')
,('rol0790','act0547','Palmer','')
,('rol0791','act0583','Childs','')
,('rol0792','act0548','Ed','Tom Bell')
,('rol0793','act0549','Anton','Chigurh')
,('rol0794','act0550','Llewelyn','Moss')
,('rol0795','act0551','Carson','Wells')
,('rol0796','act0552','Peter','')
,('rol0797','act0553','Ellie','')
,('rol0798','act0554','','')
,('rol0799','act0555','Shapeley','')
,('rol0800','act0534','Mary','Daisy Dinkle')
,('rol0801','act0556','Max','Jerry Horovitz')
,('rol0802','act0557','','')
,('rol0803','act0558','Damien','')
,('rol0804','act0388','Nick','Dunne')
,('rol0805','act0559','Amy','Dunne')
,('rol0806','act0560','Desi','Collings')
,('rol0807','act0561','Tanner','Bolt')
,('rol0808','act0547','Rand','Elliott')
,('rol0809','act0562','The','Bride')
,('rol0810','act0563','O-Ren','Ishii')
,('rol0811','act0564','Vernita','Green')
,('rol0812','act0565','Elle','Driver')
,('rol0813','act0259','Budd','')
,('rol0814','act0566','James','Hunt')
,('rol0815','act0567','Niki','Lauda')
,('rol0816','act0568','Suzy','Miller')
,('rol0817','act0398','Marlene','Lauda')
,('rol0818','act0324','Brian','Cohen')
,('rol0819','act0325','Reg','')
,('rol0820','act0327','Man','Even Further Forward')
,('rol0821','act0326','Mr.','Cheeky')
,('rol0822','act0569','','')
,('rol0823','act0570','Paul','Rusesabagina')
,('rol0824','act0571','Dube','')
,('rol0825','act0572','George','Rutaganda')
,('rol0826','act0486','Colonel','Oliver')
,('rol0827','act0116','Samuel','Spade')
,('rol0828','act0573','Brigid','O''Shaughnessy')
,('rol0829','act0574','Iva','Archer')
,('rol0830','act0250','Joel','Cairo')
,('rol0831','act0053','Max','Rockatansky')
,('rol0832','act0575','Imperator','Furiosa')
,('rol0833','act0576','Nux','')
,('rol0834','act0577','Immortan','Joe')
,('rol0835','act0578','Daniel','Plainview')
,('rol0836','act0579','Silver','Assay Worker')
,('rol0837','act0580','Silver','Assay Worker')
,('rol0838','act0581','Silver','Assay Worker')
,('rol0839','act0582','Sgt.','Barnes')
,('rol0840','act0583','King','')
,('rol0841','act0539','Sgt.','Elias')
,('rol0842','act0584','Big','Harold')
,('rol0843','act0753','Lerner','')
,('rol0844','act0050','Hugh','Glass')
,('rol0845','act0053','John','Fitzgerald')
,('rol0846','act0585','Captain','Andrew Henry')
,('rol0847','act0586','Bridger','')
,('rol0848','act0587','Mike','Rezendes')
,('rol0849','act0588','Walter','''Robby'' Robinson')
,('rol0850','act0589','Sacha','Pfeiffer')
,('rol0851','act0590','Marty','Baron')
,('rol0852','act0225','','')
,('rol0853','act0591','','')
,('rol0854','act0592','','')
,('rol0855','act0593','Luigi','')
,('rol0856','act0594','Bimba','')
,('rol0857','act0655','','')
,('rol0858','act0409','Diana','Christensen')
,('rol0859','act0182','Max','Schumacher')
,('rol0860','act0595','Howard','Beale')
,('rol0861','act0009','Frank','Hackett')
,('rol0862','act0281','Arthur','Jensen')
,('rol0863','act0306','Butch','Cassidy')
,('rol0864','act0307','The','Sundance Kid')
,('rol0865','act0596','Etta','Place')
,('rol0866','act0597','Percy','Garris')
,('rol0867','act0772','Agnes','')
,('rol0868','act0598','Antoine','Doinel')
,('rol0869','act0599','Gilberte','Doinel - la mère d''Antoine')
,('rol0870','act0600','','')
,('rol0871','act0601','','')
,('rol0872','act0602','Gordie','Lachance')
,('rol0873','act0603','Chris','Chambers')
,('rol0874','act0604','Teddy','Duchamp')
,('rol0875','act0605','Vern','Tessio')
,('rol0876','act0718','The','Writer')
,('rol0877','act0606','','')
,('rol0878','act0578','Gerry','Conlon')
,('rol0879','act0607','','')
,('rol0880','act0608','Gareth','Peirce')
,('rol0881','act0050','Teddy','Daniels')
,('rol0882','act0587','Chuck','Aule')
,('rol0883','act0017','Dr.','Cawley')
,('rol0884','act0457','Dr.','Naehring')
,('rol0885','act0470','Alma','')
,('rol0886','act0609','Elisabet','Vogler')
,('rol0887','act0610','The','Doctor')
,('rol0888','act0454','Mr.','Vogler')
,('rol0889','act0611','Solomon','Northup')
,('rol0890','act0612','Uncle','Abram')
,('rol0891','act0613','','')
,('rol0892','act0614','','')
,('rol0893','act0018','M.','Gustave')
,('rol0894','act0302','Mr.','Moustafa')
,('rol0895','act0615','Serge','X.')
,('rol0896','act0148','Dmitri','')
,('rol0897','act0539','Jopling','')
,('rol0898','act0653','Deputy','Kovacs')
,('rol0899','act0258','Ludwig','')
,('rol0900','act0709','M.','Ivan')
,('rol0901','act0036','Henckels','')
,('rol0902','act0616','El','Chivo')
,('rol0903','act0617','Octavio','')
,('rol0904','act0618','Valeria','')
,('rol0905','act0619','Daniel','')
,('rol0906','act0620','Westley','')
,('rol0907','act0621','Inigo','Montoya')
,('rol0908','act0622','Prince','Humperdinck')
,('rol0909','act0623','Count','Tyrone Rugen')
,('rol0910','act0631','Valerie','')
,('rol0911','act0700','Miracle','Max')
,('rol0912','act0033','Frankie','Dunn')
,('rol0913','act0624','Maggie','Fitzgerald')
,('rol0914','act0002','Eddie','Scrap-Iron Dupris')
,('rol0915','act0526','Danger','Barch')
,('rol0916','act0625','Mike','Vargas')
,('rol0917','act0127','Susan','Vargas')
,('rol0918','act0381','Police','Captain Hank Quinlan')
,('rol0919','act0626','Police','Sergeant Pete Menzies')
,('rol0920','act0625','Judah','Ben-Hur')
,('rol0921','act0293','Quintus','Arrius')
,('rol0922','act0627','Esther','')
,('rol0923','act0628','Messala','')
,('rol0924','act0629','Alvy','Singer')
,('rol0925','act0010','Annie','Hall')
,('rol0926','act0630','Rob','')
,('rol0927','act0631','Allison','')
,('rol0928','act0204','Pam','')
,('rol0929','act0509','Duane','Hall')
,('rol0930','act0632','Salgado','')
,('rol0931','act0633','','')
,('rol0932','act0634','','')
,('rol0933','act0635','Cocinera','')
,('rol0934','act0459','','')
,('rol0935','act0099','Tom','Joad')
,('rol0936','act0636','Ma','Joad')
,('rol0937','act0637','Jim','Casy')
,('rol0938','act0638','Grandpa','')
,('rol0939','act0639','Parker','Wilson')
,('rol0940','act0640','Cate','Wilson')
,('rol0941','act0641','Ken','')
,('rol0942','act0642','','')
,('rol0943','act0643','Nausicaä','')
,('rol0944','act0644','Jihl','')
,('rol0945','act0645','Oh-Baba','')
,('rol0946','act0646','Yupa','')
,('rol0947','act0431','Boy','A')
,('rol0948','act0647','Zhena','Stalkera')
,('rol0949','act0648','Stalker','')
,('rol0950','act0649','Pisatel','')
,('rol0951','act0650','','')
,('rol0952','act0651','Dr.','Alan Grant')
,('rol0953','act0652','Dr.','Ellie Sattler')
,('rol0954','act0653','Dr.','Ian Malcolm')
,('rol0955','act0414','John','Hammond')
,('rol0956','act0654','Nicole','Horner')
,('rol0957','act0655','Christina','Delassalle')
,('rol0958','act0656','Michel','Delassalle')
,('rol0959','act0592','','')
,('rol0960','act0017','Mahatma','Gandhi')
,('rol0961','act0657','Margaret','Bourke-White')
,('rol0962','act0658','General','Dyer')
,('rol0963','act0484','Lord','Irwin')
,('rol0964','act0382','Judge','Broomfield')
,('rol0965','act0170','Walker','')
,('rol0966','act0152','Jason','Bourne')
,('rol0967','act0659','Nicky','Parsons')
,('rol0968','act0660','Noah','Vosen')
,('rol0969','act0661','Ezra','Kramer')
,('rol0970','act0640','Pam','Landy')
,('rol0971','act0567','Martin','Kreutz')
,('rol0972','act0662','Guido','Anselmi')
,('rol0973','act0098','Claudia','')
,('rol0974','act0663','Luisa','Anselmi')
,('rol0975','act0664','Carla','')
,('rol0976','act0665','Donnie','Darko')
,('rol0977','act0666','Eddie','Darko')
,('rol0978','act0667','Elizabeth','Darko')
,('rol0979','act0668','Samantha','Darko')
,('rol0980','act0669','Jesse','')
,('rol0981','act0670','Céline','')
,('rol0982','act0671','Wife','on Train')
,('rol0983','act0672','Husband','on Train')
,('rol0984','act0673','Dorothy','')
,('rol0985','act0674','Professor','Marvel')
,('rol0986','act0675','''Hunk''','')
,('rol0987','act0676','''Zeke''','')
,('rol0988','act0638','Uncle','Henry')
,('rol0989','act0327','Toto','')
,('rol0990','act0677','','')
,('rol0991','act0678','','')
,('rol0992','act0679','','')
,('rol0993','act0680','','')
,('rol0994','act0681','Rocky','')
,('rol0995','act0682','Adrian','')
,('rol0996','act0683','Paulie','')
,('rol0997','act0684','Apollo','')
,('rol0998','act0294','Truman','Burbank')
,('rol0999','act0685','Meryl','Burbank')
,('rol1000','act0686','Marlon','')
,('rol1001','act0687','Lauren','')
,('rol1002','act0688','Milly','Stephenson')
,('rol1003','act0689','Al','Stephenson')
,('rol1004','act0690','Fred','Derry')
,('rol1005','act0691','Peggy','Stephenson')
,('rol1006','act0574','Hortense','Derry')
,('rol1007','act0145','Terminator','')
,('rol1008','act0224','Kyle','Reese')
,('rol1009','act0146','Sarah','Connor')
,('rol1010','act0692','Lieutenant','Ed Traxler')
,('rol1011','act0693','Nancy','Callahan')
,('rol1012','act0694','Miho','')
,('rol1013','act0695','Becky','')
,('rol1014','act0696','Senator','Roark')
,('rol1015','act0088','Jackie','Boy')
,('rol1016','act0143','Manute','')
,('rol1017','act0697','Young','Cole')
,('rol1018','act0401','James','Cole')
,('rol1019','act0698','Jose','')
,('rol1020','act0699','Scarface','')
,('rol1021','act0500','James','P. ""Sulley"" Sullivan')
,('rol1022','act0700','Mike','Wazowski')
,('rol1023','act0701','Boo','')
,('rol1024','act0502','Randall','Boggs')
,('rol1025','act0386','Roz','')
,('rol1026','act0144','Flint','')
,('rol1027','act0018','Lord','Voldemort')
,('rol1028','act0702','Professor','Albus Dumbledore')
,('rol1029','act0703','Professor','Severus Snape')
,('rol1030','act0704','Harry','Potter')
,('rol1031','act0585','Bill','Weasley')
,('rol1032','act0482','Ollivander','')
,('rol1033','act0757','Bellatrix','Lestrange')
,('rol1034','act0705','Guy','Haines')
,('rol1035','act0706','Anne','Morton')
,('rol1036','act0707','Bruno','Antony')
,('rol1037','act0708','Sen.','Morton')
,('rol1038','act0709','Phil','')
,('rol1039','act0710','Rita','')
,('rol1040','act0711','Larry','')
,('rol1041','act0712','Ned','')
,('rol1042','act0713','Inspector','Lau Kin Ming')
,('rol1043','act0714','Chen','Wing Yan')
,('rol1044','act0715','SP','Wong Chi Shing')
,('rol1045','act0716','Hon','Sam')
,('rol1046','act0745','Inspector','B')
,('rol1047','act0717','Brody','')
,('rol1048','act0308','Quint','')
,('rol1049','act0718','Hooper','')
,('rol1050','act0719','Ellen','Brody')
,('rol1051','act0152','Mark','Watney')
,('rol1052','act0720','Melissa','Lewis')
,('rol1053','act0721','Annie','Montrose')
,('rol1054','act0722','Teddy','Sanders')
,('rol1055','act0611','Vincent','Kapoor')
,('rol1056','act0723','Col.','Mathieu')
,('rol1057','act0724','','')
,('rol1058','act0725','Ali','La Pointe')
,('rol1059','act0726','','')
,('rol1060','act0727','Vinz','')
,('rol1061','act0728','','')
,('rol1062','act0729','','')
,('rol1063','act0730','','')
,('rol1064','act0649','','')
,('rol1065','act0731','Barry','Lyndon')
,('rol1066','act0732','Lady','Honoria Lyndon')
,('rol1067','act0272','The','Chevalier du Balibari')
,('rol1068','act0733','Captain','Potzdorf')
,('rol1069','act0734','Sylvia','')
,('rol1070','act0735','Mulvaney','')
,('rol1071','act0507','Sal','')
,('rol1072','act0736','','')
,('rol1073','act0631','','')
,('rol1074','act0006','Sonny','')
,('rol1075','act0309','Moretti','')
,('rol1076','act0172','Keller','Dover')
,('rol1077','act0665','Detective','Loki')
,('rol1078','act0737','Nancy','Birch')
,('rol1079','act0738','Grace','Dover')
,('rol1080','act0739','','')
,('rol1081','act0740','','')
,('rol1082','act0741','','')
,('rol1083','act0742','','')
,('rol1084','act0743','Yip','Man')
,('rol1085','act0744','Chow','Ching-Chuen')
,('rol1086','act0745','','')
,('rol1087','act0746','Jin','Shan Zhao')
,('rol1088','act0747','Alan','Turing')
,('rol1089','act0748','Joan','Clarke')
,('rol1090','act0749','Hugh','Alexander')
,('rol1091','act0750','Detective','Robert Nock')
,('rol1092','act0751','Tony','Stark')
,('rol1093','act0752','Steve','Rogers')
,('rol1094','act0587','Bruce','Banner')
,('rol1095','act0566','Thor','')
,('rol1096','act0389','Selvig','')
,('rol1097','act0753','Jack','Sparrow')
,('rol1098','act0754','Barbossa','')
,('rol1099','act0755','Will','Turner')
,('rol1100','act0748','Elizabeth','Swann')
,('rol1101','act0756','King','George VI')
,('rol1102','act0757','Queen','Elizabeth')
,('rol1103','act0758','Archbishop','Cosmo Lang')
,('rol1104','act0759','Equerry','')
,('rol1105','act0754','Lionel','Logue')
,('rol1106','act0760','Skeeter','Phelan')
,('rol1107','act0737','Aibileen','Clark')
,('rol1108','act0761','Hilly','Holbrook')
,('rol1109','act0762','Minny','Jackson')
,('rol1110','act0720','Celia','Foote')
,('rol1111','act0033','Joe','')
,('rol1112','act0763','Marisol','')
,('rol1113','act0336','Ramón','Rojo')
,('rol1114','act0764','John','Baxter')
,('rol1115','act0337','Chico','')
,('rol1116','act0765','Peter','Quill')
,('rol1117','act0766','Gamora','')
,('rol1118','act0767','Drax','')
,('rol1119','act0768','Groot','')
,('rol1120','act0088','The','Collector')
,('rol1121','act0067','Taketoki','Washizu')
,('rol1122','act0363','Lady','Asaji Washizu')
,('rol1123','act0068','Noriyasu','Odagura')
,('rol1124','act0769','Yoshiteru','Miki')
,('rol1125','act0437','Yoshiaki','Miki')
,('rol1126','act0770','Sheeta','')
,('rol1127','act0771','Pazu','')
,('rol1128','act0772','Dola','')
,('rol1129','act0042','Muska','')
,('rol1130','act0181','General','')
,('rol1131','act0621','Louis','')
,('rol1132','act0050','Frank','Abagnale Jr.')
,('rol1133','act0046','Carl','Hanratty')
,('rol1134','act0509','Frank','Abagnale')
,('rol1135','act0170','Roger','Strong')
,('rol1136','act0286','Joe','Bradley')
,('rol1137','act0773','Princess','Ann')
,('rol1138','act0774','Irving','Radovich')
,('rol1139','act0775','Mr.','Hennessy')
,('rol1140','act0776','Marshal','Will Kane')
,('rol1141','act0085','Mayor','Jonas Henderson')
,('rol1142','act0777','Deputy','Marshal Harvey Pell')
,('rol1143','act0778','Helen','Ramírez')
,('rol1144','act0131','Amy','Fowler Kane')
,('rol1145','act0034','Jack','Colby')
,('rol1146','act0779','Le','lieutenant Maréchal')
,('rol1147','act0780','Elsa','')
,('rol1148','act0781','','')
,('rol1149','act0184','Le','captaine von Rauffenstein')
,('rol1150','act0782','Beast','')
,('rol1151','act0783','Lefou','')
,('rol1152','act0784','Maurice','')
,('rol1153','act0785','Mrs.','Potts')
,('rol1154','act0786','Martha','')
,('rol1155','act0787','George','')
,('rol1156','act0788','Nick','')
,('rol1157','act0789','Honey','')
,('rol1158','act0237','Devlin','')
,('rol1159','act0117','Alicia','Huberman')
,('rol1160','act0119','Alexander','Sebastian')
,('rol1161','act0790','Paul','Prescott')
,('rol1162','act0791','Su','Li-zhen - Mrs. Chan')
,('rol1163','act0714','Chow','Mo-wan')
,('rol1164','act0792','Ah','Ping')
,('rol1165','act0793','','')
,('rol1166','act0794','','')
,('rol1167','act0795','','')
,('rol1168','act0796','','')
,('rol1169','act0797','','')
,('rol1170','act0232','','')
,('rol1171','act0229','','')
,('rol1172','act0375','Bhuvan','')
,('rol1173','act0798','Gauri','')
,('rol1174','act0799','Elizabeth','Russell')
,('rol1175','act0800','Captain','Andrew Russell')
,('rol1176','act0375','P.K.','')
,('rol1177','act0801','Jagat','Janani')
,('rol1178','act0802','Bhairon','Singh')
,('rol1179','act0803','Cherry','Bajwa')
,('rol1180','act0375','','')
,('rol1181','act0669','Jesse','')
,('rol1182','act0670','Celine','')
,('rol1183','act0804','Bookstore','Manager')
,('rol1184','act0805','Journalist','#1')
;

INSERT INTO RolePlaysIn(movieId, RoleId) VALUES
('mov001','rol0000')
,('mov001','rol0001')
,('mov001','rol0002')
,('mov001','rol0003')
,('mov002','rol0004')
,('mov002','rol0005')
,('mov002','rol0006')
,('mov002','rol0007')
,('mov002','rol0008')
,('mov002','rol0009')
,('mov002','rol0010')
,('mov002','rol0011')
,('mov002','rol0012')
,('mov003','rol0013')
,('mov003','rol0014')
,('mov003','rol0015')
,('mov003','rol0016')
,('mov003','rol0017')
,('mov003','rol0018')
,('mov004','rol0019')
,('mov004','rol0020')
,('mov004','rol0021')
,('mov004','rol0022')
,('mov004','rol0023')
,('mov004','rol0024')
,('mov004','rol0025')
,('mov005','rol0026')
,('mov005','rol0027')
,('mov005','rol0028')
,('mov005','rol0029')
,('mov006','rol0030')
,('mov006','rol0031')
,('mov006','rol0032')
,('mov006','rol0033')
,('mov006','rol0034')
,('mov007','rol0035')
,('mov007','rol0036')
,('mov007','rol0037')
,('mov007','rol0038')
,('mov007','rol0039')
,('mov007','rol0040')
,('mov008','rol0041')
,('mov008','rol0042')
,('mov008','rol0043')
,('mov008','rol0044')
,('mov008','rol0045')
,('mov008','rol0046')
,('mov009','rol0047')
,('mov009','rol0048')
,('mov009','rol0049')
,('mov009','rol0050')
,('mov010','rol0051')
,('mov010','rol0052')
,('mov010','rol0053')
,('mov010','rol0054')
,('mov010','rol0055')
,('mov011','rol0056')
,('mov011','rol0057')
,('mov011','rol0058')
,('mov011','rol0059')
,('mov011','rol0060')
,('mov012','rol0061')
,('mov012','rol0062')
,('mov012','rol0063')
,('mov012','rol0064')
,('mov012','rol0065')
,('mov013','rol0066')
,('mov013','rol0067')
,('mov013','rol0068')
,('mov013','rol0069')
,('mov014','rol0070')
,('mov014','rol0071')
,('mov014','rol0072')
,('mov014','rol0073')
,('mov014','rol0074')
,('mov014','rol0075')
,('mov015','rol0076')
,('mov015','rol0077')
,('mov015','rol0078')
,('mov015','rol0079')
,('mov015','rol0080')
,('mov016','rol0081')
,('mov016','rol0082')
,('mov016','rol0083')
,('mov016','rol0084')
,('mov016','rol0085')
,('mov017','rol0086')
,('mov017','rol0087')
,('mov017','rol0088')
,('mov017','rol0089')
,('mov017','rol0090')
,('mov018','rol0091')
,('mov018','rol0092')
,('mov018','rol0093')
,('mov018','rol0094')
,('mov018','rol0095')
,('mov018','rol0096')
,('mov018','rol0097')
,('mov019','rol0098')
,('mov019','rol0099')
,('mov019','rol0100')
,('mov019','rol0101')
,('mov019','rol0102')
,('mov020','rol0103')
,('mov020','rol0104')
,('mov020','rol0105')
,('mov020','rol0106')
,('mov020','rol0107')
,('mov021','rol0108')
,('mov021','rol0109')
,('mov021','rol0110')
,('mov021','rol0111')
,('mov022','rol0112')
,('mov022','rol0113')
,('mov022','rol0114')
,('mov022','rol0115')
,('mov022','rol0116')
,('mov023','rol0117')
,('mov023','rol0118')
,('mov023','rol0119')
,('mov023','rol0120')
,('mov023','rol0121')
,('mov023','rol0122')
,('mov024','rol0123')
,('mov024','rol0124')
,('mov024','rol0125')
,('mov024','rol0126')
,('mov025','rol0127')
,('mov025','rol0128')
,('mov025','rol0129')
,('mov025','rol0130')
,('mov025','rol0131')
,('mov026','rol0132')
,('mov026','rol0133')
,('mov026','rol0134')
,('mov026','rol0135')
,('mov027','rol0136')
,('mov027','rol0137')
,('mov027','rol0138')
,('mov027','rol0139')
,('mov028','rol0140')
,('mov028','rol0141')
,('mov028','rol0142')
,('mov028','rol0143')
,('mov028','rol0144')
,('mov029','rol0145')
,('mov029','rol0146')
,('mov029','rol0147')
,('mov029','rol0148')
,('mov029','rol0149')
,('mov030','rol0150')
,('mov030','rol0151')
,('mov030','rol0152')
,('mov030','rol0153')
,('mov030','rol0154')
,('mov030','rol0155')
,('mov030','rol0156')
,('mov031','rol0157')
,('mov031','rol0158')
,('mov031','rol0159')
,('mov031','rol0160')
,('mov031','rol0161')
,('mov031','rol0162')
,('mov032','rol0163')
,('mov032','rol0164')
,('mov032','rol0165')
,('mov032','rol0166')
,('mov033','rol0167')
,('mov033','rol0168')
,('mov033','rol0169')
,('mov033','rol0170')
,('mov033','rol0171')
,('mov034','rol0172')
,('mov034','rol0173')
,('mov034','rol0174')
,('mov034','rol0175')
,('mov034','rol0176')
,('mov035','rol0177')
,('mov035','rol0178')
,('mov035','rol0179')
,('mov035','rol0180')
,('mov035','rol0181')
,('mov036','rol0182')
,('mov036','rol0183')
,('mov036','rol0184')
,('mov036','rol0185')
,('mov036','rol0186')
,('mov037','rol0187')
,('mov037','rol0188')
,('mov037','rol0189')
,('mov037','rol0190')
,('mov038','rol0191')
,('mov038','rol0192')
,('mov038','rol0193')
,('mov038','rol0194')
,('mov039','rol0195')
,('mov039','rol0196')
,('mov039','rol0197')
,('mov039','rol0198')
,('mov039','rol0199')
,('mov040','rol0200')
,('mov040','rol0201')
,('mov040','rol0202')
,('mov040','rol0203')
,('mov040','rol0204')
,('mov040','rol0205')
,('mov040','rol0206')
,('mov041','rol0207')
,('mov041','rol0208')
,('mov041','rol0209')
,('mov041','rol0210')
,('mov042','rol0211')
,('mov042','rol0212')
,('mov042','rol0213')
,('mov042','rol0214')
,('mov043','rol0215')
,('mov043','rol0216')
,('mov043','rol0217')
,('mov043','rol0218')
,('mov043','rol0219')
,('mov044','rol0220')
,('mov044','rol0221')
,('mov044','rol0222')
,('mov044','rol0223')
,('mov045','rol0224')
,('mov045','rol0225')
,('mov045','rol0226')
,('mov045','rol0227')
,('mov046','rol0228')
,('mov046','rol0229')
,('mov046','rol0230')
,('mov046','rol0231')
,('mov046','rol0232')
,('mov047','rol0233')
,('mov047','rol0234')
,('mov047','rol0235')
,('mov047','rol0236')
,('mov047','rol0237')
,('mov047','rol0238')
,('mov048','rol0239')
,('mov048','rol0240')
,('mov048','rol0241')
,('mov048','rol0242')
,('mov048','rol0243')
,('mov048','rol0244')
,('mov048','rol0245')
,('mov049','rol0246')
,('mov049','rol0247')
,('mov049','rol0248')
,('mov049','rol0249')
,('mov050','rol0250')
,('mov050','rol0251')
,('mov050','rol0252')
,('mov050','rol0253')
,('mov050','rol0254')
,('mov051','rol0255')
,('mov051','rol0256')
,('mov051','rol0257')
,('mov051','rol0258')
,('mov052','rol0259')
,('mov052','rol0260')
,('mov052','rol0261')
,('mov052','rol0262')
,('mov052','rol0263')
,('mov053','rol0264')
,('mov053','rol0265')
,('mov053','rol0266')
,('mov053','rol0267')
,('mov053','rol0268')
,('mov054','rol0269')
,('mov054','rol0270')
,('mov054','rol0271')
,('mov054','rol0272')
,('mov054','rol0273')
,('mov055','rol0274')
,('mov055','rol0275')
,('mov055','rol0276')
,('mov055','rol0277')
,('mov056','rol0278')
,('mov056','rol0279')
,('mov056','rol0280')
,('mov056','rol0281')
,('mov057','rol0282')
,('mov057','rol0283')
,('mov057','rol0284')
,('mov057','rol0285')
,('mov058','rol0286')
,('mov058','rol0287')
,('mov058','rol0288')
,('mov058','rol0289')
,('mov059','rol0290')
,('mov059','rol0291')
,('mov059','rol0292')
,('mov059','rol0293')
,('mov060','rol0294')
,('mov060','rol0295')
,('mov060','rol0296')
,('mov060','rol0297')
,('mov061','rol0298')
,('mov061','rol0299')
,('mov061','rol0300')
,('mov061','rol0301')
,('mov061','rol0302')
,('mov062','rol0303')
,('mov062','rol0304')
,('mov062','rol0305')
,('mov062','rol0306')
,('mov062','rol0307')
,('mov062','rol0308')
,('mov062','rol0309')
,('mov063','rol0310')
,('mov063','rol0311')
,('mov063','rol0312')
,('mov063','rol0313')
,('mov064','rol0314')
,('mov064','rol0315')
,('mov064','rol0316')
,('mov064','rol0317')
,('mov065','rol0318')
,('mov065','rol0319')
,('mov065','rol0320')
,('mov065','rol0321')
,('mov065','rol0322')
,('mov066','rol0323')
,('mov066','rol0324')
,('mov066','rol0325')
,('mov066','rol0326')
,('mov067','rol0327')
,('mov067','rol0328')
,('mov067','rol0329')
,('mov067','rol0330')
,('mov068','rol0331')
,('mov068','rol0332')
,('mov068','rol0333')
,('mov068','rol0334')
,('mov068','rol0335')
,('mov069','rol0336')
,('mov069','rol0337')
,('mov069','rol0338')
,('mov069','rol0339')
,('mov069','rol0340')
,('mov069','rol0341')
,('mov070','rol0342')
,('mov070','rol0343')
,('mov070','rol0344')
,('mov070','rol0345')
,('mov071','rol0346')
,('mov071','rol0347')
,('mov071','rol0348')
,('mov071','rol0349')
,('mov072','rol0350')
,('mov072','rol0351')
,('mov072','rol0352')
,('mov072','rol0353')
,('mov072','rol0354')
,('mov072','rol0355')
,('mov073','rol0356')
,('mov073','rol0357')
,('mov073','rol0358')
,('mov073','rol0359')
,('mov074','rol0360')
,('mov074','rol0361')
,('mov074','rol0362')
,('mov074','rol0363')
,('mov074','rol0364')
,('mov074','rol0365')
,('mov075','rol0366')
,('mov075','rol0367')
,('mov075','rol0368')
,('mov075','rol0369')
,('mov075','rol0370')
,('mov076','rol0371')
,('mov076','rol0372')
,('mov076','rol0373')
,('mov076','rol0374')
,('mov077','rol0375')
,('mov077','rol0376')
,('mov077','rol0377')
,('mov077','rol0378')
,('mov078','rol0379')
,('mov078','rol0380')
,('mov078','rol0381')
,('mov078','rol0382')
,('mov079','rol0383')
,('mov079','rol0384')
,('mov079','rol0385')
,('mov079','rol0386')
,('mov080','rol0387')
,('mov080','rol0388')
,('mov080','rol0389')
,('mov080','rol0390')
,('mov080','rol0391')
,('mov080','rol0392')
,('mov080','rol0393')
,('mov081','rol0394')
,('mov081','rol0395')
,('mov081','rol0396')
,('mov081','rol0397')
,('mov081','rol0398')
,('mov081','rol0399')
,('mov082','rol0400')
,('mov082','rol0401')
,('mov082','rol0402')
,('mov082','rol0403')
,('mov083','rol0404')
,('mov083','rol0405')
,('mov083','rol0406')
,('mov083','rol0407')
,('mov083','rol0408')
,('mov084','rol0409')
,('mov084','rol0410')
,('mov084','rol0411')
,('mov084','rol0412')
,('mov084','rol0413')
,('mov085','rol0414')
,('mov085','rol0415')
,('mov085','rol0416')
,('mov085','rol0417')
,('mov085','rol0418')
,('mov086','rol0419')
,('mov086','rol0420')
,('mov086','rol0421')
,('mov086','rol0422')
,('mov087','rol0423')
,('mov087','rol0424')
,('mov087','rol0425')
,('mov087','rol0426')
,('mov088','rol0427')
,('mov088','rol0428')
,('mov088','rol0429')
,('mov088','rol0430')
,('mov088','rol0431')
,('mov089','rol0432')
,('mov089','rol0433')
,('mov089','rol0434')
,('mov089','rol0435')
,('mov090','rol0436')
,('mov090','rol0437')
,('mov090','rol0438')
,('mov090','rol0439')
,('mov091','rol0440')
,('mov091','rol0441')
,('mov091','rol0442')
,('mov091','rol0443')
,('mov092','rol0444')
,('mov092','rol0445')
,('mov092','rol0446')
,('mov092','rol0447')
,('mov092','rol0448')
,('mov092','rol0449')
,('mov092','rol0450')
,('mov093','rol0451')
,('mov093','rol0452')
,('mov093','rol0453')
,('mov093','rol0454')
,('mov094','rol0455')
,('mov094','rol0456')
,('mov094','rol0457')
,('mov094','rol0458')
,('mov094','rol0459')
,('mov095','rol0460')
,('mov095','rol0461')
,('mov095','rol0462')
,('mov095','rol0463')
,('mov096','rol0464')
,('mov096','rol0465')
,('mov096','rol0466')
,('mov096','rol0467')
,('mov096','rol0468')
,('mov097','rol0469')
,('mov097','rol0470')
,('mov097','rol0471')
,('mov097','rol0472')
,('mov097','rol0473')
,('mov098','rol0474')
,('mov098','rol0475')
,('mov098','rol0476')
,('mov098','rol0477')
,('mov099','rol0478')
,('mov099','rol0479')
,('mov099','rol0480')
,('mov099','rol0481')
,('mov099','rol0482')
,('mov100','rol0483')
,('mov100','rol0484')
,('mov100','rol0485')
,('mov100','rol0486')
,('mov101','rol0487')
,('mov101','rol0488')
,('mov101','rol0489')
,('mov101','rol0490')
,('mov101','rol0491')
,('mov102','rol0492')
,('mov102','rol0493')
,('mov102','rol0494')
,('mov102','rol0495')
,('mov102','rol0496')
,('mov103','rol0497')
,('mov103','rol0498')
,('mov103','rol0499')
,('mov103','rol0500')
,('mov104','rol0501')
,('mov104','rol0502')
,('mov104','rol0503')
,('mov104','rol0504')
,('mov104','rol0505')
,('mov104','rol0506')
,('mov105','rol0507')
,('mov105','rol0508')
,('mov105','rol0509')
,('mov105','rol0510')
,('mov106','rol0511')
,('mov106','rol0512')
,('mov106','rol0513')
,('mov106','rol0514')
,('mov106','rol0515')
,('mov107','rol0516')
,('mov107','rol0517')
,('mov107','rol0518')
,('mov107','rol0519')
,('mov108','rol0520')
,('mov108','rol0521')
,('mov108','rol0522')
,('mov108','rol0523')
,('mov108','rol0524')
,('mov108','rol0525')
,('mov108','rol0526')
,('mov108','rol0527')
,('mov109','rol0528')
,('mov109','rol0529')
,('mov109','rol0530')
,('mov109','rol0531')
,('mov110','rol0532')
,('mov110','rol0533')
,('mov110','rol0534')
,('mov110','rol0535')
,('mov111','rol0536')
,('mov111','rol0537')
,('mov111','rol0538')
,('mov111','rol0539')
,('mov112','rol0540')
,('mov112','rol0541')
,('mov112','rol0542')
,('mov112','rol0543')
,('mov113','rol0544')
,('mov113','rol0545')
,('mov113','rol0546')
,('mov113','rol0547')
,('mov114','rol0548')
,('mov114','rol0549')
,('mov114','rol0550')
,('mov114','rol0551')
,('mov115','rol0552')
,('mov115','rol0553')
,('mov115','rol0554')
,('mov115','rol0555')
,('mov115','rol0556')
,('mov116','rol0557')
,('mov116','rol0558')
,('mov116','rol0559')
,('mov116','rol0560')
,('mov117','rol0561')
,('mov117','rol0562')
,('mov117','rol0563')
,('mov117','rol0564')
,('mov117','rol0565')
,('mov117','rol0566')
,('mov118','rol0567')
,('mov118','rol0568')
,('mov118','rol0569')
,('mov118','rol0570')
,('mov119','rol0571')
,('mov119','rol0572')
,('mov119','rol0573')
,('mov119','rol0574')
,('mov120','rol0575')
,('mov120','rol0576')
,('mov120','rol0577')
,('mov120','rol0578')
,('mov120','rol0579')
,('mov121','rol0580')
,('mov121','rol0581')
,('mov121','rol0582')
,('mov121','rol0583')
,('mov121','rol0584')
,('mov121','rol0585')
,('mov122','rol0586')
,('mov122','rol0587')
,('mov122','rol0588')
,('mov122','rol0589')
,('mov123','rol0590')
,('mov123','rol0591')
,('mov123','rol0592')
,('mov123','rol0593')
,('mov123','rol0594')
,('mov124','rol0595')
,('mov124','rol0596')
,('mov124','rol0597')
,('mov124','rol0598')
,('mov125','rol0599')
,('mov125','rol0600')
,('mov125','rol0601')
,('mov125','rol0602')
,('mov125','rol0603')
,('mov125','rol0604')
,('mov126','rol0605')
,('mov126','rol0606')
,('mov126','rol0607')
,('mov126','rol0608')
,('mov127','rol0609')
,('mov127','rol0610')
,('mov127','rol0611')
,('mov127','rol0612')
,('mov128','rol0613')
,('mov128','rol0614')
,('mov128','rol0615')
,('mov128','rol0616')
,('mov129','rol0617')
,('mov129','rol0618')
,('mov129','rol0619')
,('mov129','rol0620')
,('mov130','rol0621')
,('mov130','rol0622')
,('mov130','rol0623')
,('mov130','rol0624')
,('mov131','rol0625')
,('mov131','rol0626')
,('mov131','rol0627')
,('mov131','rol0628')
,('mov131','rol0629')
,('mov131','rol0630')
,('mov132','rol0631')
,('mov132','rol0632')
,('mov132','rol0633')
,('mov132','rol0634')
,('mov133','rol0635')
,('mov133','rol0636')
,('mov133','rol0637')
,('mov133','rol0638')
,('mov133','rol0639')
,('mov134','rol0640')
,('mov134','rol0641')
,('mov134','rol0642')
,('mov134','rol0643')
,('mov135','rol0644')
,('mov135','rol0645')
,('mov135','rol0646')
,('mov135','rol0647')
,('mov136','rol0648')
,('mov136','rol0649')
,('mov136','rol0650')
,('mov136','rol0651')
,('mov136','rol0652')
,('mov136','rol0653')
,('mov136','rol0654')
,('mov137','rol0655')
,('mov137','rol0656')
,('mov137','rol0657')
,('mov137','rol0658')
,('mov137','rol0659')
,('mov138','rol0660')
,('mov138','rol0661')
,('mov138','rol0662')
,('mov138','rol0663')
,('mov139','rol0664')
,('mov139','rol0665')
,('mov139','rol0666')
,('mov139','rol0667')
,('mov139','rol0668')
,('mov140','rol0669')
,('mov140','rol0670')
,('mov140','rol0671')
,('mov140','rol0672')
,('mov140','rol0673')
,('mov141','rol0674')
,('mov141','rol0675')
,('mov141','rol0676')
,('mov141','rol0677')
,('mov141','rol0678')
,('mov142','rol0679')
,('mov142','rol0680')
,('mov142','rol0681')
,('mov142','rol0682')
,('mov143','rol0683')
,('mov143','rol0684')
,('mov143','rol0685')
,('mov143','rol0686')
,('mov143','rol0687')
,('mov144','rol0688')
,('mov144','rol0689')
,('mov144','rol0690')
,('mov144','rol0691')
,('mov144','rol0692')
,('mov144','rol0693')
,('mov144','rol0694')
,('mov145','rol0695')
,('mov145','rol0696')
,('mov145','rol0697')
,('mov145','rol0698')
,('mov145','rol0699')
,('mov146','rol0700')
,('mov146','rol0701')
,('mov146','rol0702')
,('mov146','rol0703')
,('mov147','rol0704')
,('mov147','rol0705')
,('mov147','rol0706')
,('mov147','rol0707')
,('mov148','rol0708')
,('mov148','rol0709')
,('mov148','rol0710')
,('mov148','rol0711')
,('mov148','rol0712')
,('mov149','rol0713')
,('mov149','rol0714')
,('mov149','rol0715')
,('mov149','rol0716')
,('mov149','rol0717')
,('mov150','rol0718')
,('mov150','rol0719')
,('mov150','rol0720')
,('mov150','rol0721')
,('mov151','rol0722')
,('mov151','rol0723')
,('mov151','rol0724')
,('mov151','rol0725')
,('mov152','rol0726')
,('mov152','rol0727')
,('mov152','rol0728')
,('mov152','rol0729')
,('mov152','rol0730')
,('mov152','rol0731')
,('mov153','rol0732')
,('mov153','rol0733')
,('mov153','rol0734')
,('mov153','rol0735')
,('mov154','rol0736')
,('mov154','rol0737')
,('mov154','rol0738')
,('mov154','rol0739')
,('mov155','rol0740')
,('mov155','rol0741')
,('mov155','rol0742')
,('mov155','rol0743')
,('mov155','rol0744')
,('mov156','rol0745')
,('mov156','rol0746')
,('mov156','rol0747')
,('mov156','rol0748')
,('mov157','rol0749')
,('mov157','rol0750')
,('mov157','rol0751')
,('mov157','rol0752')
,('mov158','rol0753')
,('mov158','rol0754')
,('mov158','rol0755')
,('mov158','rol0756')
,('mov158','rol0757')
,('mov159','rol0758')
,('mov159','rol0759')
,('mov159','rol0760')
,('mov159','rol0761')
,('mov159','rol0762')
,('mov160','rol0763')
,('mov160','rol0764')
,('mov160','rol0765')
,('mov160','rol0766')
,('mov160','rol0767')
,('mov160','rol0768')
,('mov161','rol0769')
,('mov161','rol0770')
,('mov161','rol0771')
,('mov161','rol0772')
,('mov162','rol0773')
,('mov162','rol0774')
,('mov162','rol0775')
,('mov162','rol0776')
,('mov163','rol0777')
,('mov163','rol0778')
,('mov163','rol0779')
,('mov163','rol0780')
,('mov163','rol0781')
,('mov163','rol0782')
,('mov164','rol0783')
,('mov164','rol0784')
,('mov164','rol0785')
,('mov164','rol0786')
,('mov165','rol0787')
,('mov165','rol0788')
,('mov165','rol0789')
,('mov165','rol0790')
,('mov165','rol0791')
,('mov166','rol0792')
,('mov166','rol0793')
,('mov166','rol0794')
,('mov166','rol0795')
,('mov167','rol0796')
,('mov167','rol0797')
,('mov167','rol0798')
,('mov167','rol0799')
,('mov168','rol0800')
,('mov168','rol0801')
,('mov168','rol0802')
,('mov168','rol0803')
,('mov169','rol0804')
,('mov169','rol0805')
,('mov169','rol0806')
,('mov169','rol0807')
,('mov169','rol0808')
,('mov170','rol0809')
,('mov170','rol0810')
,('mov170','rol0811')
,('mov170','rol0812')
,('mov170','rol0813')
,('mov171','rol0814')
,('mov171','rol0815')
,('mov171','rol0816')
,('mov171','rol0817')
,('mov172','rol0818')
,('mov172','rol0819')
,('mov172','rol0820')
,('mov172','rol0821')
,('mov173','rol0822')
,('mov173','rol0823')
,('mov173','rol0824')
,('mov173','rol0825')
,('mov173','rol0826')
,('mov174','rol0827')
,('mov174','rol0828')
,('mov174','rol0829')
,('mov174','rol0830')
,('mov175','rol0831')
,('mov175','rol0832')
,('mov175','rol0833')
,('mov175','rol0834')
,('mov176','rol0835')
,('mov176','rol0836')
,('mov176','rol0837')
,('mov176','rol0838')
,('mov177','rol0839')
,('mov177','rol0840')
,('mov177','rol0841')
,('mov177','rol0842')
,('mov177','rol0843')
,('mov178','rol0844')
,('mov178','rol0845')
,('mov178','rol0846')
,('mov178','rol0847')
,('mov179','rol0848')
,('mov179','rol0849')
,('mov179','rol0850')
,('mov179','rol0851')
,('mov179','rol0852')
,('mov180','rol0853')
,('mov180','rol0854')
,('mov180','rol0855')
,('mov180','rol0856')
,('mov180','rol0857')
,('mov181','rol0858')
,('mov181','rol0859')
,('mov181','rol0860')
,('mov181','rol0861')
,('mov181','rol0862')
,('mov182','rol0863')
,('mov182','rol0864')
,('mov182','rol0865')
,('mov182','rol0866')
,('mov182','rol0867')
,('mov183','rol0868')
,('mov183','rol0869')
,('mov183','rol0870')
,('mov183','rol0871')
,('mov184','rol0872')
,('mov184','rol0873')
,('mov184','rol0874')
,('mov184','rol0875')
,('mov184','rol0876')
,('mov185','rol0877')
,('mov185','rol0878')
,('mov185','rol0879')
,('mov185','rol0880')
,('mov186','rol0881')
,('mov186','rol0882')
,('mov186','rol0883')
,('mov186','rol0884')
,('mov187','rol0885')
,('mov187','rol0886')
,('mov187','rol0887')
,('mov187','rol0888')
,('mov188','rol0889')
,('mov188','rol0890')
,('mov188','rol0891')
,('mov188','rol0892')
,('mov189','rol0893')
,('mov189','rol0894')
,('mov189','rol0895')
,('mov189','rol0896')
,('mov189','rol0897')
,('mov189','rol0898')
,('mov189','rol0899')
,('mov189','rol0900')
,('mov189','rol0901')
,('mov190','rol0902')
,('mov190','rol0903')
,('mov190','rol0904')
,('mov190','rol0905')
,('mov191','rol0906')
,('mov191','rol0907')
,('mov191','rol0908')
,('mov191','rol0909')
,('mov191','rol0910')
,('mov191','rol0911')
,('mov192','rol0912')
,('mov192','rol0913')
,('mov192','rol0914')
,('mov192','rol0915')
,('mov193','rol0916')
,('mov193','rol0917')
,('mov193','rol0918')
,('mov193','rol0919')
,('mov194','rol0920')
,('mov194','rol0921')
,('mov194','rol0922')
,('mov194','rol0923')
,('mov195','rol0924')
,('mov195','rol0925')
,('mov195','rol0926')
,('mov195','rol0927')
,('mov195','rol0928')
,('mov195','rol0929')
,('mov196','rol0930')
,('mov196','rol0931')
,('mov196','rol0932')
,('mov196','rol0933')
,('mov196','rol0934')
,('mov197','rol0935')
,('mov197','rol0936')
,('mov197','rol0937')
,('mov197','rol0938')
,('mov198','rol0939')
,('mov198','rol0940')
,('mov198','rol0941')
,('mov198','rol0942')
,('mov199','rol0943')
,('mov199','rol0944')
,('mov199','rol0945')
,('mov199','rol0946')
,('mov199','rol0947')
,('mov200','rol0948')
,('mov200','rol0949')
,('mov200','rol0950')
,('mov200','rol0951')
,('mov201','rol0952')
,('mov201','rol0953')
,('mov201','rol0954')
,('mov201','rol0955')
,('mov202','rol0956')
,('mov202','rol0957')
,('mov202','rol0958')
,('mov202','rol0959')
,('mov203','rol0960')
,('mov203','rol0961')
,('mov203','rol0962')
,('mov203','rol0963')
,('mov203','rol0964')
,('mov203','rol0965')
,('mov204','rol0966')
,('mov204','rol0967')
,('mov204','rol0968')
,('mov204','rol0969')
,('mov204','rol0970')
,('mov204','rol0971')
,('mov205','rol0972')
,('mov205','rol0973')
,('mov205','rol0974')
,('mov205','rol0975')
,('mov206','rol0976')
,('mov206','rol0977')
,('mov206','rol0978')
,('mov206','rol0979')
,('mov207','rol0980')
,('mov207','rol0981')
,('mov207','rol0982')
,('mov207','rol0983')
,('mov208','rol0984')
,('mov208','rol0985')
,('mov208','rol0986')
,('mov208','rol0987')
,('mov208','rol0988')
,('mov208','rol0989')
,('mov209','rol0990')
,('mov209','rol0991')
,('mov209','rol0992')
,('mov209','rol0993')
,('mov210','rol0994')
,('mov210','rol0995')
,('mov210','rol0996')
,('mov210','rol0997')
,('mov211','rol0998')
,('mov211','rol0999')
,('mov211','rol1000')
,('mov211','rol1001')
,('mov212','rol1002')
,('mov212','rol1003')
,('mov212','rol1004')
,('mov212','rol1005')
,('mov212','rol1006')
,('mov213','rol1007')
,('mov213','rol1008')
,('mov213','rol1009')
,('mov213','rol1010')
,('mov214','rol1011')
,('mov214','rol1012')
,('mov214','rol1013')
,('mov214','rol1014')
,('mov214','rol1015')
,('mov214','rol1016')
,('mov215','rol1017')
,('mov215','rol1018')
,('mov215','rol1019')
,('mov215','rol1020')
,('mov216','rol1021')
,('mov216','rol1022')
,('mov216','rol1023')
,('mov216','rol1024')
,('mov216','rol1025')
,('mov216','rol1026')
,('mov217','rol1027')
,('mov217','rol1028')
,('mov217','rol1029')
,('mov217','rol1030')
,('mov217','rol1031')
,('mov217','rol1032')
,('mov217','rol1033')
,('mov218','rol1034')
,('mov218','rol1035')
,('mov218','rol1036')
,('mov218','rol1037')
,('mov219','rol1038')
,('mov219','rol1039')
,('mov219','rol1040')
,('mov219','rol1041')
,('mov220','rol1042')
,('mov220','rol1043')
,('mov220','rol1044')
,('mov220','rol1045')
,('mov220','rol1046')
,('mov221','rol1047')
,('mov221','rol1048')
,('mov221','rol1049')
,('mov221','rol1050')
,('mov222','rol1051')
,('mov222','rol1052')
,('mov222','rol1053')
,('mov222','rol1054')
,('mov222','rol1055')
,('mov223','rol1056')
,('mov223','rol1057')
,('mov223','rol1058')
,('mov223','rol1059')
,('mov224','rol1060')
,('mov224','rol1061')
,('mov224','rol1062')
,('mov224','rol1063')
,('mov224','rol1064')
,('mov225','rol1065')
,('mov225','rol1066')
,('mov225','rol1067')
,('mov225','rol1068')
,('mov226','rol1069')
,('mov226','rol1070')
,('mov226','rol1071')
,('mov226','rol1072')
,('mov226','rol1073')
,('mov226','rol1074')
,('mov226','rol1075')
,('mov227','rol1076')
,('mov227','rol1077')
,('mov227','rol1078')
,('mov227','rol1079')
,('mov228','rol1080')
,('mov228','rol1081')
,('mov228','rol1082')
,('mov228','rol1083')
,('mov229','rol1084')
,('mov229','rol1085')
,('mov229','rol1086')
,('mov229','rol1087')
,('mov230','rol1088')
,('mov230','rol1089')
,('mov230','rol1090')
,('mov230','rol1091')
,('mov231','rol1092')
,('mov231','rol1093')
,('mov231','rol1094')
,('mov231','rol1095')
,('mov231','rol1096')
,('mov232','rol1097')
,('mov232','rol1098')
,('mov232','rol1099')
,('mov232','rol1100')
,('mov233','rol1101')
,('mov233','rol1102')
,('mov233','rol1103')
,('mov233','rol1104')
,('mov233','rol1105')
,('mov234','rol1106')
,('mov234','rol1107')
,('mov234','rol1108')
,('mov234','rol1109')
,('mov234','rol1110')
,('mov235','rol1111')
,('mov235','rol1112')
,('mov235','rol1113')
,('mov235','rol1114')
,('mov235','rol1115')
,('mov236','rol1116')
,('mov236','rol1117')
,('mov236','rol1118')
,('mov236','rol1119')
,('mov236','rol1120')
,('mov237','rol1121')
,('mov237','rol1122')
,('mov237','rol1123')
,('mov237','rol1124')
,('mov237','rol1125')
,('mov238','rol1126')
,('mov238','rol1127')
,('mov238','rol1128')
,('mov238','rol1129')
,('mov238','rol1130')
,('mov238','rol1131')
,('mov239','rol1132')
,('mov239','rol1133')
,('mov239','rol1134')
,('mov239','rol1135')
,('mov240','rol1136')
,('mov240','rol1137')
,('mov240','rol1138')
,('mov240','rol1139')
,('mov241','rol1140')
,('mov241','rol1141')
,('mov241','rol1142')
,('mov241','rol1143')
,('mov241','rol1144')
,('mov241','rol1145')
,('mov242','rol1146')
,('mov242','rol1147')
,('mov242','rol1148')
,('mov242','rol1149')
,('mov243','rol1150')
,('mov243','rol1151')
,('mov243','rol1152')
,('mov243','rol1153')
,('mov244','rol1154')
,('mov244','rol1155')
,('mov244','rol1156')
,('mov244','rol1157')
,('mov245','rol1158')
,('mov245','rol1159')
,('mov245','rol1160')
,('mov245','rol1161')
,('mov246','rol1162')
,('mov246','rol1163')
,('mov246','rol1164')
,('mov246','rol1165')
,('mov247','rol1166')
,('mov247','rol1167')
,('mov247','rol1168')
,('mov247','rol1169')
,('mov247','rol1170')
,('mov247','rol1171')
,('mov248','rol1172')
,('mov248','rol1173')
,('mov248','rol1174')
,('mov248','rol1175')
,('mov249','rol1176')
,('mov249','rol1177')
,('mov249','rol1178')
,('mov249','rol1179')
,('mov249','rol1180')
,('mov250','rol1181')
,('mov250','rol1182')
,('mov250','rol1183')
,('mov250','rol1184')
;

INSERT INTO Director(directorId, fname, lname) VALUES
('dir0001','Frank','Darabont')
,('dir0002','Francis','Ford Coppola')
,('dir0003','Christopher','Nolan')
,('dir0004','Steven','Spielberg')
,('dir0005','Sidney','Lumet')
,('dir0006','Quentin','Tarantino')
,('dir0007','Peter','Jackson')
,('dir0008','Sergio','Leone')
,('dir0009','David','Fincher')
,('dir0010','Irvin','Kershner')
,('dir0011','Robert','Zemeckis')
,('dir0012','Milos','Forman')
,('dir0013','Martin','Scorsese')
,('dir0014','Lana','Wachowski')
,('dir0015','Lilly','Wachowski')
,('dir0016','Akira','Kurosawa')
,('dir0017','George','Lucas')
,('dir0018','Fernando','Meirelles')
,('dir0019','Kátia','Lund')
,('dir0020','Jonathan','Demme')
,('dir0021','Frank','Capra')
,('dir0022','Bryan','Singer')
,('dir0023','Roberto','Benigni')
,('dir0024','Luc','Besson')
,('dir0025','Hayao','Miyazaki')
,('dir0026','Tony','Kaye')
,('dir0027','Michael','Curtiz')
,('dir0028','Charles','Chaplin')
,('dir0029','Alfred','Hitchcock')
,('dir0030','Olivier','Nakache')
,('dir0031','Eric','Toledano')
,('dir0032','James','Cameron')
,('dir0033','Roman','Polanski')
,('dir0034','Damien','Chazelle')
,('dir0035','Ridley','Scott')
,('dir0036','Stanley','Kubrick')
,('dir0037','Roger','Allers')
,('dir0038','Rob','Minkoff')
,('dir0039','Billy','Wilder')
,('dir0040','Florian','Henckel von Donnersmarck')
,('dir0041','Giuseppe','Tornatore')
,('dir0042','Isao','Takahata')
,('dir0043','Andrew','Stanton')
,('dir0044','Sam','Mendes')
,('dir0045','Chan-wook','Park')
,('dir0046','Orson','Welles')
,('dir0047','Wolfgang','Petersen')
,('dir0048','Richard','Marquand')
,('dir0049','Fritz','Lang')
,('dir0050','Jean-Pierre','Jeunet')
,('dir0051','Mel','Gibson')
,('dir0052','Darren','Aronofsky')
,('dir0053','Lee','Unkrich')
,('dir0054','Robert','Mulligan')
,('dir0055','David','Lean')
,('dir0056','Michel','Gondry')
,('dir0057','George','Roy Hill')
,('dir0058','Stanley','Donen')
,('dir0059','Gene','Kelly')
,('dir0060','Vittorio','De Sica')
,('dir0061','Guy','Ritchie')
,('dir0062','Terry','Gilliam')
,('dir0063','Terry','Jones')
,('dir0064','John','Lasseter')
,('dir0065','Eli','Roth')
,('dir0066','Curtis','Hanson')
,('dir0067','Brian','De Palma')
,('dir0068','Asghar','Farhadi')
,('dir0069','Joseph','L. Mankiewicz')
,('dir0070','John','Huston')
,('dir0071','Thomas','Vinterberg')
,('dir0072','Rajkumar','Hirani')
,('dir0073','Clint','Eastwood')
,('dir0074','Carol','Reed')
,('dir0075','Pete','Docter')
,('dir0076','Bob','Peterson')
,('dir0077','Gus','Van Sant')
,('dir0078','Ronnie','Del Carmen')
,('dir0079','J.J.','Abrams')
,('dir0080','Oliver','Hirschbiegel')
,('dir0081','John','McTiernan')
,('dir0082','Lenny','Abrahamson')
,('dir0083','John','Sturges')
,('dir0084','Tim','Miller')
,('dir0085','Michael','Mann')
,('dir0086','Moustapha','Akkad')
,('dir0087','Elia','Kazan')
,('dir0088','Guillermo','del Toro')
,('dir0089','F.W.','Murnau')
,('dir0090','Byron','Howard')
,('dir0091','Rich','Moore')
,('dir0092','Jared','Bush')
,('dir0093','Ingmar','Bergman')
,('dir0094','Juan','José Campanella')
,('dir0095','Clyde','Bruckman')
,('dir0096','Buster','Keaton')
,('dir0097','David','Lynch')
,('dir0098','Gavin','O''Connor')
,('dir0099','James','McTeigue')
,('dir0100','Stanley','Kramer')
,('dir0101','Ron','Howard')
,('dir0102','Joel','Coen')
,('dir0103','Ethan','Coen')
,('dir0104','Denis','Villeneuve')
,('dir0105','Michael','Cimino')
,('dir0106','Victor','Fleming')
,('dir0107','George','Cukor')
,('dir0108','Sam','Wood')
,('dir0109','Danny','Boyle')
,('dir0110','Stuart','Rosenberg')
,('dir0111','Dean','DeBlois')
,('dir0112','Chris','Sanders')
,('dir0113','M.','Night Shyamalan')
,('dir0114','Sean','Penn')
,('dir0115','John','Carpenter')
,('dir0116','Adam','Elliot')
,('dir0117','Terry','George')
,('dir0118','George','Miller')
,('dir0119','Paul','Thomas Anderson')
,('dir0120','Oliver','Stone')
,('dir0121','Alejandro','González Iñárritu')
,('dir0122','Tom','McCarthy')
,('dir0123','Henri-Georges','Clouzot')
,('dir0124','François','Truffaut')
,('dir0125','Rob','Reiner')
,('dir0126','Jim','Sheridan')
,('dir0127','Steve','McQueen')
,('dir0128','Wes','Anderson')
,('dir0129','William','Wyler')
,('dir0130','Woody','Allen')
,('dir0131','Damián','Szifrón')
,('dir0132','John','Ford')
,('dir0133','Lasse','Hallström')
,('dir0134','Andrei','Tarkovsky')
,('dir0135','Richard','Attenborough')
,('dir0136','Paul','Greengrass')
,('dir0137','Federico','Fellini')
,('dir0138','Richard','Kelly')
,('dir0139','Richard','Linklater')
,('dir0140','Mervyn','LeRoy')
,('dir0141','Norman','Taurog')
,('dir0142','King','Vidor')
,('dir0143','Joon','Ho Bong')
,('dir0144','John','G. Avildsen')
,('dir0145','Peter','Weir')
,('dir0146','Frank','Miller')
,('dir0147','Robert','Rodriguez')
,('dir0148','David','Silverman')
,('dir0149','David','Yates')
,('dir0150','Harold','Ramis')
,('dir0151','Wai-Keung','Lau')
,('dir0152','Alan','Mak')
,('dir0153','Gillo','Pontecorvo')
,('dir0154','Mathieu','Kassovitz')
,('dir0155','Wilson','Yip')
,('dir0156','Morten','Tyldum')
,('dir0157','Joss','Whedon')
,('dir0158','Gore','Verbinski')
,('dir0159','Tom','Hooper')
,('dir0160','Tate','Taylor')
,('dir0161','James','Gunn')
,('dir0162','Fred','Zinnemann')
,('dir0163','Jean','Renoir')
,('dir0164','Gary','Trousdale')
,('dir0165','Kirk','Wise')
,('dir0166','Mike','Nichols')
,('dir0167','Kar-Wai','Wong')
,('dir0168','Ki-duk','Kim')
,('dir0169','Ashutosh','Gowariker')
;

INSERT INTO Directs(directorId,movieId) VALUES
('dir0001','mov001')
,('dir0002','mov002')
,('dir0002','mov003')
,('dir0003','mov004')
,('dir0004','mov005')
,('dir0005','mov006')
,('dir0006','mov007')
,('dir0007','mov008')
,('dir0008','mov009')
,('dir0009','mov010')
,('dir0007','mov011')
,('dir0010','mov012')
,('dir0011','mov013')
,('dir0003','mov014')
,('dir0007','mov015')
,('dir0012','mov016')
,('dir0013','mov017')
,('dir0014','mov018')
,('dir0015','mov018')
,('dir0016','mov019')
,('dir0017','mov020')
,('dir0018','mov021')
,('dir0019','mov021')
,('dir0009','mov022')
,('dir0020','mov023')
,('dir0021','mov024')
,('dir0022','mov025')
,('dir0023','mov026')
,('dir0024','mov027')
,('dir0008','mov028')
,('dir0025','mov029')
,('dir0004','mov030')
,('dir0003','mov031')
,('dir0026','mov032')
,('dir0027','mov033')
,('dir0028','mov034')
,('dir0029','mov035')
,('dir0004','mov036')
,('dir0029','mov037')
,('dir0030','mov038')
,('dir0031','mov038')
,('dir0028','mov039')
,('dir0001','mov040')
,('dir0032','mov041')
,('dir0033','mov042')
,('dir0013','mov043')
,('dir0011','mov044')
,('dir0034','mov045')
,('dir0003','mov046')
,('dir0035','mov047')
,('dir0002','mov048')
,('dir0003','mov049')
,('dir0036','mov050')
,('dir0037','mov051')
,('dir0038','mov051')
,('dir0039','mov052')
,('dir0035','mov053')
,('dir0028','mov054')
,('dir0040','mov055')
,('dir0041','mov056')
,('dir0006','mov057')
,('dir0036','mov058')
,('dir0036','mov059')
,('dir0042','mov060')
,('dir0043','mov061')
,('dir0003','mov062')
,('dir0044','mov063')
,('dir0032','mov064')
,('dir0025','mov065')
,('dir0045','mov066')
,('dir0046','mov067')
,('dir0029','mov068')
,('dir0008','mov069')
,('dir0029','mov070')
,('dir0047','mov071')
,('dir0048','mov072')
,('dir0049','mov073')
,('dir0039','mov074')
,('dir0006','mov075')
,('dir0050','mov076')
,('dir0051','mov077')
,('dir0052','mov078')
,('dir0036','mov079')
,('dir0013','mov080')
,('dir0053','mov081')
,('dir0039','mov082')
,('dir0054','mov083')
,('dir0055','mov084')
,('dir0056','mov085')
,('dir0036','mov086')
,('dir0012','mov087')
,('dir0057','mov088')
,('dir0036','mov089')
,('dir0058','mov090')
,('dir0059','mov090')
,('dir0060','mov091')
,('dir0061','mov092')
,('dir0062','mov093')
,('dir0063','mov093')
,('dir0064','mov094')
,('dir0028','mov095')
,('dir0006','mov096')
,('dir0065','mov096')
,('dir0066','mov097')
,('dir0008','mov098')
,('dir0016','mov099')
,('dir0039','mov100')
,('dir0004','mov101')
,('dir0067','mov102')
,('dir0068','mov103')
,('dir0069','mov104')
,('dir0049','mov105')
,('dir0016','mov106')
,('dir0070','mov107')
,('dir0003','mov108')
,('dir0039','mov109')
,('dir0071','mov110')
,('dir0072','mov111')
,('dir0073','mov112')
,('dir0074','mov113')
,('dir0075','mov114')
,('dir0076','mov114')
,('dir0077','mov115')
,('dir0075','mov116')
,('dir0078','mov116')
,('dir0079','mov117')
,('dir0013','mov118')
,('dir0080','mov119')
,('dir0081','mov120')
,('dir0082','mov121')
,('dir0033','mov122')
,('dir0083','mov123')
,('dir0084','mov124')
,('dir0085','mov125')
,('dir0086','mov126')
,('dir0087','mov127')
,('dir0088','mov128')
,('dir0025','mov129')
,('dir0016','mov130')
,('dir0021','mov131')
,('dir0089','mov132')
,('dir0055','mov133')
,('dir0016','mov134')
,('dir0028','mov135')
,('dir0090','mov136')
,('dir0091','mov136')
,('dir0092','mov136')
,('dir0093','mov137')
,('dir0094','mov138')
,('dir0035','mov139')
,('dir0061','mov140')
,('dir0093','mov141')
,('dir0095','mov142')
,('dir0096','mov142')
,('dir0025','mov143')
,('dir0013','mov144')
,('dir0097','mov145')
,('dir0098','mov146')
,('dir0013','mov147')
,('dir0099','mov148')
,('dir0100','mov149')
,('dir0101','mov150')
,('dir0073','mov151')
,('dir0102','mov152')
,('dir0103','mov152')
,('dir0104','mov153')
,('dir0105','mov154')
,('dir0029','mov155')
,('dir0106','mov156')
,('dir0107','mov156')
,('dir0108','mov156')
,('dir0102','mov157')
,('dir0103','mov157')
,('dir0109','mov158')
,('dir0110','mov159')
,('dir0111','mov160')
,('dir0112','mov160')
,('dir0029','mov161')
,('dir0113','mov162')
,('dir0043','mov163')
,('dir0053','mov163')
,('dir0114','mov164')
,('dir0115','mov165')
,('dir0103','mov166')
,('dir0102','mov166')
,('dir0021','mov167')
,('dir0116','mov168')
,('dir0009','mov169')
,('dir0006','mov170')
,('dir0101','mov171')
,('dir0063','mov172')
,('dir0117','mov173')
,('dir0070','mov174')
,('dir0118','mov175')
,('dir0119','mov176')
,('dir0120','mov177')
,('dir0121','mov178')
,('dir0122','mov179')
,('dir0123','mov180')
,('dir0005','mov181')
,('dir0057','mov182')
,('dir0124','mov183')
,('dir0125','mov184')
,('dir0126','mov185')
,('dir0013','mov186')
,('dir0093','mov187')
,('dir0127','mov188')
,('dir0128','mov189')
,('dir0121','mov190')
,('dir0125','mov191')
,('dir0073','mov192')
,('dir0046','mov193')
,('dir0129','mov194')
,('dir0130','mov195')
,('dir0131','mov196')
,('dir0132','mov197')
,('dir0133','mov198')
,('dir0025','mov199')
,('dir0134','mov200')
,('dir0004','mov201')
,('dir0123','mov202')
,('dir0135','mov203')
,('dir0136','mov204')
,('dir0137','mov205')
,('dir0138','mov206')
,('dir0139','mov207')
,('dir0106','mov208')
,('dir0107','mov208')
,('dir0140','mov208')
,('dir0141','mov208')
,('dir0142','mov208')
,('dir0143','mov209')
,('dir0144','mov210')
,('dir0145','mov211')
,('dir0129','mov212')
,('dir0032','mov213')
,('dir0146','mov214')
,('dir0147','mov214')
,('dir0006','mov214')
,('dir0062','mov215')
,('dir0075','mov216')
,('dir0148','mov216')
,('dir0053','mov216')
,('dir0149','mov217')
,('dir0029','mov218')
,('dir0150','mov219')
,('dir0151','mov220')
,('dir0152','mov220')
,('dir0004','mov221')
,('dir0035','mov222')
,('dir0153','mov223')
,('dir0154','mov224')
,('dir0036','mov225')
,('dir0005','mov226')
,('dir0104','mov227')
,('dir0093','mov228')
,('dir0155','mov229')
,('dir0156','mov230')
,('dir0157','mov231')
,('dir0158','mov232')
,('dir0159','mov233')
,('dir0160','mov234')
,('dir0008','mov235')
,('dir0161','mov236')
,('dir0016','mov237')
,('dir0025','mov238')
,('dir0004','mov239')
,('dir0129','mov240')
,('dir0162','mov241')
,('dir0163','mov242')
,('dir0164','mov243')
,('dir0165','mov243')
,('dir0166','mov244')
,('dir0029','mov245')
,('dir0167','mov246')
,('dir0168','mov247')
,('dir0169','mov248')
,('dir0072','mov249')
,('dir0139','mov250')
;

INSERT INTO Studio(studioId, name) VALUES
('stu001','Castle Rock Entertainment')
,('stu002','Paramount Pictures')
,('stu003','Alfran Productions')
,('stu004','The Coppola Company')
,('stu005','Warner Bros.')
,('stu006','Legendary Pictures')
,('stu007','Syncopy')
,('stu008','Universal Pictures')
,('stu009','Amblin Entertainment')
,('stu010','Orion-Nova Productions')
,('stu011','Miramax')
,('stu012','A Band Apart')
,('stu013','Jersey Films')
,('stu014','New Line Cinema')
,('stu015','WingNut Films')
,('stu016','The Saul Zaentz Company')
,('stu017','Produzioni Europee Associati (PEA)')
,('stu018','Arturo González Producciones Cinematográficas, S.A')
,('stu019','Constantin Film Produktion')
,('stu020','Fox 2000 Pictures')
,('stu021','Regency Enterprises')
,('stu022','Linson Films')
,('stu023','Lucasfilm')
,('stu024','Fantasy Films')
,('stu025','Village Roadshow Pictures')
,('stu026','Groucho II Film Partnership')
,('stu027','Toho Company')
,('stu028','Twentieth Century Fox Film Corporation')
,('stu029','O2 Filmes')
,('stu030','VideoFilmes')
,('stu031','Globo Filmes')
,('stu032','Cecchi Gori Pictures')
,('stu033','Juno Pix')
,('stu034','Strong Heart/Demme Production')
,('stu035','Orion Pictures')
,('stu036','Liberty Films (II)')
,('stu037','PolyGram Filmed Entertainment')
,('stu038','Spelling Films International')
,('stu039','Blue Parrot')
,('stu040','Melampo Cinematografica')
,('stu041','Cecchi Gori Group Tiger Cinematografica')
,('stu042','Gaumont')
,('stu043','Les Films du Dauphin')
,('stu044','Rafran Cinematografica')
,('stu045','Finanzia San Marco')
,('stu046','Tokuma Shoten')
,('stu047','Studio Ghibli')
,('stu048','Nippon Television Network (NTV)')
,('stu049','DreamWorks SKG')
,('stu050','Savoy Pictures')
,('stu051','Turman-Morrissey Company, The')
,('stu052','Charles Chaplin Productions')
,('stu053','Shamley Productions')
,('stu054','Patron Inc.')
,('stu055','Quad Productions')
,('stu056','Ten Films')
,('stu057','Canal+')
,('stu058','Darkwoods Productions')
,('stu059','Carolco Pictures')
,('stu060','Pacific Western')
,('stu061','Lightstorm Entertainment')
,('stu062','R.P. Productions')
,('stu063','Heritage Films')
,('stu064','Studio Babelsberg')
,('stu065','Plan B Entertainment')
,('stu066','Initial Entertainment Group (IEG)')
,('stu067','U-Drive Productions')
,('stu068','Bold Films')
,('stu069','Blumhouse Productions')
,('stu070','Right of Way Films')
,('stu071','Newmarket Capital Group')
,('stu072','Team Todd')
,('stu073','I Remember Productions')
,('stu074','Scott Free Productions')
,('stu075','Zoetrope Studios')
,('stu076','Touchstone Pictures')
,('stu077','Newmarket Productions')
,('stu078','Columbia Pictures Corporation')
,('stu079','Hawk Films')
,('stu080','Walt Disney Pictures')
,('stu081','Walt Disney Feature Animation')
,('stu082','Brandywine Productions')
,('stu083','Twentieth Century-Fox Productions')
,('stu084','Wiedemann & Berg Filmproduktion')
,('stu085','Bayerischer Rundfunk (BR)')
,('stu086','Arte')
,('stu087','Cristaldifilm')
,('stu088','Les Films Ariane')
,('stu089','Rai 3')
,('stu090','Weinstein Company, The')
,('stu091','Columbia Pictures')
,('stu092','Peregrine')
,('stu093','Bryna Productions')
,('stu094','Shinchosha Company')
,('stu095','Pixar Animation Studios')
,('stu096','DC Entertainment')
,('stu097','Jinks/Cohen Company')
,('stu098','SLM Production Group')
,('stu099','DENTSU Music And Entertainment')
,('stu100','Nibariki')
,('stu101','Egg Films')
,('stu102','Show East')
,('stu103','RKO Radio Pictures')
,('stu104','Mercury Productions')
,('stu105','Metro-Goldwyn-Mayer (MGM)')
,('stu106','Ladd Company, The')
,('stu107','Embassy International Pictures')
,('stu108','Producers Sales Organization (PSO)')
,('stu109','Alfred J. Hitchcock Productions')
,('stu110','Bavaria Film')
,('stu111','Radiant Film GmbH')
,('stu112','Süddeutscher Rundfunk (SDR)')
,('stu113','Nero-Film AG')
,('stu114','Edward Small Productions')
,('stu115','Live Entertainment')
,('stu116','Dog Eat Dog Productions Inc.')
,('stu117','Claudie Ossard Productions')
,('stu118','Union Générale Cinématographique (UGC)')
,('stu119','Victoires Productions')
,('stu120','Icon Entertainment International')
,('stu121','B.H. Finance C.V.')
,('stu122','Artisan Entertainment')
,('stu123','Thousand Words')
,('stu124','Sibling Productions')
,('stu125','Bill/Phillips')
,('stu126','Italo/Judeo Productions')
,('stu127','Universal International Pictures (UI)')
,('stu128','Pakula-Mulligan')
,('stu129','Brentwood Productions')
,('stu130','Horizon Pictures (II)')
,('stu131','Focus Features')
,('stu132','Anonymous Content')
,('stu133','This Is That Productions')
,('stu134','Natant')
,('stu135','Stanley Kubrick Productions')
,('stu136','AMLF')
,('stu137','Zanuck/Brown Productions')
,('stu138','Loew''s')
,('stu139','Produzioni De Sica (PDS)')
,('stu140','Produzioni De Sica')
,('stu141','SKA Films')
,('stu142','Michael White Productions')
,('stu143','National Film Trustee Company')
,('stu144','Python (Monty) Pictures')
,('stu145','Wolper Organization, The')
,('stu146','Arturo González Producciones Cinematográficas')
,('stu147','Daiei Motion Picture Company')
,('stu148','Mirisch Corporation, The')
,('stu149','Asghar Farhadi')
,('stu150','Universum Film (UFA)')
,('stu151','Kurosawa Production Co.')
,('stu152','DC Comics')
,('stu153','Ashton Productions')
,('stu154','Danmarks Radio (DR)')
,('stu155','Det Danske Filminstitut')
,('stu156','Eurimages')
,('stu157','Vinod Chopra Productions')
,('stu158','Malpaso Productions')
,('stu159','Carol Reed''s Production')
,('stu160','London Film Productions')
,('stu161','Be Gentlemen Limited Partnership')
,('stu162','Lawrence Bender Productions')
,('stu163','Bad Robot')
,('stu164','Truenorth Productions')
,('stu165','United Artists')
,('stu166','Chartoff-Winkler Productions')
,('stu167','Norddeutscher Rundfunk (NDR)')
,('stu168','Westdeutscher Rundfunk (WDR)')
,('stu169','Gordon Company')
,('stu170','Silver Pictures')
,('stu171','Element Pictures')
,('stu172','No Trace Camping')
,('stu173','Penthouse')
,('stu174','Long Road Productions')
,('stu175','Mirisch Company, The')
,('stu176','Alpha')
,('stu177','Marvel Entertainment')
,('stu178','Kinberg Genre')
,('stu179','Forward Pass')
,('stu180','Filmco International Productions')
,('stu181','Horizon Pictures')
,('stu182','Estudios Picasso')
,('stu183','Tequila Gang')
,('stu184','Esperanto Filmoj')
,('stu185','Tokuma Japan Communications')
,('stu186','Fox Film Corporation')
,('stu187','Greenwich Film Productions')
,('stu188','Herald Ace')
,('stu189','Nippon Herald Films')
,('stu190','Walt Disney Animation Studios')
,('stu191','Svensk Filmindustri (SF)')
,('stu192','Tornasol Films')
,('stu193','Haddock Films')
,('stu194','100 Bares')
,('stu195','Shaw Brothers')
,('stu196','Summit Entertainment')
,('stu197','Steve Tisch Company, The')
,('stu198','Buster Keaton Productions')
,('stu199','Joseph M. Schenck Productions')
,('stu200','Buena Vista Home Entertainment')
,('stu201','Mitsubishi')
,('stu202','Syalis DA')
,('stu203','Légende Entreprises')
,('stu204','Brooksfilms')
,('stu205','Lionsgate')
,('stu206','Mimran Schur Pictures')
,('stu207','Solaris')
,('stu208','Red Granite Pictures')
,('stu209','Appian Way')
,('stu210','Virtual Studios')
,('stu211','Roxlom Films Inc.')
,('stu212','Imagine Entertainment')
,('stu213','Matten Productions')
,('stu214','Double Nickel Entertainment')
,('stu215','Gerber Pictures')
,('stu216','Polygram Filmed Entertainment')
,('stu217','Working Title Films')
,('stu218','micro_scope')
,('stu219','TS Productions')
,('stu220','Phi Group')
,('stu221','EMI Films')
,('stu222','Selznick International Pictures')
,('stu223','Channel Four Films')
,('stu224','Figment Films')
,('stu225','The Noel Gay Motion Picture Company')
,('stu226','Jalem Productions')
,('stu227','DreamWorks Animation')
,('stu228','Mad Hatter Entertainment')
,('stu229','Vertigo Entertainment')
,('stu230','Hollywood Pictures')
,('stu231','Spyglass Entertainment')
,('stu232','Kennedy/Marshall Company, The')
,('stu233','Disney Enterprises')
,('stu234','Paramount Vantage')
,('stu235','Art Linson Productions')
,('stu236','Into the Wild')
,('stu237','Turman-Foster Company')
,('stu238','Scott Rudin Productions')
,('stu239','Melodrama Pictures')
,('stu240','TSG Entertainment')
,('stu241','Super Cool ManChu')
,('stu242','Exclusive Media Group')
,('stu243','Cross Creek Pictures')
,('stu244','HandMade Films')
,('stu245','Lions Gate Films')
,('stu246','Industrial Development Corporation of South Africa')
,('stu247','Kennedy Miller Productions')
,('stu248','Ghoulardi Film Company')
,('stu249','Hemdale Film')
,('stu250','Cinema 86')
,('stu251','RatPac Entertainment')
,('stu252','New Regency Pictures')
,('stu253','First Look Media')
,('stu254','Participant Media')
,('stu255','Compagnie Industrielle et Commerciale Cinématographique (CICC)')
,('stu256','Filmsonor')
,('stu257','Vera Films')
,('stu258','Campanile Productions')
,('stu259','Newman-Foreman Company')
,('stu260','Les Films du Carrosse')
,('stu261','Sédif Productions')
,('stu262','Act III')
,('stu263','Act III Communications')
,('stu264','Hell''s Kitchen Films')
,('stu265','Phoenix Pictures')
,('stu266','Sikelia Productions')
,('stu267','River Road Entertainment')
,('stu268','Fox Searchlight Pictures')
,('stu269','Indian Paintbrush')
,('stu270','Altavista Films')
,('stu271','Zeta Film')
,('stu272','Buttercup Films Ltd.')
,('stu273','The Princess Bride Ltd.')
,('stu274','Lakeshore Entertainment')
,('stu275','Rollins-Joffe Productions')
,('stu276','Corner Producciones')
,('stu277','El Deseo')
,('stu278','Instituto Nacional de Cine y Artes Audiovisuales (INCAA)')
,('stu279','Stage 6 Films')
,('stu280','Inferno Distribution')
,('stu281','Hachiko')
,('stu282','Hakuhodo')
,('stu283','Kinostudiya ''''Mosfilm''''')
,('stu284','International Film Investors')
,('stu285','National Film Development Corporation of India (NFDC)')
,('stu286','Goldcrest Films International')
,('stu287','Motion Picture BETA Produktionsgesellschaft')
,('stu288','Cineriz')
,('stu289','Francinex')
,('stu290','Pandora Cinema')
,('stu291','Flower Films (II)')
,('stu292','Adam Fields Productions')
,('stu293','Detour Filmproduction')
,('stu294','Filmhaus Wien Universa Filmproduktions')
,('stu295','CJ Entertainment')
,('stu296','Muhan Investment')
,('stu297','Sidus Pictures')
,('stu298','Samuel Goldwyn Company, The')
,('stu299','Euro Film Funding')
,('stu300','Dimension Films')
,('stu301','Troublemaker Studios')
,('stu302','Atlas Entertainment')
,('stu303','Classico')
,('stu304','Heyday Films')
,('stu305','Moving Picture Company (MPC)')
,('stu306','Media Asia Films')
,('stu307','Basic Pictures')
,('stu308','Igor Film')
,('stu309','Casbah Film')
,('stu310','Cofinergie 6')
,('stu311','Egg Pictures')
,('stu312','Artists Entertainment Complex')
,('stu313','Alcon Entertainment')
,('stu314','8:38 Productions')
,('stu315','Madhouse Entertainment')
,('stu316','Cinematograph AB')
,('stu317','Svenska Filminstitutet (SFI)')
,('stu318','Beijing ShengShi HuaRei Film Investment & Management Co.')
,('stu319','China Film Co-Production Corporation')
,('stu320','Mandarin Films Distribution')
,('stu321','Black Bear Pictures')
,('stu322','Bristol Automotive')
,('stu323','Marvel Studios')
,('stu324','Jerry Bruckheimer Films')
,('stu325','See-Saw Films')
,('stu326','UK Film Council')
,('stu327','Reliance Entertainment')
,('stu328','Jolly Film')
,('stu329','Ocean Films')
,('stu330','Bulletproof Cupid')
,('stu331','Marvel Enterprises')
,('stu332','Kemp Company')
,('stu333','Splendid Pictures')
,('stu334','Stanley Kramer Productions')
,('stu335','Réalisation d''art cinématographique (RAC)')
,('stu336','Silver Screen Partners IV')
,('stu337','Chenault Productions')
,('stu338','Vanguard Films')
,('stu339','Block 2 Pictures')
,('stu340','Jet Tone Production')
,('stu341','Paradis Films')
,('stu342','Korea Pictures')
,('stu343','LJ Film')
,('stu344','Pandora Filmproduktion')
,('stu345','Aamir Khan Productions')
,('stu346','Ashutosh Gowariker Productions Pvt. Ltd.')
,('stu347','Jhamu Sughand Productions')
,('stu348','Rajkumar Hirani Films')
,('stu349','Warner Independent Pictures (WIP)')
;

INSERT INTO Sponsors(studioId,movieId) VALUES
('stu001','mov001')
,('stu002','mov002')
,('stu003','mov002')
,('stu002','mov003')
,('stu004','mov003')
,('stu005','mov004')
,('stu006','mov004')
,('stu007','mov004')
,('stu008','mov005')
,('stu009','mov005')
,('stu010','mov006')
,('stu011','mov007')
,('stu012','mov007')
,('stu013','mov007')
,('stu014','mov008')
,('stu015','mov008')
,('stu016','mov008')
,('stu017','mov009')
,('stu018','mov009')
,('stu019','mov009')
,('stu020','mov010')
,('stu021','mov010')
,('stu022','mov010')
,('stu014','mov011')
,('stu015','mov011')
,('stu016','mov011')
,('stu023','mov012')
,('stu002','mov013')
,('stu005','mov014')
,('stu006','mov014')
,('stu007','mov014')
,('stu014','mov015')
,('stu015','mov015')
,('stu016','mov015')
,('stu024','mov016')
,('stu005','mov017')
,('stu005','mov018')
,('stu025','mov018')
,('stu026','mov018')
,('stu027','mov019')
,('stu023','mov020')
,('stu028','mov020')
,('stu029','mov021')
,('stu030','mov021')
,('stu031','mov021')
,('stu032','mov022')
,('stu033','mov022')
,('stu014','mov022')
,('stu034','mov023')
,('stu035','mov023')
,('stu036','mov024')
,('stu037','mov025')
,('stu038','mov025')
,('stu039','mov025')
,('stu040','mov026')
,('stu041','mov026')
,('stu042','mov027')
,('stu043','mov027')
,('stu044','mov028')
,('stu045','mov028')
,('stu002','mov028')
,('stu046','mov029')
,('stu047','mov029')
,('stu048','mov029')
,('stu049','mov030')
,('stu002','mov030')
,('stu009','mov030')
,('stu002','mov031')
,('stu005','mov031')
,('stu006','mov031')
,('stu014','mov032')
,('stu050','mov032')
,('stu051','mov032')
,('stu005','mov033')
,('stu052','mov034')
,('stu053','mov035')
,('stu002','mov036')
,('stu023','mov036')
,('stu002','mov037')
,('stu054','mov037')
,('stu055','mov038')
,('stu056','mov038')
,('stu057','mov038')
,('stu052','mov039')
,('stu001','mov040')
,('stu058','mov040')
,('stu005','mov040')
,('stu059','mov041')
,('stu060','mov041')
,('stu061','mov041')
,('stu062','mov042')
,('stu063','mov042')
,('stu064','mov042')
,('stu005','mov043')
,('stu065','mov043')
,('stu066','mov043')
,('stu008','mov044')
,('stu009','mov044')
,('stu067','mov044')
,('stu068','mov045')
,('stu069','mov045')
,('stu070','mov045')
,('stu071','mov046')
,('stu072','mov046')
,('stu073','mov046')
,('stu049','mov047')
,('stu008','mov047')
,('stu074','mov047')
,('stu075','mov048')
,('stu076','mov049')
,('stu005','mov049')
,('stu077','mov049')
,('stu078','mov050')
,('stu079','mov050')
,('stu080','mov051')
,('stu081','mov051')
,('stu002','mov052')
,('stu082','mov053')
,('stu083','mov053')
,('stu052','mov054')
,('stu084','mov055')
,('stu085','mov055')
,('stu086','mov055')
,('stu087','mov056')
,('stu088','mov056')
,('stu089','mov056')
,('stu090','mov057')
,('stu091','mov057')
,('stu005','mov058')
,('stu079','mov058')
,('stu092','mov058')
,('stu093','mov059')
,('stu094','mov060')
,('stu047','mov060')
,('stu080','mov061')
,('stu095','mov061')
,('stu005','mov062')
,('stu006','mov062')
,('stu096','mov062')
,('stu049','mov063')
,('stu097','mov063')
,('stu028','mov064')
,('stu082','mov064')
,('stu098','mov064')
,('stu099','mov065')
,('stu100','mov065')
,('stu048','mov065')
,('stu101','mov066')
,('stu102','mov066')
,('stu103','mov067')
,('stu104','mov067')
,('stu105','mov068')
,('stu106','mov069')
,('stu107','mov069')
,('stu108','mov069')
,('stu109','mov070')
,('stu110','mov071')
,('stu111','mov071')
,('stu112','mov071')
,('stu023','mov072')
,('stu113','mov073')
,('stu114','mov074')
,('stu105','mov074')
,('stu115','mov075')
,('stu116','mov075')
,('stu117','mov076')
,('stu118','mov076')
,('stu119','mov076')
,('stu120','mov077')
,('stu106','mov077')
,('stu121','mov077')
,('stu122','mov078')
,('stu123','mov078')
,('stu124','mov078')
,('stu005','mov079')
,('stu079','mov079')
,('stu078','mov080')
,('stu125','mov080')
,('stu126','mov080')
,('stu080','mov081')
,('stu095','mov081')
,('stu002','mov082')
,('stu127','mov083')
,('stu128','mov083')
,('stu129','mov083')
,('stu130','mov084')
,('stu131','mov085')
,('stu132','mov085')
,('stu133','mov085')
,('stu134','mov086')
,('stu135','mov086')
,('stu005','mov086')
,('stu136','mov087')
,('stu016','mov087')
,('stu137','mov088')
,('stu008','mov088')
,('stu105','mov089')
,('stu135','mov089')
,('stu105','mov090')
,('stu138','mov090')
,('stu139','mov091')
,('stu140','mov091')
,('stu078','mov092')
,('stu141','mov092')
,('stu142','mov093')
,('stu143','mov093')
,('stu144','mov093')
,('stu095','mov094')
,('stu080','mov094')
,('stu052','mov095')
,('stu008','mov096')
,('stu090','mov096')
,('stu012','mov096')
,('stu021','mov097')
,('stu145','mov097')
,('stu005','mov097')
,('stu017','mov098')
,('stu146','mov098')
,('stu019','mov098')
,('stu147','mov099')
,('stu148','mov100')
,('stu002','mov101')
,('stu023','mov101')
,('stu008','mov102')
,('stu149','mov103')
,('stu028','mov104')
,('stu150','mov105')
,('stu151','mov106')
,('stu027','mov106')
,('stu005','mov107')
,('stu005','mov108')
,('stu007','mov108')
,('stu152','mov108')
,('stu153','mov109')
,('stu148','mov109')
,('stu154','mov110')
,('stu155','mov110')
,('stu156','mov110')
,('stu157','mov111')
,('stu005','mov112')
,('stu158','mov112')
,('stu159','mov113')
,('stu160','mov113')
,('stu080','mov114')
,('stu095','mov114')
,('stu161','mov115')
,('stu162','mov115')
,('stu011','mov115')
,('stu080','mov116')
,('stu095','mov116')
,('stu023','mov117')
,('stu163','mov117')
,('stu164','mov117')
,('stu165','mov118')
,('stu166','mov118')
,('stu019','mov119')
,('stu167','mov119')
,('stu168','mov119')
,('stu028','mov120')
,('stu169','mov120')
,('stu170','mov120')
,('stu171','mov121')
,('stu172','mov121')
,('stu002','mov122')
,('stu173','mov122')
,('stu174','mov122')
,('stu175','mov123')
,('stu176','mov123')
,('stu028','mov124')
,('stu177','mov124')
,('stu178','mov124')
,('stu005','mov125')
,('stu021','mov125')
,('stu179','mov125')
,('stu180','mov126')
,('stu078','mov127')
,('stu181','mov127')
,('stu182','mov128')
,('stu183','mov128')
,('stu184','mov128')
,('stu185','mov129')
,('stu047','mov129')
,('stu100','mov129')
,('stu027','mov130')
,('stu078','mov131')
,('stu186','mov132')
,('stu078','mov133')
,('stu130','mov133')
,('stu187','mov134')
,('stu188','mov134')
,('stu189','mov134')
,('stu052','mov135')
,('stu080','mov136')
,('stu190','mov136')
,('stu191','mov137')
,('stu192','mov138')
,('stu193','mov138')
,('stu194','mov138')
,('stu106','mov139')
,('stu195','mov139')
,('stu005','mov139')
,('stu196','mov140')
,('stu197','mov140')
,('stu141','mov140')
,('stu191','mov141')
,('stu198','mov142')
,('stu199','mov142')
,('stu200','mov143')
,('stu099','mov143')
,('stu201','mov143')
,('stu008','mov144')
,('stu202','mov144')
,('stu203','mov144')
,('stu204','mov145')
,('stu205','mov146')
,('stu206','mov146')
,('stu207','mov146')
,('stu002','mov147')
,('stu208','mov147')
,('stu209','mov147')
,('stu005','mov148')
,('stu210','mov148')
,('stu170','mov148')
,('stu211','mov149')
,('stu008','mov150')
,('stu049','mov150')
,('stu212','mov150')
,('stu213','mov151')
,('stu214','mov151')
,('stu215','mov151')
,('stu216','mov152')
,('stu217','mov152')
,('stu218','mov153')
,('stu219','mov153')
,('stu220','mov153')
,('stu221','mov154')
,('stu008','mov154')
,('stu222','mov155')
,('stu222','mov156')
,('stu105','mov156')
,('stu037','mov157')
,('stu217','mov157')
,('stu223','mov158')
,('stu224','mov158')
,('stu225','mov158')
,('stu226','mov159')
,('stu227','mov160')
,('stu228','mov160')
,('stu229','mov160')
,('stu005','mov161')
,('stu230','mov162')
,('stu231','mov162')
,('stu232','mov162')
,('stu080','mov163')
,('stu095','mov163')
,('stu233','mov163')
,('stu234','mov164')
,('stu235','mov164')
,('stu236','mov164')
,('stu008','mov165')
,('stu237','mov165')
,('stu234','mov166')
,('stu011','mov166')
,('stu238','mov166')
,('stu078','mov167')
,('stu239','mov168')
,('stu028','mov169')
,('stu021','mov169')
,('stu240','mov169')
,('stu011','mov170')
,('stu012','mov170')
,('stu241','mov170')
,('stu242','mov171')
,('stu243','mov171')
,('stu212','mov171')
,('stu244','mov172')
,('stu144','mov172')
,('stu165','mov173')
,('stu245','mov173')
,('stu246','mov173')
,('stu005','mov174')
,('stu005','mov175')
,('stu247','mov175')
,('stu025','mov175')
,('stu234','mov176')
,('stu011','mov176')
,('stu248','mov176')
,('stu249','mov177')
,('stu250','mov177')
,('stu021','mov178')
,('stu251','mov178')
,('stu252','mov178')
,('stu132','mov179')
,('stu253','mov179')
,('stu254','mov179')
,('stu255','mov180')
,('stu256','mov180')
,('stu257','mov180')
,('stu105','mov181')
,('stu165','mov181')
,('stu028','mov182')
,('stu258','mov182')
,('stu259','mov182')
,('stu260','mov183')
,('stu261','mov183')
,('stu078','mov184')
,('stu262','mov184')
,('stu263','mov184')
,('stu264','mov185')
,('stu008','mov185')
,('stu002','mov186')
,('stu265','mov186')
,('stu266','mov186')
,('stu191','mov187')
,('stu021','mov188')
,('stu267','mov188')
,('stu065','mov188')
,('stu268','mov189')
,('stu269','mov189')
,('stu064','mov189')
,('stu270','mov190')
,('stu271','mov190')
,('stu263','mov191')
,('stu272','mov191')
,('stu273','mov191')
,('stu005','mov192')
,('stu274','mov192')
,('stu158','mov192')
,('stu127','mov193')
,('stu105','mov194')
,('stu275','mov195')
,('stu276','mov196')
,('stu277','mov196')
,('stu278','mov196')
,('stu028','mov197')
,('stu279','mov198')
,('stu280','mov198')
,('stu281','mov198')
,('stu100','mov199')
,('stu046','mov199')
,('stu282','mov199')
,('stu283','mov200')
,('stu008','mov201')
,('stu009','mov201')
,('stu256','mov202')
,('stu257','mov202')
,('stu284','mov203')
,('stu285','mov203')
,('stu286','mov203')
,('stu008','mov204')
,('stu287','mov204')
,('stu232','mov204')
,('stu288','mov205')
,('stu289','mov205')
,('stu290','mov206')
,('stu291','mov206')
,('stu292','mov206')
,('stu001','mov207')
,('stu293','mov207')
,('stu294','mov207')
,('stu105','mov208')
,('stu295','mov209')
,('stu296','mov209')
,('stu297','mov209')
,('stu166','mov210')
,('stu165','mov210')
,('stu002','mov211')
,('stu238','mov211')
,('stu298','mov212')
,('stu249','mov213')
,('stu060','mov213')
,('stu299','mov213')
,('stu300','mov214')
,('stu301','mov214')
,('stu008','mov215')
,('stu302','mov215')
,('stu303','mov215')
,('stu080','mov216')
,('stu095','mov216')
,('stu005','mov217')
,('stu304','mov217')
,('stu305','mov217')
,('stu005','mov218')
,('stu078','mov219')
,('stu306','mov220')
,('stu307','mov220')
,('stu137','mov221')
,('stu008','mov221')
,('stu028','mov222')
,('stu240','mov222')
,('stu074','mov222')
,('stu308','mov223')
,('stu309','mov223')
,('stu057','mov224')
,('stu310','mov224')
,('stu311','mov224')
,('stu092','mov225')
,('stu079','mov225')
,('stu005','mov225')
,('stu005','mov226')
,('stu312','mov226')
,('stu313','mov227')
,('stu314','mov227')
,('stu315','mov227')
,('stu316','mov228')
,('stu317','mov228')
,('stu042','mov228')
,('stu318','mov229')
,('stu319','mov229')
,('stu320','mov229')
,('stu321','mov230')
,('stu322','mov230')
,('stu323','mov231')
,('stu002','mov231')
,('stu080','mov232')
,('stu324','mov232')
,('stu325','mov233')
,('stu090','mov233')
,('stu326','mov233')
,('stu049','mov234')
,('stu327','mov234')
,('stu254','mov234')
,('stu328','mov235')
,('stu019','mov235')
,('stu329','mov235')
,('stu323','mov236')
,('stu330','mov236')
,('stu331','mov236')
,('stu027','mov237')
,('stu151','mov237')
,('stu100','mov238')
,('stu047','mov238')
,('stu046','mov238')
,('stu049','mov239')
,('stu332','mov239')
,('stu333','mov239')
,('stu002','mov240')
,('stu334','mov241')
,('stu335','mov242')
,('stu080','mov243')
,('stu336','mov243')
,('stu081','mov243')
,('stu005','mov244')
,('stu337','mov244')
,('stu103','mov245')
,('stu338','mov245')
,('stu339','mov246')
,('stu340','mov246')
,('stu341','mov246')
,('stu342','mov247')
,('stu343','mov247')
,('stu344','mov247')
,('stu345','mov248')
,('stu346','mov248')
,('stu347','mov248')
,('stu348','mov249')
,('stu157','mov249')
,('stu349','mov250')
,('stu001','mov250')
,('stu293','mov250')
;

INSERT INTO Topic(topicId, description) VALUES
('top001','Crime')
,('top002','Drama')
,('top003','Action')
,('top004','Biography')
,('top005','History')
,('top006','Adventure')
,('top007','Fantasy')
,('top008','Western')
,('top009','Romance')
,('top010','Mystery')
,('top011','Sci-Fi')
,('top012','Thriller')
,('top013','Family')
,('top014','Comedy')
,('top015','Animation')
,('top016','War')
,('top017','Horror')
,('top018','Music')
,('top019','Film-Noir')
,('top020','Musical')
,('top021','Sport')
;

INSERT INTO MovieTopic(topicId,movieId) VALUES
('top001','mov001')
,('top002','mov001')
,('top001','mov002')
,('top002','mov002')
,('top001','mov003')
,('top002','mov003')
,('top003','mov004')
,('top001','mov004')
,('top002','mov004')
,('top004','mov005')
,('top002','mov005')
,('top005','mov005')
,('top001','mov006')
,('top002','mov006')
,('top001','mov007')
,('top002','mov007')
,('top006','mov008')
,('top002','mov008')
,('top007','mov008')
,('top008','mov009')
,('top002','mov010')
,('top006','mov011')
,('top002','mov011')
,('top007','mov011')
,('top003','mov012')
,('top006','mov012')
,('top007','mov012')
,('top002','mov013')
,('top009','mov013')
,('top003','mov014')
,('top010','mov014')
,('top011','mov014')
,('top003','mov015')
,('top006','mov015')
,('top002','mov015')
,('top002','mov016')
,('top004','mov017')
,('top001','mov017')
,('top002','mov017')
,('top003','mov018')
,('top011','mov018')
,('top002','mov019')
,('top003','mov020')
,('top006','mov020')
,('top007','mov020')
,('top001','mov021')
,('top002','mov021')
,('top001','mov022')
,('top002','mov022')
,('top010','mov022')
,('top001','mov023')
,('top002','mov023')
,('top012','mov023')
,('top002','mov024')
,('top013','mov024')
,('top007','mov024')
,('top001','mov025')
,('top002','mov025')
,('top010','mov025')
,('top014','mov026')
,('top002','mov026')
,('top009','mov026')
,('top001','mov027')
,('top002','mov027')
,('top012','mov027')
,('top008','mov028')
,('top015','mov029')
,('top006','mov029')
,('top013','mov029')
,('top003','mov030')
,('top002','mov030')
,('top016','mov030')
,('top006','mov031')
,('top002','mov031')
,('top011','mov031')
,('top001','mov032')
,('top002','mov032')
,('top002','mov033')
,('top009','mov033')
,('top016','mov033')
,('top014','mov034')
,('top002','mov034')
,('top009','mov034')
,('top017','mov035')
,('top010','mov035')
,('top012','mov035')
,('top003','mov036')
,('top006','mov036')
,('top010','mov037')
,('top012','mov037')
,('top004','mov038')
,('top014','mov038')
,('top002','mov038')
,('top014','mov039')
,('top002','mov039')
,('top001','mov040')
,('top002','mov040')
,('top007','mov040')
,('top003','mov041')
,('top011','mov041')
,('top004','mov042')
,('top002','mov042')
,('top016','mov042')
,('top001','mov043')
,('top002','mov043')
,('top012','mov043')
,('top006','mov044')
,('top014','mov044')
,('top011','mov044')
,('top002','mov045')
,('top018','mov045')
,('top010','mov046')
,('top012','mov046')
,('top003','mov047')
,('top002','mov047')
,('top002','mov048')
,('top016','mov048')
,('top002','mov049')
,('top010','mov049')
,('top011','mov049')
,('top014','mov050')
,('top015','mov051')
,('top006','mov051')
,('top002','mov051')
,('top002','mov052')
,('top019','mov052')
,('top017','mov053')
,('top011','mov053')
,('top014','mov054')
,('top002','mov054')
,('top016','mov054')
,('top002','mov055')
,('top012','mov055')
,('top002','mov056')
,('top002','mov057')
,('top008','mov057')
,('top002','mov058')
,('top017','mov058')
,('top002','mov059')
,('top016','mov059')
,('top015','mov060')
,('top002','mov060')
,('top016','mov060')
,('top015','mov061')
,('top006','mov061')
,('top013','mov061')
,('top003','mov062')
,('top012','mov062')
,('top002','mov063')
,('top003','mov064')
,('top017','mov064')
,('top011','mov064')
,('top015','mov065')
,('top006','mov065')
,('top007','mov065')
,('top002','mov066')
,('top010','mov066')
,('top012','mov066')
,('top002','mov067')
,('top010','mov067')
,('top006','mov068')
,('top001','mov068')
,('top010','mov068')
,('top001','mov069')
,('top002','mov069')
,('top010','mov070')
,('top009','mov070')
,('top012','mov070')
,('top006','mov071')
,('top002','mov071')
,('top012','mov071')
,('top003','mov072')
,('top006','mov072')
,('top007','mov072')
,('top001','mov073')
,('top002','mov073')
,('top010','mov073')
,('top002','mov074')
,('top010','mov074')
,('top001','mov075')
,('top012','mov075')
,('top014','mov076')
,('top009','mov076')
,('top004','mov077')
,('top002','mov077')
,('top005','mov077')
,('top002','mov078')
,('top001','mov079')
,('top002','mov079')
,('top011','mov079')
,('top001','mov080')
,('top002','mov080')
,('top015','mov081')
,('top006','mov081')
,('top014','mov081')
,('top001','mov082')
,('top002','mov082')
,('top019','mov082')
,('top001','mov083')
,('top002','mov083')
,('top006','mov084')
,('top004','mov084')
,('top002','mov084')
,('top002','mov085')
,('top009','mov085')
,('top011','mov085')
,('top002','mov086')
,('top016','mov086')
,('top004','mov087')
,('top002','mov087')
,('top018','mov087')
,('top014','mov088')
,('top001','mov088')
,('top002','mov088')
,('top010','mov089')
,('top011','mov089')
,('top014','mov090')
,('top020','mov090')
,('top009','mov090')
,('top002','mov091')
,('top014','mov092')
,('top001','mov092')
,('top006','mov093')
,('top014','mov093')
,('top007','mov093')
,('top015','mov094')
,('top006','mov094')
,('top014','mov094')
,('top014','mov095')
,('top002','mov095')
,('top013','mov095')
,('top006','mov096')
,('top002','mov096')
,('top016','mov096')
,('top001','mov097')
,('top002','mov097')
,('top010','mov097')
,('top008','mov098')
,('top001','mov099')
,('top002','mov099')
,('top014','mov100')
,('top002','mov100')
,('top009','mov100')
,('top003','mov101')
,('top006','mov101')
,('top007','mov101')
,('top001','mov102')
,('top002','mov102')
,('top002','mov103')
,('top010','mov103')
,('top002','mov104')
,('top002','mov105')
,('top011','mov105')
,('top014','mov106')
,('top002','mov106')
,('top003','mov107')
,('top006','mov107')
,('top002','mov107')
,('top003','mov108')
,('top006','mov108')
,('top014','mov109')
,('top009','mov109')
,('top002','mov110')
,('top014','mov111')
,('top002','mov111')
,('top008','mov112')
,('top019','mov113')
,('top010','mov113')
,('top012','mov113')
,('top015','mov114')
,('top006','mov114')
,('top014','mov114')
,('top002','mov115')
,('top015','mov116')
,('top006','mov116')
,('top014','mov116')
,('top003','mov117')
,('top006','mov117')
,('top007','mov117')
,('top004','mov118')
,('top002','mov118')
,('top021','mov118')
,('top004','mov119')
,('top002','mov119')
,('top005','mov119')
,('top003','mov120')
,('top012','mov120')
,('top002','mov121')
,('top002','mov122')
,('top010','mov122')
,('top012','mov122')
,('top006','mov123')
,('top002','mov123')
,('top005','mov123')
,('top003','mov124')
,('top006','mov124')
,('top014','mov124')
,('top003','mov125')
,('top001','mov125')
,('top002','mov125')
,('top006','mov126')
,('top004','mov126')
,('top002','mov126')
,('top001','mov127')
,('top002','mov127')
,('top009','mov127')
,('top002','mov128')
,('top007','mov128')
,('top016','mov128')
,('top015','mov129')
,('top013','mov129')
,('top007','mov129')
,('top002','mov130')
,('top014','mov131')
,('top002','mov131')
,('top002','mov132')
,('top009','mov132')
,('top006','mov133')
,('top002','mov133')
,('top016','mov133')
,('top003','mov134')
,('top002','mov134')
,('top016','mov134')
,('top006','mov135')
,('top014','mov135')
,('top002','mov135')
,('top015','mov136')
,('top003','mov136')
,('top006','mov136')
,('top002','mov137')
,('top007','mov137')
,('top002','mov138')
,('top010','mov138')
,('top012','mov138')
,('top011','mov139')
,('top012','mov139')
,('top014','mov140')
,('top001','mov140')
,('top002','mov141')
,('top009','mov141')
,('top003','mov142')
,('top006','mov142')
,('top014','mov142')
,('top015','mov143')
,('top006','mov143')
,('top013','mov143')
,('top004','mov144')
,('top001','mov144')
,('top002','mov144')
,('top004','mov145')
,('top002','mov145')
,('top002','mov146')
,('top021','mov146')
,('top004','mov147')
,('top014','mov147')
,('top001','mov147')
,('top003','mov148')
,('top002','mov148')
,('top012','mov148')
,('top002','mov149')
,('top005','mov149')
,('top016','mov149')
,('top004','mov150')
,('top002','mov150')
,('top002','mov151')
,('top014','mov152')
,('top001','mov152')
,('top002','mov153')
,('top010','mov153')
,('top016','mov153')
,('top002','mov154')
,('top016','mov154')
,('top002','mov155')
,('top019','mov155')
,('top010','mov155')
,('top002','mov156')
,('top005','mov156')
,('top009','mov156')
,('top001','mov157')
,('top002','mov157')
,('top012','mov157')
,('top002','mov158')
,('top001','mov159')
,('top002','mov159')
,('top015','mov160')
,('top003','mov160')
,('top006','mov160')
,('top001','mov161')
,('top019','mov161')
,('top012','mov161')
,('top002','mov162')
,('top010','mov162')
,('top012','mov162')
,('top015','mov163')
,('top006','mov163')
,('top014','mov163')
,('top006','mov164')
,('top004','mov164')
,('top002','mov164')
,('top017','mov165')
,('top011','mov165')
,('top001','mov166')
,('top002','mov166')
,('top012','mov166')
,('top014','mov167')
,('top009','mov167')
,('top015','mov168')
,('top014','mov168')
,('top002','mov168')
,('top001','mov169')
,('top002','mov169')
,('top010','mov169')
,('top003','mov170')
,('top003','mov171')
,('top004','mov171')
,('top002','mov171')
,('top014','mov172')
,('top002','mov173')
,('top005','mov173')
,('top016','mov173')
,('top001','mov174')
,('top002','mov174')
,('top019','mov174')
,('top003','mov175')
,('top006','mov175')
,('top011','mov175')
,('top002','mov176')
,('top002','mov177')
,('top016','mov177')
,('top006','mov178')
,('top002','mov178')
,('top012','mov178')
,('top004','mov179')
,('top002','mov179')
,('top005','mov179')
,('top006','mov180')
,('top002','mov180')
,('top012','mov180')
,('top002','mov181')
,('top004','mov182')
,('top001','mov182')
,('top002','mov182')
,('top001','mov183')
,('top002','mov183')
,('top006','mov184')
,('top002','mov184')
,('top004','mov185')
,('top002','mov185')
,('top005','mov185')
,('top010','mov186')
,('top012','mov186')
,('top002','mov187')
,('top012','mov187')
,('top004','mov188')
,('top002','mov188')
,('top005','mov188')
,('top006','mov189')
,('top014','mov189')
,('top002','mov189')
,('top002','mov190')
,('top012','mov190')
,('top006','mov191')
,('top014','mov191')
,('top013','mov191')
,('top002','mov192')
,('top021','mov192')
,('top001','mov193')
,('top019','mov193')
,('top012','mov193')
,('top006','mov194')
,('top002','mov194')
,('top016','mov194')
,('top014','mov195')
,('top009','mov195')
,('top014','mov196')
,('top002','mov196')
,('top012','mov196')
,('top002','mov197')
,('top002','mov198')
,('top013','mov198')
,('top015','mov199')
,('top006','mov199')
,('top007','mov199')
,('top002','mov200')
,('top010','mov200')
,('top011','mov200')
,('top006','mov201')
,('top011','mov201')
,('top012','mov201')
,('top002','mov202')
,('top017','mov202')
,('top010','mov202')
,('top004','mov203')
,('top002','mov203')
,('top005','mov203')
,('top003','mov204')
,('top012','mov204')
,('top002','mov205')
,('top007','mov205')
,('top002','mov206')
,('top011','mov206')
,('top012','mov206')
,('top002','mov207')
,('top009','mov207')
,('top006','mov208')
,('top013','mov208')
,('top007','mov208')
,('top001','mov209')
,('top002','mov209')
,('top010','mov209')
,('top002','mov210')
,('top021','mov210')
,('top002','mov211')
,('top002','mov212')
,('top009','mov212')
,('top016','mov212')
,('top003','mov213')
,('top011','mov213')
,('top001','mov214')
,('top012','mov214')
,('top010','mov215')
,('top011','mov215')
,('top012','mov215')
,('top015','mov216')
,('top006','mov216')
,('top014','mov216')
,('top006','mov217')
,('top002','mov217')
,('top007','mov217')
,('top001','mov218')
,('top019','mov218')
,('top012','mov218')
,('top014','mov219')
,('top007','mov219')
,('top009','mov219')
,('top001','mov220')
,('top010','mov220')
,('top012','mov220')
,('top006','mov221')
,('top002','mov221')
,('top012','mov221')
,('top006','mov222')
,('top002','mov222')
,('top011','mov222')
,('top002','mov223')
,('top016','mov223')
,('top001','mov224')
,('top002','mov224')
,('top006','mov225')
,('top002','mov225')
,('top005','mov225')
,('top001','mov226')
,('top002','mov226')
,('top001','mov227')
,('top002','mov227')
,('top010','mov227')
,('top002','mov228')
,('top003','mov229')
,('top004','mov229')
,('top002','mov229')
,('top004','mov230')
,('top002','mov230')
,('top012','mov230')
,('top003','mov231')
,('top006','mov231')
,('top011','mov231')
,('top003','mov232')
,('top006','mov232')
,('top007','mov232')
,('top004','mov233')
,('top002','mov233')
,('top005','mov233')
,('top002','mov234')
,('top003','mov235')
,('top002','mov235')
,('top008','mov235')
,('top003','mov236')
,('top006','mov236')
,('top011','mov236')
,('top002','mov237')
,('top015','mov238')
,('top006','mov238')
,('top013','mov238')
,('top004','mov239')
,('top001','mov239')
,('top002','mov239')
,('top014','mov240')
,('top009','mov240')
,('top008','mov241')
,('top002','mov242')
,('top016','mov242')
,('top015','mov243')
,('top013','mov243')
,('top007','mov243')
,('top002','mov244')
,('top002','mov245')
,('top019','mov245')
,('top009','mov245')
,('top002','mov246')
,('top009','mov246')
,('top002','mov247')
,('top006','mov248')
,('top002','mov248')
,('top020','mov248')
,('top014','mov249')
,('top002','mov249')
,('top009','mov249')
,('top002','mov250')
,('top009','mov250')
;

INSERT INTO Users(userId, fName, lName, email, gender, ageRangeId, password) VALUES
('user0001','Alice','Castillo','acastillo0@qq.com','f','7','user0001')
,('user0002','Christopher','Cruz','ccruz1@phoca.cz','m','4','user0002')
,('user0003','Thomas','Watkins','twatkins2@nature.com','m','7','user0003')
,('user0004','Joshua','Perez','jperez3@yale.edu','m','7','user0004')
,('user0005','Jack','Black','jblack4@cpanel.net','m','4','user0005')
,('user0006','Albert','Roberts','aroberts5@theatlantic.com','m','5','user0006')
,('user0007','Jane','Wilson','jwilson6@last.fm','f','2','user0007')
,('user0008','Christine','Hall','chall7@blogger.com','f','1','user0008')
,('user0009','Carol','Ramirez','cramirez8@dion.ne.jp','f','2','user0009')
,('user0010','Catherine','Taylor','ctaylor9@pbs.org','f','2','user0010')
,('user0011','Brandon','Stevens','bstevensa@hibu.com','m','4','user0011')
,('user0012','Joan','Meyer','jmeyerb@imgur.com','f','3','user0012')
,('user0013','Nicholas','Willis','nwillisc@twitpic.com','m','7','user0013')
,('user0014','Harold','Hicks','hhicksd@skype.com','m','2','user0014')
,('user0015','Andrew','Burton','aburtone@ucoz.com','m','1','user0015')
,('user0016','Roger','Harvey','rharveyf@unicef.org','m','3','user0016')
,('user0017','Peter','Garza','pgarzag@senate.gov','m','5','user0017')
,('user0018','George','Frazier','gfrazierh@vkontakte.ru','m','2','user0018')
,('user0019','Nicole','Carr','ncarri@senate.gov','f','5','user0019')
,('user0020','Janet','Young','jyoungj@nba.com','f','7','user0020')
,('user0021','Katherine','Martinez','kmartinezk@rediff.com','f','3','user0021')
,('user0022','Betty','Gordon','bgordonl@webs.com','f','4','user0022')
,('user0023','Eugene','Wilson','ewilsonm@bravesites.com','m','7','user0023')
,('user0024','Lillian','Roberts','lrobertsn@mysql.com','f','7','user0024')
,('user0025','Marilyn','James','mjameso@craigslist.org','f','4','user0025')
,('user0026','Patrick','Pierce','ppiercep@earthlink.net','m','1','user0026')
,('user0027','Scott','Henry','shenryq@skyrock.com','m','1','user0027')
,('user0028','Lisa','Burton','lburtonr@free.fr','f','3','user0028')
,('user0029','Judy','Henry','jhenrys@ezinearticles.com','f','3','user0029')
,('user0030','Michael','Simpson','msimpsont@newyorker.com','m','6','user0030')
,('user0031','Roy','Lewis','rlewisu@springer.com','m','6','user0031')
,('user0032','Judith','Stewart','jstewartv@usgs.gov','f','4','user0032')
,('user0033','Marilyn','Bowman','mbowmanw@reference.com','f','1','user0033')
,('user0034','Donna','Powell','dpowellx@rambler.ru','f','7','user0034')
,('user0035','Debra','Hall','dhally@bigcartel.com','f','6','user0035')
,('user0036','Anna','Edwards','aedwardsz@narod.ru','f','2','user0036')
,('user0037','Carlos','Long','clong10@howstuffworks.com','m','2','user0037')
,('user0038','Julie','Baker','jbaker11@cbslocal.com','f','5','user0038')
,('user0039','Fred','Stone','fstone12@unblog.fr','m','5','user0039')
,('user0040','Timothy','Warren','twarren13@i2i.jp','m','4','user0040')
,('user0041','Rachel','Williamson','rwilliamson14@deliciousdays.com','f','1','user0041')
,('user0042','Denise','Willis','dwillis15@miitbeian.gov.cn','f','6','user0042')
,('user0043','George','Martinez','gmartinez16@is.gd','m','5','user0043')
,('user0044','Paul','Tucker','ptucker17@vinaora.com','m','2','user0044')
,('user0045','Annie','Jordan','ajordan18@shareasale.com','f','1','user0045')
,('user0046','George','Watson','gwatson19@bluehost.com','m','1','user0046')
,('user0047','Christina','Hernandez','chernandez1a@xing.com','f','1','user0047')
,('user0048','Harry','Stephens','hstephens1b@comcast.net','m','7','user0048')
,('user0049','Richard','Griffin','rgriffin1c@over-blog.com','m','3','user0049')
,('user0050','Andrew','Myers','amyers1d@vimeo.com','m','5','user0050')
,('user0051','Martin','Thompson','mthompson1e@economist.com','m','5','user0051')
,('user0052','Rachel','Russell','rrussell1f@washingtonpost.com','f','2','user0052')
,('user0053','Nancy','James','njames1g@cafepress.com','f','7','user0053')
,('user0054','Betty','Jenkins','bjenkins1h@wikimedia.org','f','4','user0054')
,('user0055','Kelly','Woods','kwoods1i@topsy.com','f','2','user0055')
,('user0056','Thomas','Wells','twells1j@blogs.com','m','7','user0056')
,('user0057','Judy','Long','jlong1k@nymag.com','f','3','user0057')
,('user0058','Robert','Barnes','rbarnes1l@huffingtonpost.com','m','3','user0058')
,('user0059','Elizabeth','Kelly','ekelly1m@phoca.cz','f','6','user0059')
,('user0060','Virginia','Hamilton','vhamilton1n@latimes.com','f','5','user0060')
,('user0061','Angela','Hall','ahall1o@canalblog.com','f','6','user0061')
,('user0062','Walter','Sims','wsims1p@dyndns.org','m','5','user0062')
,('user0063','Irene','Willis','iwillis1q@cafepress.com','f','3','user0063')
,('user0064','Steve','Hamilton','shamilton1r@google.ca','m','7','user0064')
,('user0065','Stephanie','Martin','smartin1s@ft.com','f','7','user0065')
,('user0066','Margaret','Larson','mlarson1t@prnewswire.com','f','1','user0066')
,('user0067','Chris','Ross','cross1u@addtoany.com','m','6','user0067')
,('user0068','Julia','Dunn','jdunn1v@prnewswire.com','f','1','user0068')
,('user0069','Fred','Gilbert','fgilbert1w@issuu.com','m','1','user0069')
,('user0070','Henry','Nelson','hnelson1x@about.com','m','6','user0070')
,('user0071','Chris','Garrett','cgarrett1y@storify.com','m','3','user0071')
,('user0072','Christina','Wilson','cwilson1z@guardian.co.uk','f','3','user0072')
,('user0073','Rebecca','Lewis','rlewis20@chronoengine.com','f','4','user0073')
,('user0074','Janet','Dixon','jdixon21@elpais.com','f','2','user0074')
,('user0075','Jeffrey','Myers','jmyers22@hp.com','m','1','user0075')
,('user0076','Willie','Reid','wreid23@posterous.com','m','4','user0076')
,('user0077','Ann','Martin','amartin24@cpanel.net','f','4','user0077')
,('user0078','Jimmy','Ellis','jellis25@elpais.com','m','7','user0078')
,('user0079','Steve','Sullivan','ssullivan26@howstuffworks.com','m','6','user0079')
,('user0080','Irene','Sims','isims27@tiny.cc','f','4','user0080')
,('user0081','Tammy','Murphy','tmurphy28@photobucket.com','f','3','user0081')
,('user0082','Victor','White','vwhite29@devhub.com','m','5','user0082')
,('user0083','Cynthia','Howell','chowell2a@prweb.com','f','1','user0083')
,('user0084','Donald','Riley','driley2b@ifeng.com','m','1','user0084')
,('user0085','Howard','Berry','hberry2c@cbsnews.com','m','3','user0085')
,('user0086','Clarence','Stanley','cstanley2d@issuu.com','m','1','user0086')
,('user0087','Howard','Carter','hcarter2e@wiley.com','m','6','user0087')
,('user0088','Joyce','Parker','jparker2f@hao123.com','f','6','user0088')
,('user0089','Victor','Perez','vperez2g@chicagotribune.com','m','3','user0089')
,('user0090','Chris','Day','cday2h@yellowbook.com','m','1','user0090')
,('user0091','Douglas','Peterson','dpeterson2i@webs.com','m','6','user0091')
,('user0092','Mark','Andrews','mandrews2j@japanpost.jp','m','3','user0092')
,('user0093','Helen','Hanson','hhanson2k@facebook.com','f','5','user0093')
,('user0094','Sandra','Morgan','smorgan2l@diigo.com','f','1','user0094')
,('user0095','Lisa','Ryan','lryan2m@ameblo.jp','f','2','user0095')
,('user0096','Mark','Vasquez','mvasquez2n@ucla.edu','m','4','user0096')
,('user0097','Ashley','Ellis','aellis2o@devhub.com','f','7','user0097')
,('user0098','Gary','Fields','gfields2p@livejournal.com','m','7','user0098')
,('user0099','Paula','Oliver','poliver2q@xing.com','f','2','user0099')
,('user0100','Janice','Fisher','jfisher2r@cmu.edu','f','6','user0100')
,('user0101','Joshua','Andrews','jandrews2s@nydailynews.com','m','4','user0101')
,('user0102','Jose','Wallace','jwallace2t@about.com','m','5','user0102')
,('user0103','Laura','Woods','lwoods2u@vinaora.com','f','1','user0103')
,('user0104','Lillian','Henry','lhenry2v@loc.gov','f','5','user0104')
,('user0105','Linda','Rivera','lrivera2w@blogspot.com','f','4','user0105')
,('user0106','Kenneth','Daniels','kdaniels2x@fastcompany.com','m','2','user0106')
,('user0107','Anna','Grant','agrant2y@technorati.com','f','5','user0107')
,('user0108','Cynthia','Harris','charris2z@bravesites.com','f','5','user0108')
,('user0109','Anna','Fowler','afowler30@last.fm','f','2','user0109')
,('user0110','Jacqueline','Howard','jhoward31@boston.com','f','2','user0110')
,('user0111','Sharon','Carroll','scarroll32@webmd.com','f','4','user0111')
,('user0112','Laura','Howell','lhowell33@fda.gov','f','5','user0112')
,('user0113','Dennis','Cox','dcox34@seesaa.net','m','7','user0113')
,('user0114','Carlos','Moreno','cmoreno35@princeton.edu','m','4','user0114')
,('user0115','Ruth','Mendoza','rmendoza36@last.fm','f','3','user0115')
,('user0116','Bruce','Snyder','bsnyder37@plala.or.jp','m','6','user0116')
,('user0117','Harry','Hunter','hhunter38@fda.gov','m','1','user0117')
,('user0118','Linda','Wells','lwells39@aol.com','f','2','user0118')
,('user0119','Lori','Hansen','lhansen3a@free.fr','f','7','user0119')
,('user0120','Judy','Sims','jsims3b@illinois.edu','f','3','user0120')
,('user0121','Sean','Reynolds','sreynolds3c@bbc.co.uk','m','3','user0121')
,('user0122','Tammy','Scott','tscott3d@webnode.com','f','5','user0122')
,('user0123','Douglas','Stewart','dstewart3e@wix.com','m','1','user0123')
,('user0124','Julie','Welch','jwelch3f@barnesandnoble.com','f','6','user0124')
,('user0125','William','Ferguson','wferguson3g@livejournal.com','m','1','user0125')
,('user0126','Robert','Murray','rmurray3h@reddit.com','m','4','user0126')
,('user0127','Julie','Alexander','jalexander3i@theguardian.com','f','3','user0127')
,('user0128','Tina','Peters','tpeters3j@bluehost.com','f','7','user0128')
,('user0129','Jean','Dunn','jdunn3k@theguardian.com','f','6','user0129')
,('user0130','Pamela','Garcia','pgarcia3l@google.it','f','5','user0130')
,('user0131','Steven','Arnold','sarnold3m@tinyurl.com','m','7','user0131')
,('user0132','Lawrence','Alvarez','lalvarez3n@ask.com','m','4','user0132')
,('user0133','Russell','Nichols','rnichols3o@youtube.com','m','3','user0133')
,('user0134','Laura','Nichols','lnichols3p@sbwire.com','f','5','user0134')
,('user0135','Billy','Robinson','brobinson3q@wiley.com','m','2','user0135')
,('user0136','Denise','Boyd','dboyd3r@google.it','f','1','user0136')
,('user0137','Nicholas','Martin','nmartin3s@istockphoto.com','m','6','user0137')
,('user0138','Walter','Matthews','wmatthews3t@instagram.com','m','3','user0138')
,('user0139','Jessica','Perry','jperry3u@ow.ly','f','2','user0139')
,('user0140','Craig','Hall','chall3v@elpais.com','m','1','user0140')
,('user0141','Charles','Carr','ccarr3w@patch.com','m','1','user0141')
,('user0142','Norma','Williamson','nwilliamson3x@over-blog.com','f','2','user0142')
,('user0143','Ryan','Woods','rwoods3y@discovery.com','m','6','user0143')
,('user0144','Jack','Chapman','jchapman3z@cbc.ca','m','3','user0144')
,('user0145','Annie','Green','agreen40@vistaprint.com','f','2','user0145')
,('user0146','Jessica','Weaver','jweaver41@so-net.ne.jp','f','3','user0146')
,('user0147','Linda','Lewis','llewis42@topsy.com','f','6','user0147')
,('user0148','Barbara','Ortiz','bortiz43@census.gov','f','6','user0148')
,('user0149','Michelle','Ford','mford44@linkedin.com','f','7','user0149')
,('user0150','Annie','Wagner','awagner45@businessweek.com','f','5','user0150')
,('user0151','Timothy','Butler','tbutler46@stanford.edu','m','7','user0151')
,('user0152','Bonnie','Rice','brice47@360.cn','f','1','user0152')
,('user0153','Katherine','Olson','kolson48@microsoft.com','f','6','user0153')
,('user0154','Rachel','Gray','rgray49@ning.com','f','3','user0154')
,('user0155','Gloria','Reed','greed4a@icq.com','f','6','user0155')
,('user0156','Jane','Fields','jfields4b@github.io','f','3','user0156')
,('user0157','Jean','Hawkins','jhawkins4c@woothemes.com','f','6','user0157')
,('user0158','Robert','Brown','rbrown4d@boston.com','m','7','user0158')
,('user0159','Frank','Gibson','fgibson4e@cpanel.net','m','7','user0159')
,('user0160','Virginia','Carr','vcarr4f@dyndns.org','f','6','user0160')
,('user0161','Roger','Carr','rcarr4g@netscape.com','m','5','user0161')
,('user0162','Jennifer','Hayes','jhayes4h@usgs.gov','f','4','user0162')
,('user0163','Louise','Garcia','lgarcia4i@jugem.jp','f','4','user0163')
,('user0164','Steve','Garrett','sgarrett4j@sciencedaily.com','m','2','user0164')
,('user0165','Alice','Wagner','awagner4k@abc.net.au','f','1','user0165')
,('user0166','Patricia','Schmidt','pschmidt4l@redcross.org','f','2','user0166')
,('user0167','Joyce','Warren','jwarren4m@google.com.au','f','5','user0167')
,('user0168','Thomas','Rodriguez','trodriguez4n@guardian.co.uk','m','2','user0168')
,('user0169','Paul','Robertson','probertson4o@discovery.com','m','1','user0169')
,('user0170','Theresa','Thompson','tthompson4p@time.com','f','7','user0170')
,('user0171','Patricia','Griffin','pgriffin4q@foxnews.com','f','5','user0171')
,('user0172','John','Andrews','jandrews4r@bbc.co.uk','m','2','user0172')
,('user0173','George','Collins','gcollins4s@pcworld.com','m','6','user0173')
,('user0174','Anna','Scott','ascott4t@webnode.com','f','1','user0174')
,('user0175','Kathryn','Harvey','kharvey4u@oaic.gov.au','f','1','user0175')
,('user0176','Ruby','Burns','rburns4v@php.net','f','2','user0176')
,('user0177','Catherine','King','cking4w@cbsnews.com','f','6','user0177')
,('user0178','Emily','Dean','edean4x@newyorker.com','f','7','user0178')
,('user0179','Ann','Sullivan','asullivan4y@loc.gov','f','2','user0179')
,('user0180','Roy','Ramirez','rramirez4z@wikipedia.org','m','2','user0180')
,('user0181','Jimmy','Garcia','jgarcia50@php.net','m','5','user0181')
,('user0182','George','Knight','gknight51@hugedomains.com','m','2','user0182')
,('user0183','Evelyn','Fernandez','efernandez52@guardian.co.uk','f','6','user0183')
,('user0184','Kenneth','Lopez','klopez53@4shared.com','m','1','user0184')
,('user0185','Jerry','Little','jlittle54@nbcnews.com','m','7','user0185')
,('user0186','Frank','Duncan','fduncan55@cyberchimps.com','m','6','user0186')
,('user0187','Roy','Howell','rhowell56@eventbrite.com','m','7','user0187')
,('user0188','Edward','Rodriguez','erodriguez57@chronoengine.com','m','4','user0188')
,('user0189','Steven','Young','syoung58@ustream.tv','m','5','user0189')
,('user0190','Donald','Ortiz','dortiz59@plala.or.jp','m','5','user0190')
,('user0191','Shawn','Wheeler','swheeler5a@bravesites.com','m','5','user0191')
,('user0192','Raymond','Brooks','rbrooks5b@t.co','m','6','user0192')
,('user0193','Julie','Cooper','jcooper5c@oracle.com','f','4','user0193')
,('user0194','Roger','Kim','rkim5d@walmart.com','m','7','user0194')
,('user0195','Arthur','Hamilton','ahamilton5e@ox.ac.uk','m','5','user0195')
,('user0196','Aaron','Little','alittle5f@opera.com','m','3','user0196')
,('user0197','Johnny','Stephens','jstephens5g@reference.com','m','5','user0197')
,('user0198','Timothy','Perry','tperry5h@jimdo.com','m','6','user0198')
,('user0199','Donna','Medina','dmedina5i@naver.com','f','5','user0199')
,('user0200','Janet','Morales','jmorales5j@army.mil','f','4','user0200')
,('user0201','Gloria','Lynch','glynch5k@answers.com','f','1','user0201')
,('user0202','Sharon','Perkins','sperkins5l@senate.gov','f','4','user0202')
,('user0203','Irene','Morales','imorales5m@yale.edu','f','1','user0203')
,('user0204','James','Berry','jberry5n@deliciousdays.com','m','6','user0204')
,('user0205','Clarence','Carter','ccarter5o@imageshack.us','m','1','user0205')
,('user0206','Todd','Webb','twebb5p@census.gov','m','5','user0206')
,('user0207','Marilyn','Smith','msmith5q@opensource.org','f','5','user0207')
,('user0208','Frank','Montgomery','fmontgomery5r@stanford.edu','m','6','user0208')
,('user0209','Kimberly','Ward','kward5s@is.gd','f','3','user0209')
,('user0210','Diane','Reyes','dreyes5t@homestead.com','f','4','user0210')
,('user0211','Norma','Howell','nhowell5u@sfgate.com','f','3','user0211')
,('user0212','Paula','Butler','pbutler5v@cam.ac.uk','f','6','user0212')
,('user0213','Heather','Lawrence','hlawrence5w@sourceforge.net','f','2','user0213')
,('user0214','Joshua','Welch','jwelch5x@liveinternet.ru','m','7','user0214')
,('user0215','Janet','Johnston','jjohnston5y@jalbum.net','f','6','user0215')
,('user0216','David','Lawson','dlawson5z@house.gov','m','7','user0216')
,('user0217','Kelly','Harrison','kharrison60@apple.com','f','4','user0217')
,('user0218','Jacqueline','Scott','jscott61@google.com.hk','f','1','user0218')
,('user0219','Tina','Miller','tmiller62@loc.gov','f','5','user0219')
,('user0220','Willie','Ferguson','wferguson63@sphinn.com','m','1','user0220')
,('user0221','Phillip','Gonzalez','pgonzalez64@godaddy.com','m','6','user0221')
,('user0222','Stephanie','Owens','sowens65@github.io','f','6','user0222')
,('user0223','Edward','Peterson','epeterson66@bbc.co.uk','m','4','user0223')
,('user0224','Debra','Fuller','dfuller67@vk.com','f','1','user0224')
,('user0225','Joe','Wallace','jwallace68@marriott.com','m','6','user0225')
,('user0226','Ann','Harvey','aharvey69@mysql.com','f','4','user0226')
,('user0227','Henry','Burke','hburke6a@uiuc.edu','m','5','user0227')
,('user0228','Raymond','Russell','rrussell6b@cnet.com','m','1','user0228')
,('user0229','Roger','Larson','rlarson6c@prweb.com','m','6','user0229')
,('user0230','Martin','Johnson','mjohnson6d@dailymail.co.uk','m','1','user0230')
,('user0231','Judy','Watson','jwatson6e@nyu.edu','f','1','user0231')
,('user0232','Aaron','Harvey','aharvey6f@google.fr','m','3','user0232')
,('user0233','Mildred','Vasquez','mvasquez6g@toplist.cz','f','6','user0233')
,('user0234','Susan','Mitchell','smitchell6h@bbc.co.uk','f','2','user0234')
,('user0235','Jacqueline','Garrett','jgarrett6i@blogger.com','f','3','user0235')
,('user0236','Joe','Watson','jwatson6j@typepad.com','m','5','user0236')
,('user0237','Roger','Carr','rcarr6k@theglobeandmail.com','m','3','user0237')
,('user0238','Julie','Wheeler','jwheeler6l@globo.com','f','3','user0238')
,('user0239','Thomas','Daniels','tdaniels6m@umn.edu','m','4','user0239')
,('user0240','Anne','Cunningham','acunningham6n@pen.io','f','2','user0240')
,('user0241','Donna','Crawford','dcrawford6o@si.edu','f','6','user0241')
,('user0242','Theresa','Williamson','twilliamson6p@newsvine.com','f','4','user0242')
,('user0243','Mary','Howard','mhoward6q@washington.edu','f','2','user0243')
,('user0244','Kimberly','Edwards','kedwards6r@google.com.au','f','2','user0244')
,('user0245','Earl','Powell','epowell6s@dailymotion.com','m','4','user0245')
,('user0246','Sarah','Mccoy','smccoy6t@pagesperso-orange.fr','f','4','user0246')
,('user0247','Tammy','Washington','twashington6u@businessinsider.com','f','2','user0247')
,('user0248','Brian','Hanson','bhanson6v@pagesperso-orange.fr','m','6','user0248')
,('user0249','Jessica','Ford','jford6w@dell.com','f','1','user0249')
,('user0250','Ashley','Reed','areed6x@sciencedaily.com','f','4','user0250')
,('user0251','Michael','Gomez','mgomez6y@nps.gov','m','3','user0251')
,('user0252','Gloria','Payne','gpayne6z@ocn.ne.jp','f','7','user0252')
,('user0253','Maria','Wilson','mwilson70@microsoft.com','f','6','user0253')
,('user0254','Frank','Robertson','frobertson71@arstechnica.com','m','7','user0254')
,('user0255','Cynthia','Spencer','cspencer72@wix.com','f','3','user0255')
,('user0256','Jane','Garrett','jgarrett73@oakley.com','f','1','user0256')
,('user0257','Diana','Morris','dmorris74@opensource.org','f','6','user0257')
,('user0258','Kathryn','Stanley','kstanley75@dell.com','f','3','user0258')
,('user0259','Virginia','Gonzalez','vgonzalez76@ustream.tv','f','4','user0259')
,('user0260','Roger','Ward','rward77@oracle.com','m','6','user0260')
,('user0261','Christina','Reed','creed78@cornell.edu','f','5','user0261')
,('user0262','Kenneth','Edwards','kedwards79@statcounter.com','m','7','user0262')
,('user0263','Diane','Duncan','dduncan7a@sina.com.cn','f','2','user0263')
,('user0264','Jennifer','Carr','jcarr7b@mozilla.com','f','1','user0264')
,('user0265','Lois','Foster','lfoster7c@issuu.com','f','2','user0265')
,('user0266','Philip','Austin','paustin7d@technorati.com','m','6','user0266')
,('user0267','Annie','Graham','agraham7e@globo.com','f','7','user0267')
,('user0268','Paul','Greene','pgreene7f@sitemeter.com','m','6','user0268')
,('user0269','Gloria','Alexander','galexander7g@meetup.com','f','3','user0269')
,('user0270','Laura','Powell','lpowell7h@sogou.com','f','6','user0270')
,('user0271','Jose','Ross','jross7i@aol.com','m','1','user0271')
,('user0272','Julie','Watson','jwatson7j@economist.com','f','3','user0272')
,('user0273','Gary','Hall','ghall7k@csmonitor.com','m','3','user0273')
,('user0274','Jose','Hughes','jhughes7l@a8.net','m','2','user0274')
,('user0275','Sharon','Cox','scox7m@netvibes.com','f','4','user0275')
,('user0276','Helen','Coleman','hcoleman7n@ebay.co.uk','f','1','user0276')
,('user0277','Jerry','Ward','jward7o@tuttocitta.it','m','5','user0277')
,('user0278','Maria','Patterson','mpatterson7p@hhs.gov','f','7','user0278')
,('user0279','Evelyn','Campbell','ecampbell7q@prweb.com','f','5','user0279')
,('user0280','Edward','Larson','elarson7r@t-online.de','m','6','user0280')
,('user0281','Chris','Woods','cwoods7s@newsvine.com','m','2','user0281')
,('user0282','Doris','Robertson','drobertson7t@bbb.org','f','7','user0282')
,('user0283','Janet','Jackson','jjackson7u@hc360.com','f','2','user0283')
,('user0284','Debra','Kim','dkim7v@github.com','f','3','user0284')
,('user0285','Tina','Reynolds','treynolds7w@ovh.net','f','3','user0285')
,('user0286','Henry','Moreno','hmoreno7x@spiegel.de','m','1','user0286')
,('user0287','Alice','Cruz','acruz7y@booking.com','f','6','user0287')
,('user0288','Lois','Montgomery','lmontgomery7z@virginia.edu','f','3','user0288')
,('user0289','Judy','Graham','jgraham80@globo.com','f','2','user0289')
,('user0290','Jennifer','Johnson','jjohnson81@liveinternet.ru','f','3','user0290')
,('user0291','Ruth','Hayes','rhayes82@hatena.ne.jp','f','6','user0291')
,('user0292','Deborah','Johnston','djohnston83@timesonline.co.uk','f','3','user0292')
,('user0293','Keith','George','kgeorge84@bigcartel.com','m','7','user0293')
,('user0294','Joan','Ray','jray85@weibo.com','f','2','user0294')
,('user0295','Willie','Ferguson','wferguson86@cafepress.com','m','3','user0295')
,('user0296','William','Tucker','wtucker87@baidu.com','m','4','user0296')
,('user0297','Christine','Morgan','cmorgan88@free.fr','f','5','user0297')
,('user0298','Timothy','Johnson','tjohnson89@cbc.ca','m','3','user0298')
,('user0299','Annie','Chapman','achapman8a@fastcompany.com','f','4','user0299')
,('user0300','Louis','Perez','lperez8b@senate.gov','m','6','user0300')
;

INSERT INTO Rates(userId, movieId, rating, RateDate) VALUES
('user0001','mov022','5.0','2016-09-18')
,('user0001','mov113','3.5','2008-10-17')
,('user0001','mov076','5.0','2012-03-31')
,('user0001','mov039','4.0','2006-05-08')
,('user0001','mov047','3.5','2006-12-22')
,('user0001','mov017','3.0','2008-09-28')
,('user0001','mov150','4.0','2014-09-20')
,('user0001','mov033','5.0','2009-08-09')
,('user0001','mov110','4.0','2007-03-29')
,('user0001','mov158','4.5','2010-01-14')
,('user0001','mov001','4.5','2007-07-15')
,('user0001','mov070','4.0','2014-11-20')
,('user0001','mov080','4.5','2014-05-03')
,('user0001','mov135','5.0','2009-09-09')
,('user0001','mov097','3.5','2008-12-09')
,('user0001','mov024','4.0','2016-04-27')
,('user0001','mov065','3.5','2010-11-09')
,('user0001','mov106','3.0','2005-09-06')
,('user0001','mov009','3.5','2014-01-28')
,('user0001','mov060','3.5','2014-12-02')
,('user0001','mov046','4.5','2010-12-13')
,('user0001','mov099','3.5','2012-08-18')
,('user0001','mov091','4.5','2007-10-14')
,('user0001','mov139','5.0','2013-11-02')
,('user0001','mov008','3.0','2007-05-26')
,('user0001','mov083','5.0','2009-01-15')
,('user0001','mov241','3.5','2005-06-20')
,('user0001','mov216','4.0','2010-02-11')
,('user0001','mov206','5.0','2009-02-21')
,('user0001','mov247','5.0','2006-06-25')
,('user0002','mov020','4.5','2008-12-11')
,('user0002','mov219','4.5','2015-03-08')
,('user0002','mov097','3.0','2008-01-20')
,('user0002','mov198','4.0','2006-06-06')
,('user0002','mov218','5.0','2013-01-20')
,('user0002','mov204','3.5','2005-01-18')
,('user0002','mov134','3.0','2010-03-13')
,('user0002','mov122','4.5','2013-07-07')
,('user0002','mov240','4.5','2007-07-05')
,('user0002','mov008','4.0','2006-01-02')
,('user0002','mov165','5.0','2016-08-18')
,('user0002','mov070','5.0','2016-01-31')
,('user0002','mov145','3.5','2011-12-30')
,('user0002','mov023','4.5','2007-11-12')
,('user0002','mov248','4.0','2005-07-25')
,('user0002','mov151','3.0','2007-12-21')
,('user0002','mov024','3.5','2010-05-30')
,('user0002','mov176','3.0','2009-11-15')
,('user0002','mov144','3.5','2011-12-23')
,('user0002','mov181','3.0','2009-09-16')
,('user0002','mov090','5.0','2006-03-10')
,('user0002','mov004','3.0','2015-02-20')
,('user0002','mov141','3.0','2005-12-31')
,('user0002','mov139','5.0','2008-02-13')
,('user0002','mov174','3.5','2007-08-26')
,('user0002','mov140','4.5','2012-02-09')
,('user0002','mov241','3.5','2011-02-05')
,('user0002','mov188','4.0','2011-04-02')
,('user0002','mov001','5.0','2012-03-15')
,('user0002','mov230','5.0','2012-01-02')
,('user0002','mov016','3.5','2010-02-27')
,('user0002','mov102','4.0','2005-08-31')
,('user0002','mov229','3.5','2008-01-31')
,('user0002','mov099','4.0','2005-07-13')
,('user0002','mov106','4.5','2012-01-04')
,('user0002','mov113','4.5','2011-09-11')
,('user0003','mov139','4.5','2012-10-14')
,('user0003','mov168','3.5','2011-11-04')
,('user0003','mov111','4.0','2014-11-28')
,('user0003','mov187','4.0','2014-05-10')
,('user0003','mov102','4.0','2016-08-15')
,('user0003','mov205','5.0','2013-04-07')
,('user0003','mov099','3.5','2013-05-28')
,('user0003','mov090','3.5','2015-05-05')
,('user0003','mov004','5.0','2016-03-23')
,('user0003','mov221','3.5','2014-12-07')
,('user0003','mov124','3.5','2007-11-04')
,('user0003','mov157','3.0','2009-11-15')
,('user0003','mov029','3.5','2013-05-09')
,('user0003','mov109','5.0','2013-12-18')
,('user0003','mov242','3.0','2006-02-18')
,('user0003','mov027','4.0','2007-11-07')
,('user0003','mov184','4.0','2016-07-17')
,('user0003','mov162','3.5','2010-05-25')
,('user0003','mov013','3.0','2014-05-12')
,('user0003','mov097','3.5','2015-07-26')
,('user0003','mov074','4.5','2014-11-03')
,('user0003','mov196','4.5','2009-01-08')
,('user0003','mov188','4.5','2005-06-30')
,('user0003','mov182','3.0','2008-09-04')
,('user0003','mov174','4.0','2005-01-16')
,('user0003','mov119','4.5','2010-05-15')
,('user0003','mov045','4.5','2006-11-26')
,('user0003','mov048','3.0','2010-05-09')
,('user0003','mov178','4.5','2009-11-29')
,('user0003','mov052','3.5','2011-12-24')
,('user0003','mov135','5.0','2012-03-15')
,('user0003','mov220','3.5','2008-02-27')
,('user0003','mov200','3.0','2007-07-18')
,('user0004','mov224','5.0','2016-09-11')
,('user0004','mov223','3.0','2011-01-10')
,('user0004','mov246','4.5','2007-02-21')
,('user0004','mov174','3.5','2013-05-30')
,('user0004','mov105','3.0','2006-10-16')
,('user0004','mov139','3.5','2010-11-22')
,('user0004','mov120','3.0','2016-09-02')
,('user0004','mov011','5.0','2014-11-18')
,('user0004','mov182','5.0','2014-02-09')
,('user0004','mov135','4.0','2014-04-28')
,('user0004','mov172','4.5','2006-09-14')
,('user0004','mov155','4.0','2015-07-15')
,('user0004','mov212','3.5','2016-08-16')
,('user0004','mov189','4.5','2015-05-15')
,('user0004','mov124','4.5','2012-12-18')
,('user0004','mov035','4.0','2013-03-16')
,('user0004','mov234','5.0','2012-09-09')
,('user0004','mov085','5.0','2009-04-13')
,('user0004','mov046','5.0','2011-10-15')
,('user0004','mov167','4.0','2014-07-28')
,('user0004','mov247','5.0','2006-01-24')
,('user0004','mov016','5.0','2010-07-06')
,('user0004','mov108','3.0','2014-09-19')
,('user0004','mov093','5.0','2006-03-19')
,('user0004','mov193','5.0','2015-04-13')
,('user0004','mov171','3.0','2009-12-01')
,('user0004','mov180','5.0','2011-03-10')
,('user0004','mov231','3.5','2012-02-13')
,('user0004','mov201','3.0','2016-09-17')
,('user0004','mov018','3.5','2012-12-12')
,('user0004','mov127','3.0','2005-02-28')
,('user0004','mov128','3.5','2009-12-11')
,('user0004','mov030','3.5','2007-11-04')
,('user0004','mov220','4.5','2012-03-18')
,('user0004','mov047','4.5','2006-02-01')
,('user0004','mov078','4.0','2014-08-12')
,('user0005','mov215','4.5','2014-05-08')
,('user0005','mov113','3.5','2011-05-02')
,('user0005','mov219','3.5','2011-11-25')
,('user0005','mov039','3.5','2016-04-18')
,('user0005','mov119','3.5','2010-06-26')
,('user0005','mov087','3.0','2016-08-31')
,('user0005','mov202','3.5','2013-02-09')
,('user0006','mov096','3.5','2008-01-22')
,('user0006','mov075','3.5','2005-07-11')
,('user0006','mov192','4.5','2012-04-09')
,('user0006','mov071','4.5','2013-03-27')
,('user0006','mov170','3.5','2006-11-09')
,('user0006','mov232','4.5','2009-02-24')
,('user0006','mov066','5.0','2009-05-05')
,('user0006','mov164','3.5','2009-04-30')
,('user0006','mov042','5.0','2009-03-28')
,('user0006','mov023','3.0','2014-05-31')
,('user0006','mov058','5.0','2008-10-23')
,('user0006','mov062','4.0','2013-12-10')
,('user0006','mov136','3.5','2008-11-10')
,('user0006','mov242','5.0','2008-08-23')
,('user0006','mov141','3.5','2010-06-30')
,('user0006','mov006','3.0','2011-02-02')
,('user0006','mov103','5.0','2015-02-03')
,('user0006','mov171','3.0','2010-06-20')
,('user0006','mov187','3.5','2006-02-15')
,('user0006','mov206','3.5','2011-04-24')
,('user0006','mov017','5.0','2011-08-08')
,('user0006','mov008','3.5','2013-05-07')
,('user0006','mov080','5.0','2010-01-11')
,('user0006','mov060','4.0','2013-08-26')
,('user0006','mov120','4.5','2010-07-30')
,('user0006','mov129','5.0','2011-01-12')
,('user0006','mov104','3.0','2010-08-14')
,('user0006','mov249','3.5','2013-04-12')
,('user0006','mov018','4.0','2010-03-21')
,('user0006','mov237','3.0','2014-06-03')
,('user0006','mov031','4.0','2013-11-09')
,('user0006','mov174','4.0','2012-12-05')
,('user0006','mov084','4.5','2007-06-02')
,('user0006','mov119','4.0','2013-12-12')
,('user0006','mov227','3.0','2010-06-11')
,('user0006','mov050','4.5','2013-02-07')
,('user0006','mov049','3.5','2005-06-24')
,('user0006','mov131','3.0','2006-10-03')
,('user0006','mov064','5.0','2009-01-11')
,('user0006','mov083','5.0','2005-02-26')
,('user0006','mov197','5.0','2016-04-22')
,('user0006','mov007','4.0','2005-04-26')
,('user0006','mov126','5.0','2013-12-04')
,('user0006','mov026','3.0','2012-07-04')
,('user0007','mov190','3.0','2008-08-13')
,('user0007','mov189','5.0','2011-02-12')
,('user0007','mov228','5.0','2008-11-14')
,('user0007','mov222','3.5','2007-11-05')
,('user0007','mov099','3.0','2008-11-05')
,('user0007','mov204','4.5','2007-07-04')
,('user0007','mov051','3.0','2010-09-23')
,('user0007','mov210','4.0','2006-10-06')
,('user0007','mov159','4.5','2006-07-10')
,('user0007','mov048','3.0','2006-07-31')
,('user0007','mov074','4.5','2014-12-09')
,('user0007','mov060','4.0','2013-03-11')
,('user0007','mov026','3.0','2007-12-25')
,('user0007','mov082','3.5','2014-12-13')
,('user0007','mov171','3.5','2010-01-20')
,('user0007','mov102','4.0','2006-08-19')
,('user0007','mov125','3.5','2012-11-09')
,('user0007','mov180','3.5','2010-09-25')
,('user0007','mov127','3.0','2007-07-21')
,('user0007','mov173','4.0','2011-08-06')
,('user0007','mov109','4.0','2013-03-01')
,('user0007','mov241','3.5','2013-08-04')
,('user0007','mov188','3.5','2007-11-29')
,('user0007','mov194','4.5','2014-11-03')
,('user0007','mov147','4.0','2013-08-08')
,('user0007','mov200','5.0','2012-09-13')
,('user0007','mov206','5.0','2010-05-27')
,('user0007','mov151','3.0','2006-02-06')
,('user0007','mov226','3.5','2012-12-18')
,('user0007','mov213','3.5','2006-08-12')
,('user0007','mov002','3.5','2009-03-08')
,('user0007','mov071','5.0','2012-10-01')
,('user0007','mov078','4.5','2012-09-27')
,('user0007','mov224','3.5','2012-07-19')
,('user0007','mov141','4.5','2009-08-03')
,('user0008','mov023','4.5','2009-03-20')
,('user0008','mov067','3.5','2010-02-02')
,('user0008','mov158','4.0','2013-06-19')
,('user0008','mov027','5.0','2016-09-15')
,('user0008','mov184','3.5','2006-11-08')
,('user0008','mov197','5.0','2013-12-16')
,('user0008','mov205','4.5','2015-07-15')
,('user0008','mov019','4.5','2014-09-23')
,('user0008','mov145','5.0','2007-03-26')
,('user0008','mov200','5.0','2009-05-04')
,('user0008','mov093','5.0','2008-08-12')
,('user0008','mov078','4.0','2010-07-08')
,('user0008','mov082','5.0','2012-09-20')
,('user0008','mov228','3.0','2015-03-03')
,('user0008','mov049','4.5','2007-10-28')
,('user0008','mov133','3.5','2015-09-19')
,('user0008','mov226','5.0','2005-09-13')
,('user0008','mov005','4.5','2011-06-19')
,('user0008','mov124','4.5','2011-06-14')
,('user0008','mov204','3.5','2010-03-04')
,('user0009','mov098','3.5','2009-09-16')
,('user0009','mov103','5.0','2005-05-08')
,('user0009','mov074','3.5','2006-08-19')
,('user0009','mov132','3.0','2015-11-04')
,('user0009','mov114','4.5','2007-08-31')
,('user0009','mov185','5.0','2006-03-29')
,('user0009','mov210','3.5','2009-01-07')
,('user0009','mov204','4.5','2013-02-24')
,('user0009','mov053','4.5','2015-05-14')
,('user0009','mov171','5.0','2006-11-11')
,('user0009','mov148','4.0','2013-03-21')
,('user0009','mov214','3.0','2005-03-08')
,('user0009','mov086','3.5','2014-03-16')
,('user0009','mov085','3.5','2016-07-14')
,('user0009','mov248','3.0','2005-05-26')
,('user0009','mov230','5.0','2007-12-04')
,('user0009','mov186','3.0','2005-04-24')
,('user0009','mov226','4.0','2013-06-05')
,('user0009','mov007','3.5','2005-03-19')
,('user0009','mov046','3.5','2016-07-29')
,('user0009','mov076','3.0','2015-09-30')
,('user0009','mov200','4.0','2006-11-27')
,('user0009','mov056','4.5','2008-01-10')
,('user0009','mov194','5.0','2009-10-10')
,('user0009','mov203','4.0','2011-06-22')
,('user0009','mov140','3.0','2009-10-13')
,('user0009','mov064','4.5','2005-05-11')
,('user0009','mov063','4.0','2016-08-28')
,('user0009','mov199','4.0','2010-09-12')
,('user0009','mov156','5.0','2011-01-16')
,('user0009','mov123','3.5','2010-07-06')
,('user0009','mov238','4.5','2012-10-22')
,('user0009','mov191','4.0','2005-08-30')
,('user0010','mov103','4.0','2016-03-25')
,('user0010','mov098','3.5','2012-06-22')
,('user0010','mov244','5.0','2010-06-05')
,('user0010','mov050','4.0','2013-04-05')
,('user0010','mov112','5.0','2006-03-28')
,('user0010','mov039','3.5','2016-04-19')
,('user0010','mov075','5.0','2012-04-27')
,('user0010','mov141','4.0','2014-02-27')
,('user0010','mov151','3.0','2008-06-09')
,('user0010','mov005','4.5','2006-06-11')
,('user0010','mov140','3.5','2009-05-05')
,('user0010','mov074','4.5','2009-09-04')
,('user0010','mov048','4.5','2005-02-04')
,('user0010','mov060','4.5','2016-05-22')
,('user0010','mov012','3.5','2008-04-16')
,('user0010','mov063','3.0','2011-05-03')
,('user0010','mov099','4.0','2014-08-17')
,('user0010','mov239','4.0','2013-02-10')
,('user0010','mov192','5.0','2007-12-16')
,('user0010','mov229','4.5','2016-09-11')
,('user0010','mov004','3.0','2016-09-03')
,('user0010','mov127','3.5','2014-08-01')
,('user0010','mov238','4.5','2009-08-10')
,('user0010','mov213','4.5','2011-10-09')
,('user0010','mov070','4.0','2008-03-02')
,('user0010','mov105','4.5','2008-02-27')
,('user0010','mov089','3.0','2010-08-05')
,('user0010','mov160','5.0','2008-11-25')
,('user0010','mov164','5.0','2007-06-02')
,('user0010','mov224','4.5','2013-05-06')
,('user0010','mov150','4.5','2005-08-15')
,('user0010','mov093','3.0','2010-12-30')
,('user0010','mov018','5.0','2009-08-22')
,('user0010','mov109','3.0','2015-08-04')
,('user0010','mov245','4.5','2013-07-13')
,('user0010','mov190','5.0','2015-10-29')
,('user0010','mov032','5.0','2005-06-27')
,('user0010','mov246','4.0','2005-10-26')
,('user0010','mov240','4.5','2006-04-05')
,('user0010','mov038','4.5','2006-09-12')
,('user0010','mov199','5.0','2009-05-08')
,('user0010','mov130','4.0','2016-08-05')
,('user0010','mov026','3.0','2008-08-16')
,('user0010','mov030','4.5','2006-06-28')
,('user0010','mov217','4.5','2011-05-31')
,('user0010','mov155','4.0','2013-08-22')
,('user0010','mov226','4.0','2014-02-10')
,('user0010','mov149','4.0','2013-04-30')
,('user0010','mov110','4.5','2006-08-31')
,('user0010','mov227','5.0','2006-12-13')
,('user0011','mov167','3.5','2011-10-07')
,('user0011','mov248','4.5','2009-04-04')
,('user0011','mov247','3.5','2011-12-15')
,('user0011','mov110','4.0','2014-11-28')
,('user0011','mov010','5.0','2006-08-04')
,('user0011','mov026','4.5','2012-03-22')
,('user0011','mov114','3.0','2008-08-25')
,('user0011','mov115','5.0','2009-09-07')
,('user0011','mov117','4.5','2014-05-22')
,('user0011','mov108','5.0','2012-07-23')
,('user0011','mov097','3.5','2010-02-19')
,('user0011','mov200','4.0','2010-06-22')
,('user0011','mov241','4.5','2007-10-15')
,('user0011','mov058','5.0','2016-02-16')
,('user0011','mov084','4.0','2010-09-01')
,('user0011','mov208','4.0','2007-06-05')
,('user0011','mov205','4.5','2014-11-16')
,('user0011','mov164','3.5','2012-02-27')
,('user0011','mov207','4.0','2015-06-29')
,('user0011','mov098','3.5','2010-01-02')
,('user0011','mov232','3.0','2016-06-29')
,('user0011','mov059','4.0','2009-10-11')
,('user0011','mov069','3.0','2015-11-26')
,('user0011','mov153','4.5','2016-10-12')
,('user0011','mov082','3.5','2005-03-02')
,('user0012','mov003','3.5','2015-12-12')
,('user0012','mov218','3.0','2007-09-05')
,('user0012','mov246','5.0','2013-07-14')
,('user0012','mov203','4.0','2006-01-15')
,('user0012','mov040','3.5','2016-10-18')
,('user0012','mov142','4.5','2014-01-22')
,('user0012','mov171','3.5','2013-02-20')
,('user0012','mov088','3.0','2016-10-11')
,('user0012','mov149','3.0','2015-09-06')
,('user0012','mov101','3.0','2014-07-03')
,('user0012','mov002','3.5','2010-12-20')
,('user0012','mov137','4.0','2010-02-04')
,('user0012','mov082','3.0','2015-08-23')
,('user0012','mov133','3.5','2016-07-03')
,('user0012','mov075','3.0','2007-08-07')
,('user0012','mov221','4.0','2011-02-13')
,('user0012','mov093','4.5','2008-10-15')
,('user0012','mov055','3.5','2012-10-31')
,('user0012','mov056','3.5','2013-12-26')
,('user0012','mov074','5.0','2014-11-07')
,('user0012','mov052','5.0','2005-11-17')
,('user0012','mov034','3.0','2011-06-01')
,('user0012','mov209','3.5','2012-02-22')
,('user0012','mov072','4.5','2012-05-01')
,('user0012','mov169','3.5','2008-08-25')
,('user0012','mov112','3.0','2014-01-27')
,('user0012','mov229','3.0','2007-01-31')
,('user0012','mov231','4.5','2012-11-19')
,('user0012','mov199','3.0','2007-05-08')
,('user0012','mov107','3.5','2011-08-31')
,('user0012','mov013','5.0','2013-04-12')
,('user0012','mov037','4.5','2010-05-27')
,('user0012','mov186','3.5','2013-01-22')
,('user0012','mov059','4.0','2007-07-18')
,('user0012','mov139','4.0','2008-12-03')
,('user0012','mov089','3.5','2013-09-30')
,('user0012','mov195','3.5','2013-07-06')
,('user0013','mov107','3.0','2015-06-15')
,('user0013','mov071','4.0','2010-10-10')
,('user0013','mov207','3.5','2016-08-08')
,('user0013','mov241','4.0','2013-10-04')
,('user0013','mov100','3.5','2012-08-29')
,('user0013','mov245','4.5','2012-03-26')
,('user0013','mov137','3.5','2015-05-30')
,('user0013','mov197','4.0','2010-04-29')
,('user0013','mov145','3.0','2009-08-17')
,('user0013','mov097','3.5','2010-02-17')
,('user0013','mov169','3.5','2008-04-01')
,('user0013','mov003','4.5','2008-01-14')
,('user0013','mov203','4.5','2013-02-05')
,('user0013','mov202','3.5','2012-08-10')
,('user0013','mov091','4.5','2009-07-08')
,('user0013','mov111','4.5','2011-07-07')
,('user0013','mov006','5.0','2016-05-28')
,('user0013','mov190','3.0','2015-09-22')
,('user0013','mov046','3.5','2006-06-08')
,('user0013','mov012','4.5','2013-03-07')
,('user0013','mov139','5.0','2012-03-17')
,('user0013','mov043','5.0','2011-02-02')
,('user0013','mov078','5.0','2012-10-26')
,('user0014','mov018','4.0','2014-02-12')
,('user0014','mov108','3.0','2015-05-21')
,('user0014','mov105','4.5','2009-03-28')
,('user0014','mov030','4.5','2009-02-28')
,('user0014','mov017','5.0','2007-10-03')
,('user0014','mov075','5.0','2016-06-09')
,('user0014','mov247','4.0','2006-01-09')
,('user0014','mov096','3.0','2011-03-03')
,('user0014','mov004','3.5','2014-01-10')
,('user0014','mov003','4.5','2016-07-26')
,('user0014','mov038','5.0','2014-10-23')
,('user0014','mov242','5.0','2007-02-26')
,('user0014','mov040','5.0','2010-10-16')
,('user0014','mov182','5.0','2006-07-16')
,('user0014','mov225','3.5','2009-01-20')
,('user0014','mov232','3.0','2009-09-12')
,('user0014','mov089','4.0','2015-03-15')
,('user0014','mov211','3.0','2010-07-18')
,('user0014','mov079','3.0','2015-05-19')
,('user0014','mov183','3.0','2013-09-06')
,('user0014','mov209','5.0','2013-12-28')
,('user0014','mov152','5.0','2010-02-23')
,('user0014','mov220','3.5','2007-04-18')
,('user0014','mov187','3.0','2009-12-28')
,('user0014','mov157','4.5','2014-11-08')
,('user0014','mov072','3.0','2009-10-11')
,('user0014','mov112','4.5','2012-06-07')
,('user0014','mov107','5.0','2006-11-12')
,('user0014','mov217','5.0','2009-11-02')
,('user0014','mov010','3.0','2014-05-11')
,('user0014','mov249','4.0','2015-04-25')
,('user0014','mov022','4.5','2006-08-22')
,('user0014','mov144','3.5','2009-07-18')
,('user0014','mov051','3.5','2015-07-15')
,('user0014','mov011','4.5','2013-03-20')
,('user0014','mov231','4.5','2006-01-16')
,('user0014','mov234','4.0','2007-08-29')
,('user0015','mov087','5.0','2007-01-18')
,('user0015','mov011','3.5','2012-06-10')
,('user0015','mov152','3.0','2014-10-24')
,('user0015','mov217','5.0','2013-10-30')
,('user0015','mov033','3.5','2006-08-12')
,('user0016','mov127','4.5','2012-03-18')
,('user0016','mov169','4.5','2007-08-02')
,('user0016','mov071','3.0','2007-10-05')
,('user0016','mov046','5.0','2008-09-14')
,('user0016','mov224','4.5','2009-04-23')
,('user0016','mov150','4.5','2014-08-13')
,('user0016','mov187','4.0','2009-07-17')
,('user0016','mov075','3.5','2012-04-25')
,('user0016','mov215','4.0','2010-02-24')
,('user0016','mov018','3.5','2010-05-11')
,('user0016','mov135','5.0','2006-12-14')
,('user0016','mov114','3.0','2014-08-11')
,('user0016','mov107','4.0','2011-05-17')
,('user0017','mov116','4.0','2006-09-06')
,('user0017','mov176','4.5','2011-06-15')
,('user0017','mov132','5.0','2011-09-06')
,('user0017','mov216','3.0','2011-09-12')
,('user0017','mov013','3.0','2013-01-18')
,('user0017','mov065','4.0','2006-06-04')
,('user0017','mov169','3.5','2005-09-02')
,('user0017','mov038','3.0','2006-01-26')
,('user0017','mov227','3.0','2010-09-23')
,('user0017','mov104','3.5','2010-12-09')
,('user0017','mov069','3.0','2013-07-02')
,('user0017','mov223','5.0','2014-04-05')
,('user0018','mov209','5.0','2012-03-29')
,('user0018','mov247','4.5','2013-03-31')
,('user0018','mov038','4.5','2012-11-08')
,('user0018','mov041','4.5','2013-11-04')
,('user0018','mov058','4.0','2010-11-11')
,('user0018','mov030','3.0','2007-08-06')
,('user0018','mov128','4.0','2006-12-10')
,('user0018','mov099','3.5','2013-08-31')
,('user0018','mov118','3.0','2009-04-12')
,('user0018','mov070','3.5','2011-05-30')
,('user0018','mov177','3.0','2008-05-13')
,('user0018','mov174','4.5','2016-07-19')
,('user0018','mov014','3.0','2005-04-26')
,('user0018','mov009','4.0','2005-12-12')
,('user0018','mov241','5.0','2014-03-04')
,('user0018','mov152','3.0','2010-03-17')
,('user0018','mov029','5.0','2015-12-17')
,('user0018','mov013','5.0','2012-10-27')
,('user0018','mov071','4.0','2011-04-22')
,('user0018','mov186','5.0','2008-01-17')
,('user0018','mov104','4.5','2011-04-26')
,('user0018','mov054','3.5','2011-11-14')
,('user0018','mov148','3.5','2005-01-22')
,('user0018','mov096','5.0','2007-03-31')
,('user0018','mov007','4.0','2012-03-11')
,('user0018','mov213','3.0','2015-11-27')
,('user0018','mov124','3.0','2007-05-20')
,('user0018','mov204','3.0','2008-02-22')
,('user0018','mov245','3.0','2012-10-05')
,('user0018','mov086','4.5','2005-02-25')
,('user0018','mov012','4.5','2007-04-14')
,('user0018','mov221','3.0','2009-10-13')
,('user0018','mov199','3.0','2014-08-09')
,('user0018','mov227','5.0','2016-11-01')
,('user0018','mov197','4.0','2006-06-12')
,('user0018','mov057','3.0','2015-10-18')
,('user0018','mov181','5.0','2008-05-27')
,('user0018','mov112','4.5','2015-11-11')
,('user0018','mov020','5.0','2006-11-20')
,('user0018','mov088','4.0','2010-06-05')
,('user0018','mov132','3.0','2007-05-31')
,('user0018','mov121','5.0','2013-11-09')
,('user0018','mov207','3.5','2013-05-31')
,('user0018','mov024','3.5','2016-05-28')
,('user0018','mov097','4.5','2014-06-28')
,('user0018','mov142','4.5','2005-01-27')
,('user0018','mov090','4.5','2010-01-31')
,('user0018','mov082','4.5','2010-04-11')
,('user0018','mov198','4.5','2011-12-04')
,('user0018','mov051','3.0','2012-05-08')
,('user0019','mov039','5.0','2006-09-23')
,('user0019','mov018','3.0','2012-10-31')
,('user0019','mov052','5.0','2015-09-11')
,('user0019','mov138','4.0','2013-03-31')
,('user0019','mov124','3.0','2005-12-24')
,('user0019','mov219','4.5','2014-02-08')
,('user0019','mov172','3.0','2012-03-07')
,('user0019','mov193','4.0','2010-04-30')
,('user0019','mov032','3.0','2016-02-21')
,('user0019','mov185','3.0','2016-08-11')
,('user0019','mov062','4.5','2008-02-02')
,('user0019','mov196','4.5','2009-04-18')
,('user0019','mov089','5.0','2008-04-21')
,('user0019','mov082','4.5','2015-08-01')
,('user0019','mov128','3.5','2011-07-15')
,('user0020','mov235','4.0','2016-10-13')
,('user0020','mov157','4.0','2009-04-29')
,('user0020','mov128','4.5','2007-09-20')
,('user0020','mov173','5.0','2015-04-14')
,('user0020','mov159','5.0','2011-02-28')
,('user0020','mov199','4.5','2015-05-25')
,('user0020','mov203','5.0','2014-08-26')
,('user0020','mov225','4.5','2011-03-24')
,('user0020','mov104','3.5','2012-06-05')
,('user0020','mov045','5.0','2011-02-25')
,('user0020','mov057','4.5','2010-12-23')
,('user0020','mov175','4.5','2012-09-03')
,('user0020','mov144','3.0','2007-10-16')
,('user0020','mov245','3.0','2013-03-07')
,('user0020','mov023','5.0','2013-11-02')
,('user0020','mov146','4.0','2015-12-03')
,('user0020','mov222','4.0','2013-02-15')
,('user0020','mov026','5.0','2011-07-06')
,('user0020','mov005','3.0','2008-06-06')
,('user0020','mov096','3.0','2008-01-09')
,('user0020','mov106','4.5','2015-06-06')
,('user0020','mov101','3.5','2012-04-13')
,('user0020','mov047','3.5','2006-11-22')
,('user0020','mov036','3.0','2016-09-06')
,('user0020','mov059','4.5','2015-11-09')
,('user0020','mov093','3.0','2012-05-22')
,('user0020','mov149','4.0','2012-02-26')
,('user0020','mov137','4.0','2009-11-01')
,('user0020','mov105','5.0','2007-02-20')
,('user0020','mov185','5.0','2014-01-30')
,('user0021','mov022','4.5','2005-06-13')
,('user0021','mov099','3.5','2014-01-10')
,('user0021','mov043','4.5','2012-07-11')
,('user0021','mov001','4.5','2016-03-11')
,('user0021','mov056','3.0','2009-11-01')
,('user0021','mov212','3.0','2008-10-31')
,('user0021','mov226','4.0','2007-03-08')
,('user0021','mov045','3.5','2008-07-26')
,('user0021','mov018','3.5','2014-07-28')
,('user0021','mov033','3.5','2012-11-27')
,('user0021','mov028','3.0','2009-09-05')
,('user0021','mov241','4.0','2007-11-23')
,('user0021','mov143','5.0','2014-11-17')
,('user0021','mov047','5.0','2016-07-25')
,('user0021','mov227','4.5','2016-02-07')
,('user0021','mov139','4.0','2009-12-28')
,('user0021','mov017','3.5','2016-07-02')
,('user0021','mov003','4.5','2009-11-23')
,('user0021','mov095','5.0','2005-12-30')
,('user0021','mov209','3.0','2012-01-25')
,('user0021','mov011','5.0','2015-07-31')
,('user0021','mov174','3.5','2005-11-03')
,('user0021','mov208','4.5','2008-01-03')
,('user0021','mov230','4.5','2011-07-06')
,('user0021','mov178','3.5','2011-05-24')
,('user0021','mov044','3.5','2006-01-04')
,('user0021','mov188','4.0','2011-07-30')
,('user0021','mov020','4.5','2007-11-22')
,('user0021','mov127','3.5','2007-12-08')
,('user0021','mov084','5.0','2008-06-17')
,('user0021','mov063','5.0','2010-10-30')
,('user0021','mov106','5.0','2012-09-25')
,('user0022','mov093','3.5','2014-12-28')
,('user0022','mov220','5.0','2015-07-05')
,('user0022','mov147','5.0','2008-05-03')
,('user0022','mov073','5.0','2013-04-03')
,('user0022','mov163','5.0','2009-07-07')
,('user0022','mov165','3.0','2008-02-28')
,('user0022','mov156','3.0','2010-02-01')
,('user0022','mov227','4.0','2008-04-28')
,('user0022','mov174','5.0','2008-01-05')
,('user0022','mov101','4.5','2016-09-07')
,('user0022','mov114','3.5','2015-03-09')
,('user0022','mov207','3.0','2009-01-23')
,('user0022','mov084','4.5','2008-11-24')
,('user0022','mov145','5.0','2011-09-14')
,('user0022','mov244','4.0','2006-09-03')
,('user0022','mov024','3.0','2008-06-23')
,('user0022','mov037','5.0','2016-08-09')
,('user0022','mov074','4.0','2014-12-06')
,('user0023','mov108','4.0','2010-05-28')
,('user0023','mov015','3.0','2007-06-14')
,('user0023','mov245','5.0','2007-05-30')
,('user0023','mov036','3.0','2005-03-24')
,('user0023','mov213','3.5','2005-11-07')
,('user0023','mov002','5.0','2015-12-24')
,('user0023','mov128','4.0','2008-10-26')
,('user0023','mov112','3.5','2007-02-19')
,('user0023','mov022','3.0','2010-10-12')
,('user0023','mov111','4.0','2016-09-27')
,('user0023','mov190','3.0','2007-07-17')
,('user0023','mov207','4.0','2008-05-27')
,('user0023','mov129','5.0','2007-02-28')
,('user0023','mov246','4.0','2015-11-29')
,('user0023','mov046','4.5','2010-02-16')
,('user0023','mov228','3.0','2012-07-28')
,('user0023','mov216','3.0','2006-01-12')
,('user0023','mov159','4.0','2013-06-14')
,('user0023','mov164','3.5','2012-06-24')
,('user0023','mov043','5.0','2012-04-20')
,('user0023','mov237','4.5','2009-07-11')
,('user0023','mov058','4.5','2011-01-02')
,('user0023','mov200','5.0','2009-10-04')
,('user0023','mov098','4.0','2013-11-05')
,('user0023','mov131','3.5','2011-06-09')
,('user0023','mov034','3.5','2015-03-26')
,('user0023','mov068','4.5','2010-08-10')
,('user0023','mov139','3.0','2006-10-29')
,('user0023','mov171','3.0','2012-10-30')
,('user0023','mov188','5.0','2009-08-01')
,('user0023','mov030','5.0','2014-09-08')
,('user0023','mov027','5.0','2012-06-08')
,('user0023','mov235','4.5','2006-01-23')
,('user0023','mov109','4.5','2010-07-30')
,('user0023','mov066','4.0','2008-07-09')
,('user0024','mov011','3.5','2013-12-24')
,('user0024','mov110','5.0','2009-05-24')
,('user0024','mov045','5.0','2009-01-05')
,('user0024','mov222','4.0','2006-09-06')
,('user0024','mov214','3.0','2016-09-01')
,('user0024','mov142','3.5','2010-10-24')
,('user0024','mov062','4.0','2009-11-25')
,('user0024','mov151','3.0','2011-05-30')
,('user0024','mov198','4.0','2012-07-07')
,('user0024','mov150','4.5','2014-01-06')
,('user0024','mov177','4.5','2009-10-17')
,('user0024','mov128','5.0','2006-06-15')
,('user0024','mov091','4.0','2007-12-01')
,('user0024','mov121','4.5','2012-11-04')
,('user0024','mov229','4.0','2012-08-24')
,('user0024','mov077','4.5','2013-10-20')
,('user0024','mov071','4.5','2014-10-27')
,('user0024','mov201','4.5','2005-03-19')
,('user0024','mov172','4.5','2011-01-04')
,('user0024','mov131','4.0','2013-11-13')
,('user0024','mov012','3.5','2011-08-19')
,('user0024','mov208','3.0','2010-03-09')
,('user0024','mov230','3.0','2009-10-06')
,('user0024','mov187','5.0','2007-12-02')
,('user0024','mov159','3.5','2007-10-27')
,('user0024','mov136','3.5','2013-07-30')
,('user0024','mov162','3.5','2011-08-17')
,('user0024','mov002','5.0','2006-01-15')
,('user0024','mov025','3.0','2010-07-10')
,('user0024','mov139','4.5','2011-05-25')
,('user0024','mov033','4.0','2015-05-06')
,('user0024','mov126','4.0','2008-10-18')
,('user0024','mov116','3.0','2012-02-28')
,('user0024','mov092','4.0','2008-01-21')
,('user0024','mov047','4.0','2007-01-30')
,('user0024','mov138','3.5','2013-03-22')
,('user0024','mov169','4.5','2006-09-16')
,('user0024','mov211','3.0','2007-01-03')
,('user0024','mov216','4.0','2010-08-16')
,('user0024','mov155','3.5','2013-04-21')
,('user0024','mov085','4.5','2016-07-21')
,('user0024','mov048','3.0','2009-01-14')
,('user0024','mov147','3.5','2010-04-06')
,('user0024','mov246','3.5','2016-05-27')
,('user0024','mov015','3.0','2008-01-16')
,('user0024','mov200','4.5','2015-08-10')
,('user0025','mov236','4.0','2013-01-01')
,('user0025','mov102','3.5','2013-12-22')
,('user0025','mov028','3.0','2015-04-01')
,('user0025','mov052','3.5','2007-11-03')
,('user0025','mov225','3.5','2005-08-06')
,('user0025','mov239','4.0','2013-06-16')
,('user0025','mov206','3.5','2005-12-18')
,('user0025','mov177','4.5','2012-06-11')
,('user0025','mov055','4.0','2015-08-19')
,('user0025','mov180','4.5','2006-04-28')
,('user0025','mov226','4.0','2005-02-26')
,('user0025','mov125','4.0','2014-04-23')
,('user0025','mov042','5.0','2012-06-16')
,('user0025','mov164','3.5','2012-01-30')
,('user0025','mov160','4.5','2014-01-15')
,('user0025','mov098','3.5','2013-05-03')
,('user0025','mov064','3.5','2008-02-27')
,('user0025','mov049','4.5','2013-11-02')
,('user0025','mov058','4.5','2012-09-26')
,('user0025','mov048','3.5','2016-04-21')
,('user0025','mov016','3.0','2012-04-25')
,('user0025','mov070','3.0','2015-06-30')
,('user0025','mov204','3.5','2009-06-14')
,('user0025','mov179','3.5','2013-04-04')
,('user0025','mov012','3.5','2006-05-15')
,('user0025','mov145','4.5','2011-07-15')
,('user0025','mov138','4.0','2006-10-10')
,('user0025','mov006','5.0','2016-07-27')
,('user0025','mov026','4.5','2006-12-27')
,('user0026','mov152','4.0','2005-11-27')
,('user0026','mov073','5.0','2010-09-27')
,('user0026','mov128','3.5','2010-12-14')
,('user0026','mov208','4.5','2016-07-29')
,('user0026','mov207','4.0','2006-05-23')
,('user0026','mov132','4.5','2006-03-27')
,('user0026','mov076','3.0','2010-02-14')
,('user0026','mov109','4.5','2008-12-03')
,('user0026','mov030','4.0','2016-06-23')
,('user0026','mov068','3.5','2005-04-01')
,('user0026','mov049','3.0','2009-09-14')
,('user0026','mov104','3.0','2009-01-12')
,('user0026','mov137','4.5','2016-05-20')
,('user0026','mov203','4.5','2010-12-18')
,('user0026','mov249','4.0','2016-02-01')
,('user0026','mov184','4.0','2014-10-21')
,('user0026','mov013','4.0','2012-11-21')
,('user0026','mov097','3.0','2011-09-12')
,('user0026','mov162','4.5','2012-05-07')
,('user0026','mov180','4.0','2013-01-06')
,('user0026','mov035','3.5','2015-04-09')
,('user0026','mov111','4.5','2014-09-12')
,('user0026','mov034','3.5','2006-11-14')
,('user0026','mov008','4.0','2006-07-06')
,('user0026','mov067','4.0','2006-09-19')
,('user0026','mov087','4.0','2009-10-01')
,('user0026','mov071','4.5','2005-09-02')
,('user0026','mov235','4.0','2006-04-11')
,('user0026','mov072','4.5','2013-11-16')
,('user0026','mov169','4.5','2010-03-06')
,('user0026','mov090','4.0','2006-11-27')
,('user0026','mov150','3.0','2013-03-25')
,('user0026','mov086','4.5','2009-04-18')
,('user0026','mov172','3.0','2010-03-22')
,('user0026','mov124','4.5','2010-05-21')
,('user0026','mov095','3.0','2009-02-15')
,('user0026','mov133','4.5','2011-12-27')
,('user0026','mov149','5.0','2013-07-17')
,('user0026','mov092','3.5','2014-07-13')
,('user0026','mov055','5.0','2006-11-11')
,('user0026','mov166','4.0','2014-02-27')
,('user0026','mov103','3.5','2006-07-31')
,('user0026','mov143','3.5','2007-07-05')
,('user0027','mov090','5.0','2010-08-30')
,('user0027','mov092','4.5','2008-06-01')
,('user0027','mov048','3.0','2012-04-27')
,('user0027','mov249','4.0','2008-08-16')
,('user0027','mov139','4.5','2013-03-09')
,('user0027','mov201','4.0','2005-02-22')
,('user0028','mov195','4.0','2005-01-24')
,('user0028','mov066','5.0','2008-05-22')
,('user0028','mov040','3.0','2009-10-27')
,('user0028','mov034','3.0','2008-06-08')
,('user0028','mov098','3.0','2007-03-29')
,('user0028','mov074','3.0','2005-05-03')
,('user0028','mov049','4.0','2005-12-07')
,('user0028','mov089','5.0','2015-02-06')
,('user0029','mov105','4.0','2008-02-24')
,('user0029','mov096','4.0','2008-03-08')
,('user0029','mov149','3.5','2012-10-25')
,('user0029','mov115','4.5','2006-12-04')
,('user0029','mov186','4.5','2009-05-08')
,('user0029','mov060','5.0','2009-07-17')
,('user0030','mov152','4.0','2008-10-15')
,('user0030','mov217','3.0','2007-10-15')
,('user0030','mov110','4.5','2014-03-22')
,('user0030','mov211','4.5','2008-12-31')
,('user0030','mov046','4.0','2016-07-25')
,('user0030','mov055','3.0','2008-06-19')
,('user0030','mov092','3.0','2007-08-28')
,('user0030','mov235','4.0','2010-03-31')
,('user0030','mov205','3.5','2016-06-09')
,('user0030','mov139','3.0','2015-06-23')
,('user0030','mov090','3.0','2011-10-18')
,('user0030','mov122','4.5','2010-12-23')
,('user0030','mov200','3.0','2005-04-17')
,('user0030','mov091','3.5','2005-09-23')
,('user0030','mov180','4.5','2013-05-14')
,('user0030','mov243','3.5','2015-12-24')
,('user0030','mov171','4.0','2009-12-03')
,('user0030','mov014','4.0','2005-02-04')
,('user0030','mov142','4.0','2012-11-21')
,('user0030','mov006','3.0','2014-03-12')
,('user0030','mov045','3.0','2016-05-20')
,('user0030','mov099','3.5','2006-05-03')
,('user0030','mov059','3.5','2013-11-04')
,('user0030','mov007','5.0','2013-10-08')
,('user0030','mov068','3.0','2011-12-28')
,('user0030','mov191','3.5','2011-04-17')
,('user0030','mov140','3.5','2015-04-21')
,('user0030','mov204','4.5','2008-10-06')
,('user0030','mov209','4.0','2009-12-19')
,('user0030','mov073','4.0','2008-08-26')
,('user0030','mov234','3.5','2011-07-03')
,('user0030','mov239','4.0','2014-02-09')
,('user0030','mov116','4.0','2014-04-12')
,('user0030','mov047','3.5','2011-04-15')
,('user0030','mov096','3.5','2008-10-13')
,('user0030','mov196','4.5','2012-10-06')
,('user0030','mov036','3.0','2015-06-01')
,('user0030','mov008','4.0','2016-01-27')
,('user0030','mov199','3.0','2013-01-16')
,('user0030','mov177','3.0','2005-01-16')
,('user0030','mov108','4.5','2005-04-19')
,('user0030','mov174','5.0','2016-08-15')
,('user0030','mov060','3.0','2012-12-24')
,('user0030','mov054','4.0','2005-01-30')
,('user0030','mov214','3.5','2015-12-29')
,('user0030','mov145','4.5','2012-05-16')
,('user0030','mov035','3.0','2009-05-02')
,('user0031','mov048','3.0','2013-08-25')
,('user0031','mov221','4.5','2008-12-24')
,('user0031','mov109','3.5','2009-12-10')
,('user0031','mov197','3.0','2008-04-29')
,('user0031','mov044','3.5','2011-12-12')
,('user0031','mov176','5.0','2011-08-27')
,('user0031','mov120','3.0','2013-03-09')
,('user0031','mov040','4.5','2014-03-15')
,('user0031','mov219','3.0','2005-04-04')
,('user0031','mov050','4.5','2013-01-30')
,('user0031','mov067','4.0','2010-11-17')
,('user0031','mov243','4.0','2015-01-06')
,('user0031','mov244','4.0','2007-08-17')
,('user0031','mov177','4.5','2014-04-10')
,('user0031','mov237','3.5','2007-07-19')
,('user0031','mov138','5.0','2011-06-04')
,('user0031','mov225','5.0','2009-04-20')
,('user0031','mov141','5.0','2016-02-11')
,('user0031','mov227','5.0','2007-08-27')
,('user0031','mov207','4.0','2014-03-23')
,('user0031','mov156','3.0','2010-11-14')
,('user0031','mov166','3.0','2005-01-08')
,('user0031','mov137','3.5','2013-05-14')
,('user0031','mov010','4.0','2007-10-25')
,('user0031','mov216','5.0','2012-07-15')
,('user0031','mov079','5.0','2012-11-08')
,('user0031','mov124','4.5','2014-12-18')
,('user0031','mov042','4.0','2009-06-07')
,('user0031','mov229','4.5','2008-08-25')
,('user0031','mov140','3.5','2016-05-18')
,('user0031','mov114','4.5','2006-04-20')
,('user0031','mov062','3.0','2012-07-31')
,('user0031','mov174','3.0','2013-12-08')
,('user0031','mov206','4.5','2007-03-01')
,('user0031','mov180','3.5','2009-09-10')
,('user0032','mov121','3.5','2015-03-17')
,('user0032','mov012','5.0','2006-05-17')
,('user0032','mov021','5.0','2016-08-21')
,('user0032','mov087','3.0','2006-02-28')
,('user0032','mov016','5.0','2014-08-03')
,('user0032','mov237','4.5','2016-05-20')
,('user0032','mov225','3.0','2006-08-28')
,('user0032','mov065','3.5','2011-02-09')
,('user0032','mov114','3.0','2008-05-07')
,('user0032','mov153','5.0','2007-12-18')
,('user0032','mov072','3.5','2012-04-23')
,('user0032','mov026','4.0','2014-03-12')
,('user0032','mov081','4.5','2013-06-11')
,('user0032','mov002','4.0','2007-03-16')
,('user0032','mov164','3.0','2015-07-25')
,('user0032','mov043','5.0','2012-06-02')
,('user0032','mov122','3.5','2013-11-22')
,('user0032','mov173','4.5','2011-10-07')
,('user0032','mov222','5.0','2010-03-27')
,('user0032','mov158','4.5','2008-11-18')
,('user0032','mov015','4.0','2016-02-20')
,('user0032','mov209','4.5','2007-02-20')
,('user0032','mov120','4.5','2009-03-16')
,('user0032','mov099','4.0','2008-06-05')
,('user0032','mov007','4.5','2014-02-25')
,('user0032','mov221','4.0','2010-12-01')
,('user0032','mov203','4.0','2014-08-30')
,('user0032','mov041','3.5','2015-04-01')
,('user0032','mov174','3.0','2006-03-28')
,('user0032','mov147','4.5','2012-05-09')
,('user0032','mov249','3.0','2007-07-28')
,('user0032','mov050','3.5','2006-05-14')
,('user0032','mov136','3.0','2011-01-19')
,('user0032','mov053','3.0','2005-03-20')
,('user0032','mov032','3.5','2013-07-17')
,('user0032','mov214','3.5','2014-03-14')
,('user0032','mov045','4.0','2009-08-09')
,('user0032','mov067','4.0','2008-11-03')
,('user0033','mov081','4.5','2011-04-02')
,('user0033','mov028','4.0','2012-04-21')
,('user0033','mov120','3.5','2015-07-24')
,('user0033','mov247','3.0','2005-11-17')
,('user0033','mov040','4.5','2008-10-24')
,('user0033','mov129','4.5','2010-05-07')
,('user0033','mov181','5.0','2014-08-28')
,('user0033','mov197','4.5','2010-08-07')
,('user0033','mov082','5.0','2014-09-01')
,('user0033','mov210','3.5','2005-10-06')
,('user0033','mov107','5.0','2013-02-19')
,('user0033','mov236','4.5','2009-08-13')
,('user0033','mov160','3.5','2015-05-15')
,('user0033','mov182','3.5','2006-07-05')
,('user0033','mov164','3.5','2006-03-15')
,('user0033','mov212','4.0','2006-09-20')
,('user0034','mov234','3.5','2008-07-28')
,('user0034','mov009','5.0','2016-07-05')
,('user0034','mov207','4.0','2005-10-22')
,('user0034','mov088','3.0','2005-03-04')
,('user0034','mov247','3.0','2006-01-15')
,('user0034','mov094','5.0','2008-07-04')
,('user0034','mov195','4.0','2013-09-25')
,('user0034','mov115','4.0','2015-06-02')
,('user0034','mov006','4.5','2009-04-02')
,('user0034','mov225','4.0','2016-03-08')
,('user0034','mov101','5.0','2016-06-05')
,('user0034','mov172','3.5','2012-08-12')
,('user0034','mov208','4.5','2014-09-16')
,('user0034','mov204','4.0','2015-10-10')
,('user0034','mov045','4.0','2007-07-09')
,('user0034','mov047','3.5','2005-05-19')
,('user0034','mov026','3.0','2005-05-13')
,('user0034','mov229','4.5','2012-01-12')
,('user0035','mov188','4.5','2013-11-15')
,('user0035','mov074','3.0','2013-08-14')
,('user0035','mov002','4.0','2010-10-02')
,('user0035','mov212','3.5','2005-02-27')
,('user0035','mov086','3.5','2015-07-23')
,('user0035','mov187','3.5','2009-07-28')
,('user0035','mov158','3.5','2008-08-08')
,('user0035','mov010','4.0','2007-05-27')
,('user0035','mov248','4.0','2006-11-17')
,('user0035','mov201','4.5','2010-06-29')
,('user0035','mov105','3.0','2005-04-13')
,('user0035','mov196','4.5','2014-01-30')
,('user0035','mov170','4.5','2009-04-09')
,('user0035','mov106','3.5','2012-07-13')
,('user0035','mov122','3.0','2009-07-19')
,('user0035','mov061','3.5','2014-02-03')
,('user0035','mov025','4.5','2010-03-14')
,('user0035','mov071','4.0','2007-04-15')
,('user0035','mov215','3.0','2007-01-17')
,('user0035','mov207','3.5','2010-07-09')
,('user0035','mov152','3.0','2012-04-18')
,('user0035','mov162','3.5','2007-08-06')
,('user0035','mov060','5.0','2005-04-03')
,('user0035','mov099','4.5','2013-05-28')
,('user0035','mov161','3.5','2012-05-20')
,('user0035','mov132','3.5','2010-11-14')
,('user0035','mov112','4.5','2007-05-28')
,('user0035','mov066','3.5','2011-10-18')
,('user0035','mov030','3.0','2008-07-31')
,('user0035','mov114','4.5','2006-07-23')
,('user0035','mov102','3.0','2007-06-21')
,('user0035','mov165','3.5','2010-02-06')
,('user0035','mov150','4.5','2016-07-26')
,('user0035','mov085','4.5','2016-08-20')
,('user0035','mov142','4.5','2006-01-09')
,('user0035','mov119','3.5','2014-11-09')
,('user0035','mov004','4.0','2005-07-01')
,('user0035','mov172','3.5','2013-11-16')
,('user0035','mov048','5.0','2005-01-24')
,('user0035','mov214','4.5','2014-04-18')
,('user0036','mov158','4.5','2009-04-18')
,('user0036','mov192','3.5','2009-06-24')
,('user0036','mov030','3.5','2012-12-25')
,('user0036','mov231','4.5','2012-07-13')
,('user0036','mov179','3.0','2005-08-22')
,('user0036','mov111','4.5','2009-03-27')
,('user0036','mov003','4.0','2009-04-27')
,('user0036','mov100','4.5','2015-01-21')
,('user0036','mov201','5.0','2015-08-19')
,('user0036','mov035','3.0','2010-02-10')
,('user0036','mov217','4.0','2012-02-18')
,('user0036','mov072','3.0','2005-07-06')
,('user0036','mov006','3.0','2005-04-28')
,('user0036','mov060','3.5','2013-12-29')
,('user0036','mov214','4.0','2012-10-21')
,('user0036','mov190','3.0','2011-05-25')
,('user0036','mov153','3.5','2014-08-01')
,('user0036','mov124','3.5','2016-09-21')
,('user0036','mov129','4.0','2015-11-28')
,('user0036','mov238','3.0','2015-12-26')
,('user0036','mov086','3.0','2015-10-04')
,('user0036','mov230','5.0','2007-07-23')
,('user0036','mov022','3.0','2009-10-03')
,('user0036','mov161','4.0','2011-03-19')
,('user0037','mov063','3.0','2009-02-20')
,('user0037','mov245','3.5','2014-07-07')
,('user0037','mov022','3.0','2015-11-11')
,('user0037','mov123','3.0','2005-11-28')
,('user0037','mov237','3.5','2016-03-24')
,('user0037','mov052','4.0','2008-02-22')
,('user0037','mov150','3.5','2012-03-09')
,('user0037','mov172','4.0','2006-02-11')
,('user0037','mov156','3.0','2012-05-23')
,('user0037','mov130','5.0','2006-12-10')
,('user0037','mov122','4.0','2008-05-31')
,('user0037','mov027','5.0','2011-02-23')
,('user0037','mov019','5.0','2009-01-16')
,('user0037','mov107','4.5','2009-09-07')
,('user0037','mov033','3.0','2014-02-16')
,('user0037','mov201','3.5','2009-03-29')
,('user0037','mov038','4.0','2015-03-15')
,('user0037','mov091','5.0','2012-04-20')
,('user0037','mov010','4.5','2012-10-30')
,('user0037','mov125','5.0','2012-01-27')
,('user0037','mov227','4.0','2007-03-31')
,('user0037','mov053','4.0','2009-12-31')
,('user0037','mov082','4.0','2005-02-11')
,('user0037','mov141','3.0','2013-05-14')
,('user0037','mov014','4.5','2012-04-19')
,('user0037','mov204','3.0','2008-01-12')
,('user0037','mov116','3.0','2010-12-29')
,('user0037','mov197','3.5','2013-10-01')
,('user0037','mov186','5.0','2006-05-22')
,('user0037','mov043','5.0','2013-10-07')
,('user0037','mov097','3.0','2015-09-11')
,('user0037','mov209','3.5','2012-01-30')
,('user0038','mov158','4.0','2013-05-21')
,('user0038','mov209','4.5','2006-11-18')
,('user0038','mov191','4.5','2014-11-30')
,('user0038','mov148','4.0','2008-01-22')
,('user0038','mov017','3.0','2009-11-14')
,('user0038','mov098','4.5','2007-12-21')
,('user0038','mov022','4.0','2006-04-18')
,('user0038','mov177','4.5','2015-03-16')
,('user0038','mov056','4.0','2011-05-06')
,('user0038','mov216','4.5','2013-07-12')
,('user0038','mov010','3.0','2012-10-08')
,('user0038','mov114','4.5','2016-01-06')
,('user0038','mov009','3.0','2011-08-13')
,('user0038','mov057','3.5','2016-08-19')
,('user0038','mov146','3.5','2009-10-14')
,('user0038','mov182','5.0','2010-03-24')
,('user0038','mov075','3.0','2016-02-25')
,('user0038','mov211','3.0','2009-12-20')
,('user0038','mov064','3.5','2014-06-28')
,('user0038','mov240','3.0','2010-01-19')
,('user0038','mov244','5.0','2015-11-25')
,('user0038','mov081','3.5','2010-07-01')
,('user0038','mov135','5.0','2010-08-21')
,('user0038','mov127','4.5','2011-03-12')
,('user0039','mov154','4.5','2013-01-21')
,('user0039','mov229','4.0','2012-02-12')
,('user0039','mov011','3.0','2013-08-25')
,('user0039','mov230','4.5','2009-05-07')
,('user0039','mov062','4.5','2010-10-16')
,('user0039','mov247','4.0','2008-07-06')
,('user0039','mov111','3.0','2015-04-21')
,('user0039','mov067','5.0','2013-09-22')
,('user0039','mov131','4.5','2010-02-08')
,('user0039','mov015','3.5','2007-11-24')
,('user0039','mov168','4.5','2008-01-05')
,('user0039','mov176','5.0','2010-12-06')
,('user0039','mov118','5.0','2015-11-29')
,('user0039','mov098','3.0','2013-12-07')
,('user0039','mov075','3.0','2008-02-01')
,('user0039','mov152','4.5','2008-06-15')
,('user0039','mov091','3.5','2015-08-31')
,('user0039','mov043','4.0','2011-10-25')
,('user0039','mov025','5.0','2008-12-20')
,('user0039','mov068','5.0','2015-01-05')
,('user0039','mov198','4.5','2015-11-03')
,('user0039','mov244','4.0','2015-09-05')
,('user0039','mov184','4.5','2016-03-25')
,('user0040','mov213','5.0','2012-07-04')
,('user0040','mov040','4.0','2014-03-23')
,('user0040','mov115','5.0','2010-12-21')
,('user0040','mov028','5.0','2015-10-14')
,('user0040','mov055','3.0','2010-03-04')
,('user0040','mov176','4.0','2006-07-18')
,('user0040','mov164','3.0','2005-10-16')
,('user0040','mov013','3.5','2014-06-27')
,('user0040','mov183','4.5','2009-07-13')
,('user0040','mov227','3.0','2006-05-04')
,('user0040','mov233','5.0','2014-04-20')
,('user0040','mov223','3.5','2016-01-28')
,('user0040','mov161','5.0','2013-08-07')
,('user0040','mov033','4.5','2009-04-07')
,('user0040','mov141','3.5','2014-01-18')
,('user0040','mov060','4.0','2007-07-11')
,('user0040','mov212','4.0','2006-04-24')
,('user0040','mov131','3.5','2009-06-03')
,('user0040','mov154','4.0','2013-09-01')
,('user0040','mov155','4.5','2005-11-03')
,('user0040','mov059','3.0','2009-08-16')
,('user0040','mov087','4.0','2011-01-06')
,('user0040','mov008','3.0','2009-08-10')
,('user0040','mov076','3.0','2014-06-16')
,('user0040','mov042','3.0','2010-06-30')
,('user0041','mov199','3.5','2008-11-17')
,('user0041','mov072','4.0','2014-04-28')
,('user0041','mov019','4.0','2011-03-02')
,('user0041','mov078','3.5','2012-10-26')
,('user0041','mov152','4.0','2005-09-20')
,('user0041','mov020','4.5','2010-09-08')
,('user0041','mov025','4.5','2014-11-07')
,('user0041','mov100','5.0','2016-04-08')
,('user0041','mov086','5.0','2005-03-03')
,('user0041','mov225','4.5','2008-11-17')
,('user0041','mov222','3.5','2006-04-09')
,('user0041','mov163','3.0','2008-05-14')
,('user0041','mov079','3.0','2007-05-28')
,('user0041','mov031','4.5','2007-02-04')
,('user0041','mov044','5.0','2007-05-27')
,('user0041','mov043','3.0','2013-04-30')
,('user0041','mov164','4.5','2013-03-29')
,('user0041','mov092','4.0','2005-12-10')
,('user0041','mov111','4.0','2007-01-28')
,('user0041','mov230','3.0','2012-03-12')
,('user0041','mov017','5.0','2010-10-07')
,('user0041','mov187','3.5','2014-01-16')
,('user0041','mov084','3.5','2006-06-16')
,('user0041','mov056','4.0','2014-06-30')
,('user0041','mov109','5.0','2013-08-18')
,('user0041','mov242','3.5','2007-09-10')
,('user0041','mov246','4.0','2014-06-19')
,('user0041','mov121','4.0','2013-08-06')
,('user0042','mov127','3.0','2009-02-18')
,('user0042','mov078','3.0','2011-12-25')
,('user0042','mov024','4.0','2005-12-04')
,('user0042','mov032','4.5','2011-08-26')
,('user0042','mov004','3.0','2013-02-11')
,('user0042','mov140','5.0','2014-05-13')
,('user0042','mov151','4.0','2005-03-16')
,('user0042','mov126','4.0','2012-11-04')
,('user0042','mov055','4.0','2016-06-19')
,('user0042','mov022','4.5','2014-02-03')
,('user0042','mov136','4.5','2009-04-15')
,('user0042','mov186','5.0','2013-01-20')
,('user0042','mov202','3.5','2007-06-16')
,('user0042','mov071','5.0','2011-10-21')
,('user0042','mov092','4.5','2007-03-13')
,('user0042','mov175','5.0','2007-06-25')
,('user0042','mov172','3.5','2005-11-16')
,('user0042','mov044','3.0','2011-11-20')
,('user0042','mov188','5.0','2016-07-24')
,('user0042','mov245','4.0','2012-04-14')
,('user0042','mov219','5.0','2008-02-03')
,('user0042','mov122','3.5','2007-02-26')
,('user0042','mov210','4.0','2008-05-30')
,('user0042','mov094','3.5','2006-08-31')
,('user0042','mov039','3.0','2005-01-25')
,('user0042','mov117','4.0','2008-04-26')
,('user0042','mov238','3.0','2005-11-18')
,('user0042','mov025','4.0','2008-08-04')
,('user0042','mov080','3.0','2015-04-10')
,('user0042','mov029','4.0','2012-07-27')
,('user0042','mov164','3.0','2009-07-28')
,('user0042','mov079','4.0','2007-07-30')
,('user0042','mov114','3.5','2007-12-02')
,('user0042','mov089','4.5','2015-03-19')
,('user0042','mov152','5.0','2006-12-23')
,('user0043','mov192','3.0','2016-10-08')
,('user0043','mov185','3.0','2007-03-08')
,('user0043','mov155','4.0','2005-02-13')
,('user0043','mov222','4.0','2008-01-16')
,('user0043','mov248','3.5','2010-01-22')
,('user0043','mov159','3.5','2010-01-16')
,('user0043','mov065','4.5','2008-05-14')
,('user0043','mov042','3.5','2005-03-26')
,('user0043','mov094','3.0','2014-12-07')
,('user0043','mov085','3.5','2007-12-04')
,('user0043','mov030','3.0','2010-04-29')
,('user0043','mov092','4.0','2012-08-23')
,('user0043','mov049','4.0','2009-05-16')
,('user0043','mov043','4.5','2005-09-26')
,('user0043','mov249','4.5','2014-12-16')
,('user0043','mov219','4.5','2016-09-11')
,('user0043','mov087','5.0','2011-10-20')
,('user0043','mov093','4.0','2009-04-28')
,('user0043','mov223','4.5','2016-07-22')
,('user0043','mov141','3.5','2011-05-24')
,('user0043','mov112','3.0','2005-02-11')
,('user0043','mov106','3.5','2008-11-15')
,('user0044','mov106','3.0','2013-05-28')
,('user0044','mov240','5.0','2011-09-02')
,('user0044','mov120','4.5','2011-03-05')
,('user0044','mov202','4.0','2009-01-05')
,('user0044','mov155','3.5','2006-12-17')
,('user0044','mov061','4.5','2014-04-21')
,('user0044','mov232','3.5','2006-04-30')
,('user0044','mov047','4.5','2010-10-04')
,('user0045','mov083','3.5','2009-06-07')
,('user0045','mov006','5.0','2016-02-02')
,('user0045','mov029','4.0','2013-11-12')
,('user0045','mov104','3.5','2005-05-01')
,('user0045','mov247','3.0','2012-11-08')
,('user0045','mov103','5.0','2012-01-08')
,('user0045','mov225','3.0','2013-08-06')
,('user0045','mov141','4.5','2013-03-17')
,('user0045','mov148','4.5','2012-06-18')
,('user0045','mov072','4.5','2005-03-28')
,('user0045','mov231','4.5','2010-06-25')
,('user0045','mov131','4.5','2016-08-26')
,('user0045','mov042','4.5','2012-10-20')
,('user0045','mov209','4.5','2007-11-03')
,('user0045','mov179','4.0','2013-05-14')
,('user0045','mov197','5.0','2011-08-07')
,('user0045','mov136','3.5','2005-07-24')
,('user0045','mov249','4.0','2008-07-05')
,('user0045','mov093','4.0','2009-08-31')
,('user0045','mov025','4.5','2008-12-04')
,('user0045','mov043','3.5','2013-01-20')
,('user0045','mov129','5.0','2012-08-05')
,('user0045','mov101','3.5','2012-06-08')
,('user0046','mov193','4.0','2005-07-26')
,('user0046','mov091','4.5','2013-10-17')
,('user0046','mov114','5.0','2013-05-30')
,('user0046','mov232','4.5','2007-06-25')
,('user0046','mov094','5.0','2011-05-07')
,('user0046','mov149','5.0','2006-04-19')
,('user0046','mov004','3.5','2013-12-28')
,('user0046','mov164','4.0','2007-11-12')
,('user0046','mov170','4.5','2009-07-21')
,('user0046','mov235','5.0','2005-09-08')
,('user0046','mov051','3.5','2013-07-17')
,('user0046','mov196','4.0','2013-12-28')
,('user0046','mov130','3.0','2006-04-08')
,('user0046','mov211','3.5','2008-01-03')
,('user0046','mov233','4.5','2006-07-06')
,('user0046','mov135','4.5','2015-02-22')
,('user0046','mov093','3.5','2009-01-13')
,('user0046','mov217','4.0','2015-11-02')
,('user0046','mov126','4.5','2010-01-31')
,('user0046','mov008','3.0','2012-04-02')
,('user0046','mov222','3.5','2005-12-22')
,('user0046','mov017','5.0','2015-03-30')
,('user0046','mov201','5.0','2007-05-10')
,('user0046','mov031','4.5','2014-01-20')
,('user0046','mov037','3.5','2013-09-28')
,('user0046','mov128','3.5','2012-08-19')
,('user0046','mov159','5.0','2014-09-15')
,('user0046','mov244','4.0','2011-04-06')
,('user0046','mov238','4.5','2010-11-13')
,('user0046','mov157','3.5','2013-10-05')
,('user0046','mov189','3.0','2007-04-17')
,('user0046','mov188','3.5','2016-01-12')
,('user0046','mov100','5.0','2010-11-01')
,('user0046','mov245','5.0','2013-05-12')
,('user0046','mov058','3.5','2015-04-28')
,('user0046','mov023','4.5','2009-05-28')
,('user0046','mov073','4.5','2007-02-20')
,('user0046','mov236','4.0','2012-04-19')
,('user0046','mov026','3.5','2011-11-09')
,('user0046','mov074','5.0','2007-04-23')
,('user0046','mov062','5.0','2005-02-01')
,('user0046','mov111','3.0','2006-10-06')
,('user0046','mov169','4.5','2012-04-15')
,('user0046','mov080','3.0','2009-05-17')
,('user0046','mov106','4.0','2016-04-28')
,('user0046','mov237','3.0','2011-06-05')
,('user0046','mov054','3.5','2011-05-23')
,('user0046','mov038','3.5','2008-03-08')
,('user0047','mov036','3.5','2015-03-20')
,('user0047','mov018','4.0','2006-08-14')
,('user0047','mov179','3.0','2011-06-01')
,('user0047','mov035','5.0','2008-09-29')
,('user0047','mov148','4.5','2012-03-19')
,('user0047','mov188','4.0','2016-10-09')
,('user0047','mov047','3.0','2007-04-15')
,('user0047','mov121','4.0','2010-04-28')
,('user0047','mov105','3.0','2005-11-29')
,('user0047','mov131','4.5','2005-05-16')
,('user0047','mov079','4.0','2012-03-09')
,('user0047','mov161','3.0','2008-03-06')
,('user0047','mov186','3.0','2006-10-28')
,('user0047','mov021','3.0','2012-09-05')
,('user0047','mov143','4.5','2009-08-09')
,('user0047','mov164','3.5','2011-06-12')
,('user0047','mov008','3.5','2008-12-09')
,('user0047','mov006','4.0','2013-01-06')
,('user0047','mov014','4.5','2007-04-10')
,('user0047','mov080','5.0','2013-02-07')
,('user0047','mov124','4.0','2011-11-22')
,('user0047','mov076','4.5','2011-12-28')
,('user0047','mov229','5.0','2014-10-23')
,('user0047','mov166','3.0','2014-06-10')
,('user0047','mov104','4.0','2010-07-24')
,('user0047','mov234','5.0','2006-09-22')
,('user0047','mov063','4.5','2015-05-14')
,('user0047','mov242','4.5','2016-09-25')
,('user0047','mov084','4.0','2010-04-22')
,('user0047','mov055','3.0','2014-04-25')
,('user0047','mov062','4.0','2008-03-02')
,('user0047','mov130','3.5','2006-07-18')
,('user0048','mov079','4.0','2014-10-01')
,('user0048','mov238','3.5','2013-07-29')
,('user0048','mov114','4.5','2010-01-13')
,('user0048','mov131','4.0','2010-04-25')
,('user0048','mov076','4.5','2014-06-29')
,('user0048','mov081','4.5','2016-05-01')
,('user0048','mov224','4.5','2011-05-14')
,('user0048','mov141','3.5','2005-04-28')
,('user0048','mov189','3.5','2014-07-04')
,('user0048','mov138','5.0','2007-05-28')
,('user0049','mov034','5.0','2006-05-11')
,('user0049','mov038','3.0','2012-06-13')
,('user0049','mov125','4.5','2014-08-15')
,('user0049','mov152','5.0','2010-04-04')
,('user0049','mov014','4.5','2005-11-18')
,('user0049','mov175','5.0','2010-04-17')
,('user0049','mov015','3.0','2015-05-17')
,('user0049','mov080','5.0','2008-01-08')
,('user0049','mov140','5.0','2006-12-18')
,('user0049','mov091','3.0','2011-09-16')
,('user0049','mov042','3.5','2013-11-17')
,('user0049','mov155','5.0','2006-02-13')
,('user0049','mov021','3.5','2010-04-20')
,('user0049','mov136','4.0','2005-02-23')
,('user0049','mov129','4.0','2014-03-08')
,('user0050','mov068','4.5','2006-10-07')
,('user0050','mov208','4.0','2007-06-11')
,('user0050','mov012','4.5','2012-06-12')
,('user0050','mov139','3.0','2010-05-29')
,('user0050','mov170','3.0','2007-07-19')
,('user0050','mov159','4.5','2005-06-14')
,('user0050','mov229','3.5','2013-09-29')
,('user0050','mov075','3.5','2016-09-01')
,('user0050','mov234','4.0','2014-01-01')
,('user0050','mov129','4.0','2006-05-03')
,('user0050','mov197','4.0','2005-03-04')
,('user0050','mov181','3.5','2013-09-14')
,('user0050','mov173','4.0','2012-12-30')
,('user0050','mov062','3.0','2014-11-01')
,('user0050','mov241','4.0','2006-11-26')
,('user0050','mov228','3.5','2013-01-02')
,('user0050','mov207','3.0','2014-12-23')
,('user0050','mov108','3.0','2008-11-27')
,('user0050','mov175','5.0','2009-07-27')
,('user0050','mov106','3.0','2016-01-02')
,('user0050','mov171','4.5','2008-11-25')
,('user0050','mov120','4.5','2005-01-26')
,('user0050','mov216','4.0','2014-06-20')
,('user0050','mov007','3.0','2016-03-22')
,('user0050','mov081','5.0','2008-01-11')
,('user0050','mov097','5.0','2016-10-14')
,('user0050','mov210','5.0','2010-01-04')
,('user0050','mov141','3.5','2008-11-21')
,('user0050','mov136','3.5','2014-07-28')
,('user0050','mov189','5.0','2008-10-15')
,('user0050','mov084','5.0','2014-04-30')
,('user0050','mov076','4.5','2016-04-08')
,('user0050','mov155','3.5','2014-03-11')
,('user0050','mov086','4.0','2009-12-06')
,('user0050','mov110','5.0','2006-10-03')
,('user0050','mov244','4.5','2006-08-13')
,('user0050','mov222','5.0','2005-01-17')
,('user0050','mov017','5.0','2005-06-15')
,('user0050','mov040','4.5','2009-12-23')
,('user0050','mov044','5.0','2008-01-01')
,('user0050','mov105','5.0','2012-08-15')
,('user0050','mov166','3.5','2011-01-08')
,('user0050','mov082','4.5','2013-06-14')
,('user0051','mov035','3.0','2016-04-06')
,('user0051','mov084','5.0','2012-05-13')
,('user0051','mov162','4.0','2016-10-14')
,('user0051','mov126','4.5','2015-11-03')
,('user0051','mov026','4.0','2013-11-26')
,('user0051','mov113','3.0','2006-06-18')
,('user0051','mov151','3.5','2014-04-19')
,('user0051','mov028','5.0','2007-01-01')
,('user0051','mov173','5.0','2011-07-04')
,('user0051','mov077','3.0','2016-02-23')
,('user0051','mov227','5.0','2015-02-10')
,('user0051','mov095','3.5','2005-02-23')
,('user0051','mov180','4.0','2012-08-24')
,('user0051','mov176','3.5','2007-04-24')
,('user0051','mov196','3.0','2011-06-18')
,('user0051','mov215','3.5','2013-06-25')
,('user0051','mov010','3.5','2016-09-18')
,('user0051','mov105','3.5','2008-05-07')
,('user0051','mov020','3.5','2012-07-16')
,('user0051','mov135','4.0','2008-12-20')
,('user0051','mov198','5.0','2010-02-01')
,('user0051','mov074','4.5','2014-02-11')
,('user0052','mov155','3.0','2011-09-22')
,('user0052','mov211','3.5','2016-09-07')
,('user0052','mov238','3.0','2005-06-07')
,('user0052','mov177','4.5','2007-08-01')
,('user0052','mov171','3.5','2016-01-27')
,('user0052','mov175','4.5','2011-02-16')
,('user0052','mov032','5.0','2014-09-01')
,('user0052','mov136','3.5','2005-10-18')
,('user0052','mov197','3.5','2005-12-28')
,('user0052','mov235','5.0','2015-07-31')
,('user0052','mov053','5.0','2015-12-18')
,('user0052','mov227','4.5','2013-06-14')
,('user0052','mov207','5.0','2009-08-01')
,('user0052','mov243','4.5','2005-12-27')
,('user0052','mov094','3.0','2014-10-30')
,('user0052','mov052','3.0','2010-05-16')
,('user0052','mov190','3.0','2005-03-03')
,('user0052','mov212','3.0','2012-01-31')
,('user0052','mov185','4.0','2007-12-21')
,('user0052','mov065','5.0','2015-02-24')
,('user0052','mov231','4.5','2013-06-15')
,('user0052','mov016','4.5','2012-09-12')
,('user0052','mov130','4.0','2005-04-27')
,('user0052','mov072','3.0','2013-03-11')
,('user0052','mov232','5.0','2014-04-23')
,('user0052','mov118','4.0','2007-12-23')
,('user0052','mov247','3.0','2016-05-10')
,('user0052','mov217','3.5','2016-10-03')
,('user0052','mov174','5.0','2013-09-19')
,('user0052','mov011','4.0','2009-05-13')
,('user0052','mov075','5.0','2012-11-28')
,('user0052','mov149','4.5','2005-03-08')
,('user0052','mov045','4.0','2007-10-30')
,('user0052','mov087','3.5','2012-04-19')
,('user0052','mov203','5.0','2011-01-05')
,('user0052','mov225','3.5','2009-06-19')
,('user0052','mov179','3.0','2008-07-01')
,('user0052','mov138','3.5','2008-08-30')
,('user0053','mov054','4.0','2010-08-08')
,('user0053','mov058','4.5','2010-05-20')
,('user0053','mov079','3.0','2011-06-09')
,('user0053','mov128','4.0','2013-02-25')
,('user0053','mov062','3.5','2008-10-06')
,('user0053','mov240','4.5','2006-07-03')
,('user0053','mov237','3.0','2008-12-17')
,('user0053','mov189','3.5','2009-03-21')
,('user0053','mov160','4.0','2016-10-30')
,('user0053','mov150','3.0','2007-03-06')
,('user0053','mov065','3.0','2006-01-30')
,('user0053','mov223','3.5','2009-05-21')
,('user0053','mov243','3.5','2006-05-08')
,('user0053','mov238','5.0','2013-11-01')
,('user0053','mov015','4.5','2005-10-29')
,('user0053','mov156','4.5','2009-08-23')
,('user0053','mov203','5.0','2016-03-28')
,('user0053','mov235','4.0','2013-10-26')
,('user0053','mov200','5.0','2006-08-22')
,('user0053','mov086','4.0','2013-12-07')
,('user0053','mov043','3.5','2007-03-17')
,('user0053','mov020','3.0','2015-11-08')
,('user0053','mov094','3.0','2010-10-21')
,('user0053','mov101','5.0','2013-06-27')
,('user0053','mov004','3.5','2013-12-15')
,('user0053','mov113','3.5','2006-07-31')
,('user0054','mov243','4.5','2014-08-02')
,('user0054','mov229','3.5','2013-10-27')
,('user0054','mov020','4.0','2015-11-23')
,('user0054','mov025','4.0','2016-07-17')
,('user0054','mov239','4.5','2007-07-23')
,('user0054','mov188','4.0','2011-01-10')
,('user0054','mov098','4.5','2016-06-29')
,('user0054','mov214','4.5','2008-07-05')
,('user0054','mov029','3.0','2007-09-26')
,('user0054','mov205','4.0','2013-06-24')
,('user0054','mov117','4.5','2010-12-26')
,('user0054','mov078','4.5','2008-09-26')
,('user0054','mov086','5.0','2005-09-27')
,('user0054','mov012','3.5','2012-07-08')
,('user0054','mov101','3.5','2014-09-27')
,('user0054','mov039','4.0','2006-11-06')
,('user0054','mov133','4.5','2014-10-17')
,('user0054','mov132','4.0','2005-12-08')
,('user0054','mov031','3.5','2014-01-02')
,('user0054','mov220','4.5','2008-10-12')
,('user0054','mov004','4.0','2008-08-26')
,('user0054','mov011','4.5','2014-07-18')
,('user0054','mov165','4.0','2015-04-04')
,('user0054','mov181','4.5','2006-01-27')
,('user0054','mov038','4.5','2016-02-12')
,('user0054','mov034','3.0','2011-09-16')
,('user0054','mov083','5.0','2011-11-17')
,('user0054','mov208','3.5','2016-10-10')
,('user0054','mov204','4.5','2010-05-09')
,('user0054','mov140','4.0','2012-11-21')
,('user0055','mov126','4.5','2014-10-08')
,('user0055','mov102','3.0','2016-03-01')
,('user0055','mov051','5.0','2016-02-26')
,('user0055','mov214','5.0','2007-05-04')
,('user0055','mov084','4.0','2006-12-18')
,('user0055','mov089','4.0','2012-09-10')
,('user0055','mov160','3.0','2016-04-06')
,('user0055','mov038','3.0','2008-01-22')
,('user0055','mov238','3.0','2016-09-24')
,('user0055','mov112','4.0','2010-10-15')
,('user0055','mov155','3.0','2014-06-06')
,('user0055','mov119','3.0','2011-12-04')
,('user0055','mov210','3.5','2015-01-02')
,('user0055','mov161','4.0','2012-08-03')
,('user0055','mov204','3.0','2011-10-22')
,('user0055','mov141','5.0','2012-11-23')
,('user0055','mov053','5.0','2005-11-04')
,('user0055','mov123','4.0','2014-05-19')
,('user0055','mov032','4.0','2008-09-15')
,('user0055','mov224','3.5','2009-08-28')
,('user0055','mov048','5.0','2011-07-26')
,('user0055','mov082','3.0','2007-03-09')
,('user0055','mov035','4.0','2010-09-23')
,('user0055','mov081','3.0','2007-04-30')
,('user0055','mov029','4.0','2008-01-11')
,('user0055','mov050','4.0','2009-09-24')
,('user0055','mov098','3.5','2006-09-23')
,('user0055','mov211','4.5','2014-05-04')
,('user0055','mov056','3.0','2005-08-17')
,('user0055','mov045','3.5','2006-01-09')
,('user0055','mov129','5.0','2012-01-14')
,('user0055','mov175','4.5','2014-11-17')
,('user0055','mov209','3.0','2016-10-03')
,('user0055','mov034','5.0','2011-07-13')
,('user0055','mov130','3.0','2015-02-15')
,('user0055','mov099','3.0','2009-05-04')
,('user0055','mov147','3.5','2006-09-04')
,('user0055','mov217','3.5','2007-08-26')
,('user0055','mov231','5.0','2006-08-26')
,('user0055','mov013','5.0','2009-03-03')
,('user0056','mov161','4.0','2008-02-26')
,('user0056','mov229','3.5','2006-10-16')
,('user0056','mov013','3.5','2007-01-18')
,('user0056','mov181','3.5','2008-10-14')
,('user0056','mov202','5.0','2010-03-06')
,('user0056','mov062','3.5','2005-08-25')
,('user0057','mov003','5.0','2007-03-22')
,('user0057','mov173','4.5','2009-08-15')
,('user0057','mov044','5.0','2011-01-21')
,('user0057','mov057','3.0','2007-09-02')
,('user0057','mov144','3.5','2006-12-12')
,('user0057','mov170','3.5','2008-06-15')
,('user0057','mov054','4.0','2016-01-17')
,('user0057','mov239','4.5','2005-03-21')
,('user0057','mov061','4.5','2009-03-26')
,('user0057','mov187','5.0','2013-05-05')
,('user0057','mov228','3.0','2009-01-28')
,('user0057','mov166','3.5','2005-03-10')
,('user0057','mov069','3.0','2016-07-20')
,('user0057','mov129','3.5','2005-02-27')
,('user0057','mov041','3.0','2013-06-27')
,('user0057','mov196','5.0','2005-09-30')
,('user0057','mov217','4.5','2011-05-10')
,('user0057','mov027','4.5','2012-10-05')
,('user0057','mov131','4.5','2011-04-11')
,('user0057','mov087','3.0','2005-01-07')
,('user0057','mov068','4.0','2012-11-06')
,('user0057','mov095','3.0','2008-01-04')
,('user0057','mov043','5.0','2005-03-26')
,('user0057','mov247','4.0','2006-04-06')
,('user0057','mov235','5.0','2007-07-14')
,('user0057','mov022','4.5','2011-12-26')
,('user0057','mov121','3.5','2012-10-23')
,('user0057','mov104','5.0','2008-02-22')
,('user0057','mov110','5.0','2011-09-16')
,('user0057','mov165','4.5','2010-09-11')
,('user0058','mov201','3.0','2012-08-24')
,('user0058','mov010','4.0','2005-02-08')
,('user0058','mov190','3.5','2012-10-03')
,('user0058','mov046','3.0','2007-09-06')
,('user0058','mov005','3.5','2005-08-05')
,('user0058','mov076','3.0','2009-01-22')
,('user0058','mov099','4.5','2006-06-29')
,('user0058','mov119','5.0','2010-09-20')
,('user0058','mov013','4.0','2014-02-20')
,('user0058','mov061','3.0','2006-09-13')
,('user0058','mov161','3.0','2009-07-21')
,('user0058','mov212','3.5','2013-07-13')
,('user0058','mov051','4.5','2016-04-09')
,('user0058','mov157','4.0','2010-07-11')
,('user0058','mov025','4.5','2008-04-29')
,('user0058','mov068','4.5','2014-03-22')
,('user0058','mov188','3.0','2014-04-07')
,('user0058','mov100','4.5','2005-05-16')
,('user0058','mov123','3.5','2011-12-17')
,('user0058','mov207','3.0','2016-07-29')
,('user0058','mov110','5.0','2015-09-16')
,('user0058','mov102','3.0','2005-04-30')
,('user0058','mov086','4.0','2013-03-02')
,('user0059','mov155','4.5','2009-03-05')
,('user0059','mov205','4.5','2013-03-30')
,('user0059','mov056','3.5','2009-09-07')
,('user0059','mov163','3.0','2006-12-10')
,('user0059','mov178','4.5','2008-05-29')
,('user0059','mov001','4.0','2011-11-05')
,('user0059','mov166','3.0','2013-08-18')
,('user0059','mov003','5.0','2005-12-03')
,('user0059','mov103','4.5','2012-03-18')
,('user0059','mov070','3.0','2007-09-22')
,('user0059','mov195','4.0','2009-09-19')
,('user0059','mov231','3.5','2006-12-31')
,('user0059','mov211','3.5','2007-01-21')
,('user0059','mov055','3.5','2011-03-04')
,('user0059','mov032','3.0','2006-03-19')
,('user0059','mov117','4.5','2012-06-12')
,('user0059','mov091','4.5','2006-09-16')
,('user0059','mov161','4.0','2007-11-28')
,('user0059','mov162','4.0','2009-07-13')
,('user0059','mov098','5.0','2010-04-13')
,('user0059','mov150','3.5','2010-09-30')
,('user0059','mov241','4.0','2010-10-17')
,('user0059','mov061','4.0','2010-04-08')
,('user0059','mov112','3.5','2014-11-25')
,('user0059','mov108','4.5','2008-02-25')
,('user0059','mov138','5.0','2006-10-21')
,('user0059','mov092','3.0','2005-02-01')
,('user0059','mov181','3.0','2006-03-17')
,('user0059','mov035','3.5','2010-11-24')
,('user0059','mov024','3.0','2010-01-24')
,('user0059','mov095','3.5','2011-09-24')
,('user0059','mov015','3.0','2005-09-27')
,('user0059','mov090','4.0','2010-04-15')
,('user0059','mov046','4.0','2010-10-19')
,('user0059','mov151','4.0','2016-06-15')
,('user0059','mov218','3.0','2005-06-06')
,('user0059','mov043','3.5','2005-06-02')
,('user0060','mov231','3.0','2014-06-04')
,('user0060','mov159','3.0','2014-05-10')
,('user0060','mov216','4.0','2015-11-14')
,('user0060','mov196','4.0','2014-05-10')
,('user0060','mov040','3.0','2013-09-13')
,('user0060','mov073','4.5','2008-02-20')
,('user0060','mov111','3.5','2013-12-31')
,('user0060','mov215','3.0','2008-11-07')
,('user0060','mov129','5.0','2012-09-12')
,('user0060','mov019','5.0','2013-11-24')
,('user0060','mov009','3.0','2016-05-05')
,('user0060','mov185','3.0','2011-01-31')
,('user0060','mov077','3.0','2016-08-01')
,('user0060','mov028','5.0','2012-12-01')
,('user0060','mov125','4.5','2007-12-06')
,('user0060','mov171','4.5','2016-03-25')
,('user0060','mov233','3.0','2006-10-07')
,('user0060','mov050','4.0','2010-05-26')
,('user0060','mov051','3.0','2016-06-23')
,('user0060','mov147','4.0','2010-07-21')
,('user0060','mov179','3.5','2009-06-15')
,('user0060','mov249','4.0','2010-01-09')
,('user0060','mov074','4.0','2010-01-30')
,('user0060','mov228','4.0','2008-11-19')
,('user0060','mov041','4.5','2007-01-04')
,('user0060','mov242','3.0','2013-11-22')
,('user0061','mov018','3.0','2005-12-11')
,('user0061','mov085','3.5','2013-05-08')
,('user0061','mov099','5.0','2007-12-11')
,('user0061','mov121','5.0','2008-03-01')
,('user0061','mov038','4.0','2005-10-08')
,('user0061','mov192','3.0','2015-12-10')
,('user0061','mov153','3.0','2013-07-28')
,('user0061','mov145','4.0','2008-10-07')
,('user0061','mov086','4.5','2006-04-25')
,('user0061','mov229','3.0','2014-06-13')
,('user0061','mov020','3.0','2014-07-12')
,('user0061','mov115','5.0','2008-01-04')
,('user0061','mov017','4.0','2012-08-03')
,('user0061','mov006','4.0','2006-10-03')
,('user0061','mov214','4.5','2014-10-12')
,('user0061','mov005','3.5','2007-07-16')
,('user0061','mov188','5.0','2010-11-30')
,('user0061','mov146','3.5','2013-06-09')
,('user0061','mov036','3.5','2007-01-15')
,('user0061','mov161','4.0','2016-04-04')
,('user0061','mov175','4.5','2008-03-17')
,('user0061','mov116','3.0','2010-03-27')
,('user0062','mov206','3.5','2008-06-27')
,('user0062','mov175','3.5','2012-01-18')
,('user0062','mov203','5.0','2005-06-06')
,('user0062','mov010','4.5','2007-05-10')
,('user0062','mov154','5.0','2014-07-30')
,('user0062','mov076','3.5','2011-04-16')
,('user0062','mov070','4.5','2013-03-04')
,('user0062','mov061','4.5','2016-02-22')
,('user0062','mov232','3.5','2012-01-28')
,('user0062','mov211','3.5','2015-07-26')
,('user0062','mov215','3.5','2011-10-15')
,('user0062','mov042','3.5','2006-02-04')
,('user0062','mov179','5.0','2015-12-29')
,('user0062','mov045','3.0','2011-11-25')
,('user0062','mov055','5.0','2011-02-14')
,('user0062','mov129','3.0','2009-02-03')
,('user0062','mov237','4.5','2012-06-25')
,('user0062','mov121','4.5','2013-10-29')
,('user0062','mov216','5.0','2009-04-09')
,('user0062','mov145','5.0','2012-02-21')
,('user0062','mov222','3.5','2016-02-17')
,('user0062','mov077','5.0','2009-06-29')
,('user0062','mov155','3.0','2011-06-02')
,('user0062','mov178','3.0','2007-10-16')
,('user0062','mov208','3.0','2012-12-02')
,('user0062','mov142','3.5','2009-06-02')
,('user0062','mov196','3.0','2011-08-02')
,('user0062','mov079','3.0','2009-01-12')
,('user0062','mov092','4.0','2012-04-24')
,('user0062','mov233','5.0','2008-09-28')
,('user0062','mov212','5.0','2006-10-23')
,('user0062','mov134','3.5','2011-10-29')
,('user0062','mov195','3.0','2007-01-30')
,('user0062','mov127','3.0','2012-04-19')
,('user0063','mov156','5.0','2008-05-20')
,('user0063','mov064','4.0','2007-05-05')
,('user0063','mov238','3.0','2011-02-02')
,('user0063','mov021','4.5','2016-06-05')
,('user0063','mov069','3.5','2011-04-20')
,('user0063','mov057','4.0','2005-11-10')
,('user0063','mov196','3.5','2013-05-21')
,('user0063','mov062','3.5','2007-10-15')
,('user0063','mov006','4.0','2015-04-30')
,('user0063','mov207','5.0','2011-09-03')
,('user0063','mov198','3.5','2012-06-18')
,('user0063','mov128','5.0','2007-01-30')
,('user0063','mov122','4.5','2013-09-09')
,('user0063','mov014','4.5','2006-12-22')
,('user0063','mov015','4.5','2010-02-14')
,('user0063','mov077','4.5','2009-05-26')
,('user0063','mov098','3.5','2012-12-01')
,('user0063','mov110','5.0','2015-11-07')
,('user0063','mov126','5.0','2013-08-04')
,('user0063','mov096','3.5','2013-08-12')
,('user0063','mov091','4.5','2005-01-25')
,('user0063','mov249','3.5','2014-07-05')
,('user0063','mov140','4.0','2006-01-06')
,('user0063','mov044','5.0','2006-04-19')
,('user0063','mov199','5.0','2013-01-09')
,('user0063','mov068','4.0','2014-02-19')
,('user0063','mov026','4.5','2005-05-17')
,('user0064','mov245','4.5','2013-11-12')
,('user0064','mov204','4.0','2006-10-16')
,('user0064','mov085','3.5','2015-06-18')
,('user0064','mov135','3.0','2007-10-01')
,('user0064','mov096','3.0','2010-02-19')
,('user0064','mov097','5.0','2016-03-19')
,('user0064','mov151','3.5','2010-10-30')
,('user0064','mov022','5.0','2015-07-19')
,('user0064','mov203','4.5','2005-03-06')
,('user0064','mov160','5.0','2006-03-23')
,('user0064','mov105','4.0','2010-09-28')
,('user0064','mov190','3.5','2009-10-25')
,('user0064','mov173','3.0','2015-10-29')
,('user0064','mov080','5.0','2011-12-03')
,('user0064','mov021','4.5','2005-12-12')
,('user0064','mov072','5.0','2012-01-17')
,('user0064','mov191','4.5','2016-08-09')
,('user0064','mov014','5.0','2005-03-23')
,('user0064','mov094','3.5','2006-05-12')
,('user0064','mov205','5.0','2012-06-22')
,('user0064','mov024','3.0','2012-11-21')
,('user0065','mov030','3.5','2013-06-13')
,('user0065','mov058','5.0','2005-06-25')
,('user0065','mov014','5.0','2015-11-11')
,('user0065','mov035','5.0','2007-09-07')
,('user0065','mov223','4.0','2011-12-12')
,('user0065','mov029','3.0','2006-03-09')
,('user0065','mov163','3.5','2013-01-05')
,('user0065','mov137','3.0','2012-11-25')
,('user0065','mov161','3.0','2008-01-25')
,('user0065','mov194','4.0','2009-05-26')
,('user0065','mov212','4.0','2012-12-31')
,('user0065','mov200','4.0','2009-07-23')
,('user0065','mov187','3.5','2014-05-23')
,('user0065','mov155','4.0','2008-09-05')
,('user0065','mov238','5.0','2012-03-06')
,('user0065','mov141','3.5','2011-06-22')
,('user0065','mov174','3.5','2008-10-19')
,('user0065','mov086','3.5','2006-02-14')
,('user0065','mov160','3.5','2009-11-16')
,('user0065','mov027','4.5','2007-07-15')
,('user0065','mov201','4.0','2008-01-08')
,('user0065','mov059','3.0','2016-05-11')
,('user0065','mov013','5.0','2010-11-12')
,('user0065','mov083','5.0','2007-01-29')
,('user0065','mov127','3.5','2005-01-13')
,('user0065','mov153','3.5','2009-09-03')
,('user0065','mov110','4.5','2012-01-21')
,('user0065','mov247','3.0','2006-11-03')
,('user0065','mov003','3.5','2011-08-24')
,('user0065','mov231','4.5','2005-03-26')
,('user0065','mov121','3.5','2008-02-09')
,('user0065','mov176','5.0','2013-07-04')
,('user0065','mov146','3.5','2007-11-14')
,('user0065','mov012','3.5','2012-02-24')
,('user0065','mov033','4.5','2009-10-26')
,('user0065','mov131','3.5','2009-07-17')
,('user0065','mov024','4.5','2011-03-03')
,('user0065','mov169','4.0','2013-07-24')
,('user0065','mov076','4.5','2005-09-03')
,('user0065','mov143','3.5','2008-01-27')
,('user0065','mov116','4.5','2014-05-11')
,('user0065','mov042','4.5','2015-05-04')
,('user0065','mov115','5.0','2010-09-15')
,('user0065','mov019','3.5','2005-07-31')
,('user0066','mov196','4.5','2012-09-06')
,('user0066','mov063','3.0','2005-06-05')
,('user0066','mov103','4.5','2012-11-23')
,('user0066','mov076','4.0','2005-12-02')
,('user0066','mov042','3.0','2012-01-01')
,('user0066','mov108','3.0','2005-04-24')
,('user0066','mov038','3.5','2007-09-06')
,('user0066','mov018','4.5','2014-07-18')
,('user0066','mov001','3.5','2005-12-24')
,('user0066','mov202','3.0','2009-07-14')
,('user0066','mov033','3.5','2005-01-21')
,('user0066','mov156','3.5','2015-04-20')
,('user0066','mov024','5.0','2014-10-20')
,('user0066','mov052','4.0','2006-06-08')
,('user0066','mov002','4.5','2006-12-03')
,('user0067','mov127','4.5','2009-09-18')
,('user0067','mov026','5.0','2009-01-28')
,('user0067','mov087','3.5','2012-04-06')
,('user0067','mov013','3.5','2007-03-24')
,('user0067','mov031','4.0','2014-02-24')
,('user0067','mov017','4.5','2005-06-13')
,('user0067','mov168','4.5','2014-03-22')
,('user0067','mov239','3.0','2014-10-02')
,('user0067','mov123','4.5','2005-06-09')
,('user0067','mov179','5.0','2007-04-08')
,('user0067','mov118','3.0','2006-10-20')
,('user0067','mov067','4.5','2010-12-08')
,('user0067','mov011','4.5','2006-03-10')
,('user0067','mov200','5.0','2010-02-24')
,('user0067','mov045','3.5','2008-09-28')
,('user0067','mov162','4.0','2015-07-20')
,('user0067','mov099','3.5','2005-03-07')
,('user0067','mov233','3.0','2005-12-04')
,('user0067','mov004','4.5','2007-01-14')
,('user0067','mov008','3.0','2010-05-27')
,('user0067','mov167','5.0','2010-04-22')
,('user0067','mov164','3.0','2013-01-20')
,('user0067','mov108','4.5','2012-10-26')
,('user0067','mov037','3.0','2005-12-25')
,('user0067','mov142','4.5','2008-03-27')
,('user0067','mov207','3.5','2012-09-10')
,('user0067','mov079','3.5','2016-07-22')
,('user0067','mov249','5.0','2009-02-19')
,('user0067','mov112','3.0','2014-10-12')
,('user0068','mov097','3.0','2014-08-27')
,('user0068','mov207','4.0','2005-07-08')
,('user0068','mov060','3.0','2007-12-04')
,('user0068','mov160','4.0','2012-07-27')
,('user0068','mov028','3.0','2013-08-30')
,('user0068','mov189','4.5','2010-01-04')
,('user0068','mov170','4.0','2010-08-30')
,('user0068','mov142','4.5','2010-11-13')
,('user0068','mov088','4.5','2014-02-21')
,('user0068','mov113','5.0','2010-10-04')
,('user0068','mov098','4.0','2014-07-11')
,('user0068','mov159','4.5','2008-08-11')
,('user0068','mov126','4.0','2005-02-06')
,('user0068','mov022','3.5','2010-06-18')
,('user0068','mov093','3.5','2008-12-23')
,('user0068','mov032','4.0','2011-11-16')
,('user0068','mov037','4.0','2010-07-30')
,('user0068','mov086','4.0','2016-09-26')
,('user0068','mov195','4.0','2005-03-19')
,('user0068','mov118','5.0','2008-10-30')
,('user0068','mov146','4.0','2007-01-18')
,('user0068','mov193','4.5','2012-10-28')
,('user0068','mov156','5.0','2008-10-22')
,('user0068','mov128','3.0','2012-12-10')
,('user0068','mov038','3.0','2007-01-13')
,('user0068','mov018','5.0','2013-04-26')
,('user0068','mov177','5.0','2006-01-13')
,('user0069','mov092','5.0','2016-03-03')
,('user0069','mov023','4.5','2015-12-09')
,('user0069','mov234','4.5','2013-03-15')
,('user0069','mov106','4.5','2007-11-06')
,('user0069','mov220','5.0','2008-07-09')
,('user0069','mov068','5.0','2015-12-16')
,('user0069','mov228','4.0','2006-05-29')
,('user0069','mov163','5.0','2005-04-06')
,('user0069','mov082','3.5','2014-07-04')
,('user0069','mov083','3.0','2010-08-31')
,('user0069','mov187','3.0','2015-04-16')
,('user0069','mov244','4.0','2008-01-19')
,('user0069','mov126','3.5','2007-02-21')
,('user0069','mov243','4.0','2016-10-31')
,('user0069','mov142','3.0','2016-01-07')
,('user0069','mov061','3.0','2008-07-06')
,('user0069','mov039','3.5','2011-03-12')
,('user0069','mov217','4.0','2014-11-22')
,('user0069','mov236','5.0','2005-04-21')
,('user0069','mov108','4.5','2009-01-19')
,('user0069','mov084','4.0','2014-12-28')
,('user0069','mov016','5.0','2013-12-19')
,('user0069','mov037','4.5','2011-06-10')
,('user0069','mov070','4.5','2014-02-24')
,('user0069','mov140','4.5','2008-06-07')
,('user0069','mov080','3.5','2015-05-15')
,('user0069','mov101','5.0','2014-08-22')
,('user0069','mov029','5.0','2014-04-24')
,('user0069','mov075','5.0','2011-12-13')
,('user0069','mov226','4.0','2009-10-10')
,('user0069','mov104','5.0','2006-07-24')
,('user0069','mov183','3.0','2015-11-03')
,('user0069','mov051','5.0','2014-02-20')
,('user0069','mov007','4.5','2011-07-20')
,('user0069','mov041','5.0','2014-11-30')
,('user0069','mov219','4.0','2015-04-13')
,('user0069','mov134','5.0','2012-12-20')
,('user0069','mov151','3.0','2011-09-28')
,('user0069','mov178','3.5','2013-02-20')
,('user0069','mov093','3.0','2011-07-22')
,('user0069','mov078','5.0','2012-10-02')
,('user0069','mov014','3.0','2015-10-01')
,('user0070','mov078','3.0','2011-07-16')
,('user0070','mov041','3.5','2015-02-02')
,('user0070','mov020','5.0','2012-10-17')
,('user0070','mov249','5.0','2011-07-04')
,('user0070','mov092','3.0','2012-01-05')
,('user0070','mov036','4.0','2010-02-01')
,('user0070','mov099','4.5','2015-09-27')
,('user0070','mov136','3.5','2008-10-04')
,('user0070','mov101','3.5','2016-01-02')
,('user0070','mov141','5.0','2008-07-04')
,('user0070','mov142','3.0','2009-11-30')
,('user0070','mov229','3.0','2012-03-10')
,('user0070','mov094','5.0','2006-05-25')
,('user0070','mov110','3.5','2011-06-02')
,('user0070','mov029','5.0','2014-12-25')
,('user0070','mov245','4.0','2012-05-19')
,('user0070','mov151','4.5','2008-02-26')
,('user0070','mov207','4.5','2005-07-15')
,('user0070','mov122','4.0','2008-05-10')
,('user0070','mov188','3.0','2012-01-09')
,('user0070','mov224','4.0','2011-05-15')
,('user0070','mov102','3.5','2013-09-17')
,('user0070','mov232','3.0','2005-07-31')
,('user0070','mov156','3.5','2010-12-09')
,('user0070','mov153','3.5','2014-07-14')
,('user0070','mov145','4.0','2016-05-30')
,('user0070','mov214','4.0','2015-03-08')
,('user0070','mov189','4.0','2009-08-03')
,('user0070','mov135','3.5','2008-01-08')
,('user0070','mov107','4.0','2005-10-17')
,('user0070','mov203','4.0','2010-11-10')
,('user0070','mov065','3.0','2007-11-02')
,('user0071','mov006','4.5','2010-08-11')
,('user0071','mov241','3.5','2009-09-21')
,('user0071','mov036','4.5','2006-07-05')
,('user0071','mov134','4.5','2005-11-18')
,('user0071','mov244','5.0','2012-08-24')
,('user0071','mov019','4.0','2013-10-31')
,('user0071','mov232','3.5','2009-08-17')
,('user0071','mov157','5.0','2009-10-31')
,('user0071','mov097','3.0','2009-02-05')
,('user0071','mov106','4.5','2014-01-12')
,('user0071','mov007','5.0','2007-10-23')
,('user0071','mov234','3.5','2006-06-01')
,('user0071','mov174','4.5','2006-05-11')
,('user0071','mov126','5.0','2013-12-23')
,('user0071','mov091','4.5','2013-07-27')
,('user0071','mov034','4.0','2015-04-14')
,('user0071','mov064','3.5','2014-09-14')
,('user0071','mov156','3.0','2008-11-22')
,('user0071','mov067','4.0','2005-07-26')
,('user0071','mov210','4.0','2014-06-20')
,('user0071','mov141','5.0','2006-10-17')
,('user0071','mov173','3.0','2009-10-26')
,('user0071','mov185','4.5','2009-01-19')
,('user0071','mov027','3.0','2016-06-05')
,('user0071','mov214','3.0','2014-12-12')
,('user0071','mov249','4.5','2010-03-17')
,('user0071','mov163','5.0','2012-12-07')
,('user0071','mov137','4.0','2013-01-15')
,('user0071','mov168','4.5','2014-04-25')
,('user0072','mov126','4.0','2007-02-09')
,('user0072','mov013','4.5','2015-11-05')
,('user0072','mov180','3.5','2009-09-15')
,('user0072','mov087','3.5','2010-07-29')
,('user0072','mov100','4.5','2006-01-13')
,('user0072','mov133','3.0','2012-02-24')
,('user0072','mov074','4.5','2009-02-12')
,('user0072','mov123','4.5','2015-11-14')
,('user0072','mov080','4.5','2014-09-29')
,('user0072','mov193','5.0','2010-03-06')
,('user0072','mov021','3.0','2006-01-06')
,('user0072','mov228','3.0','2011-12-27')
,('user0072','mov171','3.0','2015-04-15')
,('user0072','mov102','4.5','2011-10-17')
,('user0072','mov044','5.0','2006-10-13')
,('user0072','mov036','4.5','2009-10-11')
,('user0072','mov063','4.0','2008-05-13')
,('user0072','mov009','4.0','2005-11-15')
,('user0072','mov067','4.5','2009-11-06')
,('user0072','mov213','3.5','2006-03-11')
,('user0072','mov098','3.5','2012-11-04')
,('user0072','mov174','3.0','2006-04-04')
,('user0072','mov167','3.0','2012-02-25')
,('user0073','mov209','4.5','2006-01-23')
,('user0073','mov203','5.0','2008-10-20')
,('user0073','mov065','3.5','2010-04-29')
,('user0073','mov019','3.0','2015-08-15')
,('user0073','mov120','4.0','2005-01-09')
,('user0073','mov141','5.0','2010-10-30')
,('user0073','mov109','4.5','2009-01-24')
,('user0073','mov207','5.0','2016-04-29')
,('user0073','mov246','4.5','2009-03-05')
,('user0073','mov078','3.0','2007-09-19')
,('user0073','mov136','3.5','2012-03-07')
,('user0073','mov041','3.5','2009-06-10')
,('user0074','mov213','4.0','2015-04-19')
,('user0074','mov017','5.0','2015-11-13')
,('user0074','mov111','3.0','2010-09-19')
,('user0074','mov047','3.0','2011-03-06')
,('user0074','mov196','3.5','2013-03-03')
,('user0074','mov207','3.5','2009-07-07')
,('user0074','mov247','3.5','2013-08-06')
,('user0074','mov077','4.5','2006-05-31')
,('user0074','mov016','5.0','2014-04-19')
,('user0074','mov023','4.5','2006-03-05')
,('user0074','mov001','5.0','2016-07-31')
,('user0074','mov174','3.0','2014-02-13')
,('user0074','mov112','5.0','2006-12-06')
,('user0074','mov059','4.0','2006-06-08')
,('user0074','mov086','5.0','2015-08-18')
,('user0074','mov246','4.5','2012-08-22')
,('user0074','mov142','4.0','2007-01-14')
,('user0074','mov198','4.5','2014-09-21')
,('user0074','mov162','3.5','2015-12-09')
,('user0074','mov022','3.0','2006-07-05')
,('user0074','mov191','3.0','2016-06-04')
,('user0074','mov224','5.0','2007-07-21')
,('user0074','mov165','3.5','2010-01-16')
,('user0074','mov048','3.5','2009-02-15')
,('user0074','mov104','3.5','2013-07-02')
,('user0074','mov230','3.0','2014-04-15')
,('user0074','mov099','3.0','2009-05-09')
,('user0074','mov037','3.0','2010-03-31')
,('user0074','mov027','5.0','2005-08-09')
,('user0074','mov082','4.5','2014-10-25')
,('user0074','mov231','3.0','2008-04-15')
,('user0074','mov102','3.5','2012-12-31')
,('user0074','mov100','4.0','2015-04-19')
,('user0074','mov151','4.0','2012-08-18')
,('user0074','mov105','4.0','2011-07-07')
,('user0075','mov158','4.5','2011-04-19')
,('user0075','mov127','3.5','2009-09-14')
,('user0075','mov042','5.0','2013-03-19')
,('user0075','mov092','4.0','2007-07-14')
,('user0075','mov068','4.0','2008-03-05')
,('user0075','mov223','4.5','2014-09-14')
,('user0075','mov005','5.0','2005-10-10')
,('user0075','mov195','4.0','2006-05-03')
,('user0075','mov063','4.0','2015-05-22')
,('user0075','mov052','4.0','2013-05-17')
,('user0075','mov002','4.5','2007-05-26')
,('user0075','mov194','4.5','2016-08-14')
,('user0075','mov013','4.5','2011-05-07')
,('user0075','mov206','4.0','2007-08-31')
,('user0075','mov124','3.0','2012-11-05')
,('user0075','mov036','4.5','2012-12-14')
,('user0075','mov212','3.0','2012-06-01')
,('user0075','mov120','5.0','2012-09-22')
,('user0075','mov070','4.0','2015-11-21')
,('user0075','mov168','3.5','2006-05-29')
,('user0075','mov073','4.5','2014-12-13')
,('user0075','mov026','4.0','2005-05-07')
,('user0075','mov197','4.0','2007-03-22')
,('user0075','mov163','4.0','2011-11-01')
,('user0075','mov214','4.0','2006-09-23')
,('user0075','mov139','4.0','2012-11-21')
,('user0075','mov211','3.0','2015-09-02')
,('user0075','mov230','3.0','2010-06-03')
,('user0075','mov182','3.0','2006-08-02')
,('user0075','mov231','4.5','2013-05-16')
,('user0075','mov166','3.5','2011-12-08')
,('user0075','mov196','4.0','2014-03-23')
,('user0075','mov074','4.5','2005-11-10')
,('user0075','mov093','4.0','2014-05-18')
,('user0076','mov014','5.0','2016-03-24')
,('user0076','mov007','3.0','2007-07-24')
,('user0076','mov164','3.5','2014-03-23')
,('user0076','mov110','4.0','2016-01-06')
,('user0076','mov002','4.5','2012-12-01')
,('user0076','mov098','4.5','2005-08-26')
,('user0076','mov214','5.0','2016-10-01')
,('user0076','mov090','5.0','2012-05-29')
,('user0076','mov008','4.0','2014-05-18')
,('user0076','mov112','5.0','2010-01-02')
,('user0076','mov166','4.0','2007-01-06')
,('user0076','mov196','4.5','2010-01-17')
,('user0076','mov162','5.0','2013-02-26')
,('user0076','mov190','4.5','2006-09-09')
,('user0076','mov006','4.0','2012-02-28')
,('user0076','mov033','5.0','2014-03-11')
,('user0076','mov218','3.5','2013-11-07')
,('user0076','mov143','3.5','2016-06-17')
,('user0077','mov034','5.0','2011-01-20')
,('user0077','mov086','3.5','2007-08-11')
,('user0077','mov213','3.0','2016-03-14')
,('user0077','mov232','3.5','2008-03-20')
,('user0077','mov055','5.0','2012-02-13')
,('user0077','mov215','4.5','2012-06-17')
,('user0077','mov106','3.0','2010-12-24')
,('user0078','mov222','4.5','2006-11-21')
,('user0078','mov144','3.5','2013-08-27')
,('user0078','mov054','4.0','2009-06-04')
,('user0078','mov177','3.5','2007-07-29')
,('user0078','mov072','3.0','2013-03-02')
,('user0078','mov187','4.0','2005-08-02')
,('user0078','mov188','3.5','2005-12-12')
,('user0078','mov031','4.0','2006-09-25')
,('user0078','mov214','4.5','2005-04-12')
,('user0078','mov220','5.0','2009-07-21')
,('user0078','mov016','3.0','2014-10-13')
,('user0078','mov192','3.0','2006-09-30')
,('user0078','mov230','4.0','2006-02-02')
,('user0078','mov121','5.0','2009-11-13')
,('user0078','mov217','4.5','2006-01-28')
,('user0078','mov191','3.0','2016-04-14')
,('user0078','mov132','5.0','2006-08-30')
,('user0079','mov171','3.0','2006-11-14')
,('user0079','mov079','5.0','2014-12-13')
,('user0079','mov204','3.0','2007-12-16')
,('user0079','mov147','4.5','2014-07-21')
,('user0079','mov038','5.0','2010-04-18')
,('user0079','mov024','3.5','2011-02-13')
,('user0079','mov238','3.5','2006-04-12')
,('user0079','mov065','4.5','2013-01-03')
,('user0079','mov005','5.0','2013-09-19')
,('user0079','mov108','4.5','2011-06-02')
,('user0079','mov189','4.5','2007-11-21')
,('user0079','mov175','3.5','2015-02-05')
,('user0079','mov248','4.5','2013-02-28')
,('user0079','mov064','3.5','2009-01-05')
,('user0080','mov139','5.0','2011-12-22')
,('user0080','mov239','4.5','2010-01-21')
,('user0080','mov005','3.5','2006-10-11')
,('user0080','mov148','3.0','2013-04-17')
,('user0080','mov029','5.0','2005-03-16')
,('user0080','mov171','3.0','2015-10-03')
,('user0080','mov238','5.0','2010-03-04')
,('user0080','mov090','3.5','2005-03-21')
,('user0080','mov199','3.5','2013-05-14')
,('user0080','mov026','3.0','2009-12-29')
,('user0080','mov106','5.0','2016-06-05')
,('user0080','mov245','3.0','2011-05-16')
,('user0080','mov211','5.0','2007-06-07')
,('user0080','mov080','3.0','2005-09-23')
,('user0080','mov204','3.0','2009-08-08')
,('user0080','mov193','3.0','2009-01-17')
,('user0080','mov151','4.5','2006-04-25')
,('user0080','mov236','4.0','2010-11-27')
,('user0080','mov061','3.5','2016-02-25')
,('user0080','mov158','3.0','2011-11-16')
,('user0080','mov048','3.5','2011-05-12')
,('user0080','mov102','3.5','2013-11-08')
,('user0080','mov091','3.0','2005-04-12')
,('user0080','mov098','4.5','2008-10-10')
,('user0080','mov008','4.0','2005-04-28')
,('user0080','mov075','5.0','2009-10-20')
,('user0081','mov113','5.0','2008-01-07')
,('user0081','mov065','5.0','2009-01-12')
,('user0081','mov059','4.5','2006-06-15')
,('user0081','mov006','3.0','2015-09-29')
,('user0081','mov138','3.5','2010-12-17')
,('user0081','mov244','3.0','2010-05-10')
,('user0081','mov049','3.0','2007-09-22')
,('user0081','mov097','3.0','2010-03-19')
,('user0081','mov040','3.5','2016-07-31')
,('user0081','mov234','4.0','2007-05-21')
,('user0081','mov098','3.0','2013-11-26')
,('user0081','mov104','3.5','2009-06-05')
,('user0081','mov248','3.0','2008-06-22')
,('user0081','mov014','3.5','2007-12-20')
,('user0081','mov131','5.0','2010-12-31')
,('user0081','mov165','4.5','2005-08-17')
,('user0081','mov126','4.0','2009-06-20')
,('user0081','mov016','5.0','2007-05-25')
,('user0082','mov237','5.0','2012-11-16')
,('user0082','mov146','5.0','2015-05-17')
,('user0082','mov230','4.0','2010-02-23')
,('user0082','mov161','3.0','2012-09-13')
,('user0082','mov174','3.5','2014-03-20')
,('user0082','mov005','4.0','2011-04-18')
,('user0082','mov096','3.5','2005-05-21')
,('user0082','mov036','3.5','2006-11-01')
,('user0082','mov032','3.0','2012-06-26')
,('user0082','mov249','4.0','2015-01-08')
,('user0082','mov050','3.0','2015-07-27')
,('user0082','mov066','3.0','2013-06-13')
,('user0082','mov076','4.5','2005-07-20')
,('user0082','mov103','3.0','2012-10-28')
,('user0082','mov134','4.0','2016-07-09')
,('user0082','mov021','3.5','2015-03-20')
,('user0082','mov163','5.0','2011-03-26')
,('user0082','mov113','3.0','2007-06-17')
,('user0082','mov213','4.5','2006-02-16')
,('user0082','mov215','3.0','2009-05-13')
,('user0082','mov153','3.0','2008-06-09')
,('user0082','mov130','4.5','2016-04-26')
,('user0082','mov099','4.5','2007-10-11')
,('user0082','mov170','4.0','2011-02-10')
,('user0082','mov143','3.0','2014-05-12')
,('user0082','mov201','3.0','2016-10-02')
,('user0082','mov195','4.0','2005-04-10')
,('user0082','mov041','4.0','2009-02-05')
,('user0082','mov202','3.0','2007-04-18')
,('user0082','mov006','3.5','2006-11-11')
,('user0082','mov075','3.0','2007-03-21')
,('user0082','mov064','3.5','2011-07-10')
,('user0082','mov125','5.0','2011-09-05')
,('user0082','mov022','5.0','2013-06-10')
,('user0082','mov229','4.5','2012-01-13')
,('user0083','mov151','3.0','2007-07-25')
,('user0083','mov048','4.0','2009-01-02')
,('user0083','mov221','5.0','2006-05-12')
,('user0083','mov117','5.0','2013-01-01')
,('user0083','mov181','5.0','2012-12-07')
,('user0084','mov222','3.5','2007-03-07')
,('user0084','mov212','3.5','2014-05-11')
,('user0084','mov031','5.0','2016-07-10')
,('user0084','mov094','3.0','2015-07-04')
,('user0084','mov001','3.0','2006-07-18')
,('user0084','mov189','4.0','2013-10-26')
,('user0084','mov043','4.5','2014-11-30')
,('user0084','mov021','4.5','2012-02-09')
,('user0084','mov115','5.0','2011-12-11')
,('user0084','mov039','3.0','2008-08-09')
,('user0084','mov004','4.5','2007-02-17')
,('user0084','mov016','3.5','2015-07-18')
,('user0084','mov055','3.0','2010-02-13')
,('user0084','mov240','4.5','2006-05-21')
,('user0084','mov200','3.5','2006-04-22')
,('user0084','mov238','5.0','2007-05-09')
,('user0084','mov157','4.0','2007-11-22')
,('user0084','mov192','4.5','2005-08-19')
,('user0084','mov218','4.5','2009-01-06')
,('user0084','mov163','4.0','2005-04-19')
,('user0084','mov151','3.5','2012-04-20')
,('user0084','mov090','3.0','2016-09-06')
,('user0084','mov052','5.0','2007-12-21')
,('user0084','mov150','3.5','2008-03-13')
,('user0084','mov076','5.0','2012-03-25')
,('user0084','mov060','3.5','2009-11-23')
,('user0084','mov216','4.0','2014-10-05')
,('user0084','mov153','3.0','2016-01-02')
,('user0084','mov116','4.0','2014-08-13')
,('user0084','mov194','4.5','2013-04-13')
,('user0084','mov228','3.0','2014-03-10')
,('user0084','mov202','3.5','2008-10-15')
,('user0084','mov025','4.5','2011-09-23')
,('user0084','mov019','4.5','2013-11-11')
,('user0084','mov022','3.5','2007-06-26')
,('user0085','mov229','4.5','2013-01-29')
,('user0085','mov099','4.0','2005-01-15')
,('user0085','mov219','4.5','2013-09-28')
,('user0085','mov122','4.0','2009-07-15')
,('user0085','mov003','3.0','2014-12-12')
,('user0085','mov109','4.5','2007-09-28')
,('user0085','mov094','4.0','2008-11-02')
,('user0085','mov148','3.0','2014-07-02')
,('user0086','mov227','4.5','2005-11-08')
,('user0086','mov024','3.5','2006-03-17')
,('user0086','mov015','4.0','2009-10-14')
,('user0086','mov212','3.5','2005-08-28')
,('user0086','mov225','3.0','2013-03-17')
,('user0086','mov032','5.0','2015-02-15')
,('user0086','mov218','3.5','2011-02-21')
,('user0086','mov021','3.5','2013-12-02')
,('user0086','mov246','4.5','2016-01-28')
,('user0086','mov109','4.0','2010-12-18')
,('user0086','mov042','3.0','2010-08-06')
,('user0086','mov124','3.5','2015-03-28')
,('user0086','mov078','4.5','2016-08-13')
,('user0086','mov057','5.0','2007-03-26')
,('user0086','mov029','4.5','2011-09-13')
,('user0086','mov166','3.5','2016-10-18')
,('user0087','mov040','4.0','2011-07-23')
,('user0087','mov051','3.0','2009-06-25')
,('user0087','mov144','3.5','2008-12-07')
,('user0087','mov172','3.5','2007-07-26')
,('user0087','mov163','3.5','2005-12-28')
,('user0087','mov045','3.5','2015-06-20')
,('user0087','mov206','4.0','2006-07-01')
,('user0087','mov065','5.0','2015-01-08')
,('user0087','mov071','4.5','2013-11-04')
,('user0087','mov198','3.5','2007-12-10')
,('user0087','mov132','3.0','2011-12-30')
,('user0087','mov137','4.0','2006-07-16')
,('user0087','mov057','5.0','2007-04-05')
,('user0087','mov060','3.0','2013-09-14')
,('user0087','mov189','4.0','2009-12-03')
,('user0087','mov113','3.0','2007-10-02')
,('user0087','mov228','5.0','2008-04-06')
,('user0087','mov123','5.0','2010-08-04')
,('user0087','mov195','4.0','2013-05-05')
,('user0087','mov159','4.5','2015-12-12')
,('user0087','mov197','4.0','2009-04-24')
,('user0087','mov236','3.0','2014-12-15')
,('user0087','mov211','4.0','2007-09-13')
,('user0087','mov017','3.0','2015-10-11')
,('user0087','mov121','3.5','2015-12-02')
,('user0087','mov152','4.5','2006-04-03')
,('user0087','mov177','3.5','2006-09-01')
,('user0087','mov181','5.0','2008-10-14')
,('user0087','mov014','3.5','2007-10-28')
,('user0087','mov080','4.5','2011-06-17')
,('user0087','mov173','3.0','2012-07-24')
,('user0087','mov237','5.0','2006-05-13')
,('user0087','mov063','3.0','2010-07-15')
,('user0087','mov021','3.5','2006-03-06')
,('user0087','mov026','4.5','2006-10-09')
,('user0087','mov233','5.0','2010-04-26')
,('user0087','mov129','3.5','2012-04-03')
,('user0087','mov216','5.0','2010-10-13')
,('user0087','mov064','4.0','2016-07-21')
,('user0087','mov217','5.0','2005-06-19')
,('user0087','mov246','3.0','2010-02-27')
,('user0087','mov009','4.0','2013-06-05')
,('user0087','mov092','4.0','2007-03-07')
,('user0087','mov079','3.0','2006-03-07')
,('user0087','mov200','5.0','2013-12-24')
,('user0087','mov095','5.0','2013-06-15')
,('user0088','mov094','5.0','2015-08-13')
,('user0088','mov066','4.0','2012-08-11')
,('user0088','mov166','3.5','2011-06-16')
,('user0088','mov096','4.5','2007-05-26')
,('user0088','mov241','3.5','2013-10-10')
,('user0088','mov112','4.0','2011-12-26')
,('user0088','mov190','3.5','2013-09-27')
,('user0088','mov163','3.0','2010-10-29')
,('user0088','mov203','4.5','2012-08-08')
,('user0088','mov172','3.0','2016-01-24')
,('user0088','mov073','5.0','2010-10-13')
,('user0088','mov063','5.0','2006-08-13')
,('user0088','mov025','5.0','2010-08-16')
,('user0088','mov004','4.0','2014-06-10')
,('user0088','mov170','4.5','2013-11-06')
,('user0088','mov097','3.0','2015-03-18')
,('user0088','mov030','5.0','2007-03-03')
,('user0088','mov237','3.0','2009-04-26')
,('user0088','mov067','3.5','2007-09-04')
,('user0088','mov082','5.0','2009-08-07')
,('user0088','mov174','3.5','2008-04-20')
,('user0088','mov089','4.5','2016-08-15')
,('user0088','mov129','5.0','2006-08-03')
,('user0088','mov122','4.0','2006-05-09')
,('user0088','mov208','4.5','2006-02-04')
,('user0088','mov002','4.5','2014-04-26')
,('user0088','mov077','4.0','2005-11-10')
,('user0088','mov202','3.0','2011-09-19')
,('user0088','mov140','4.0','2010-10-18')
,('user0088','mov099','4.5','2015-09-13')
,('user0088','mov224','4.5','2008-06-08')
,('user0088','mov106','5.0','2016-10-27')
,('user0088','mov104','3.5','2009-03-16')
,('user0088','mov019','5.0','2016-01-23')
,('user0088','mov015','3.5','2011-10-28')
,('user0088','mov227','3.5','2010-07-04')
,('user0088','mov044','5.0','2013-09-13')
,('user0088','mov238','5.0','2014-12-08')
,('user0088','mov176','5.0','2015-04-10')
,('user0088','mov059','4.5','2015-01-28')
,('user0088','mov160','4.0','2015-01-24')
,('user0089','mov222','3.0','2009-01-06')
,('user0089','mov214','4.5','2005-09-04')
,('user0089','mov210','4.0','2006-12-19')
,('user0089','mov238','3.0','2007-02-22')
,('user0089','mov140','5.0','2014-10-26')
,('user0089','mov072','3.5','2008-08-05')
,('user0089','mov064','4.0','2015-06-05')
,('user0089','mov012','5.0','2013-08-20')
,('user0089','mov139','4.5','2007-08-17')
,('user0089','mov178','3.0','2012-04-26')
,('user0089','mov040','3.0','2006-08-19')
,('user0089','mov126','5.0','2011-03-22')
,('user0089','mov249','3.0','2014-01-02')
,('user0089','mov237','3.0','2011-02-23')
,('user0089','mov096','3.0','2008-12-28')
,('user0089','mov224','3.0','2005-02-02')
,('user0089','mov235','3.0','2014-03-26')
,('user0089','mov100','4.5','2005-03-16')
,('user0089','mov070','4.0','2011-03-03')
,('user0089','mov129','4.0','2016-01-27')
,('user0090','mov191','5.0','2008-06-29')
,('user0090','mov202','4.5','2005-02-03')
,('user0090','mov138','3.5','2015-03-30')
,('user0090','mov012','4.5','2011-08-17')
,('user0090','mov160','4.5','2007-09-02')
,('user0090','mov122','4.0','2005-04-14')
,('user0090','mov117','4.5','2009-02-15')
,('user0090','mov116','5.0','2014-11-03')
,('user0090','mov005','4.0','2008-03-08')
,('user0090','mov065','3.5','2015-10-23')
,('user0090','mov021','4.0','2014-10-29')
,('user0090','mov161','3.0','2009-10-13')
,('user0090','mov123','5.0','2008-10-03')
,('user0090','mov236','5.0','2008-02-08')
,('user0090','mov092','3.5','2014-11-27')
,('user0090','mov011','3.0','2007-11-07')
,('user0090','mov007','4.5','2010-09-17')
,('user0090','mov118','3.5','2014-10-29')
,('user0090','mov216','5.0','2009-06-04')
,('user0090','mov033','4.5','2006-04-24')
,('user0090','mov020','3.5','2012-12-03')
,('user0090','mov041','4.0','2008-05-05')
,('user0090','mov203','3.5','2006-05-17')
,('user0090','mov070','5.0','2010-03-21')
,('user0090','mov175','3.5','2010-06-20')
,('user0090','mov229','5.0','2015-02-14')
,('user0090','mov209','4.0','2014-10-22')
,('user0090','mov032','4.5','2006-01-28')
,('user0090','mov165','3.0','2012-12-15')
,('user0090','mov197','4.5','2007-10-07')
,('user0090','mov245','3.0','2012-05-11')
,('user0090','mov239','3.0','2008-08-01')
,('user0091','mov176','3.5','2009-03-06')
,('user0091','mov202','4.0','2006-11-22')
,('user0091','mov191','5.0','2009-09-25')
,('user0091','mov044','3.5','2016-01-30')
,('user0091','mov030','5.0','2015-01-26')
,('user0091','mov022','5.0','2005-08-29')
,('user0091','mov039','3.0','2015-01-03')
,('user0091','mov100','4.5','2016-07-21')
,('user0091','mov112','4.5','2009-03-25')
,('user0091','mov095','3.5','2013-11-18')
,('user0091','mov193','3.0','2007-03-29')
,('user0091','mov125','3.5','2005-02-03')
,('user0091','mov166','3.5','2012-12-23')
,('user0091','mov097','4.0','2016-10-23')
,('user0091','mov010','3.0','2009-05-29')
,('user0091','mov229','5.0','2013-07-12')
,('user0091','mov198','5.0','2015-06-18')
,('user0091','mov004','4.5','2014-08-07')
,('user0091','mov019','5.0','2016-10-02')
,('user0091','mov247','4.0','2006-04-29')
,('user0091','mov023','4.5','2015-03-28')
,('user0091','mov177','3.5','2009-12-31')
,('user0091','mov165','5.0','2014-08-29')
,('user0091','mov032','3.0','2005-10-21')
,('user0091','mov249','5.0','2005-03-10')
,('user0091','mov066','3.0','2014-09-22')
,('user0091','mov015','4.5','2008-02-23')
,('user0091','mov228','5.0','2008-03-23')
,('user0091','mov012','3.5','2010-02-06')
,('user0091','mov220','5.0','2010-11-23')
,('user0091','mov108','4.5','2005-11-21')
,('user0091','mov091','5.0','2006-04-01')
,('user0091','mov246','4.0','2009-11-20')
,('user0091','mov046','5.0','2011-11-01')
,('user0091','mov240','4.0','2010-11-26')
,('user0091','mov170','4.0','2011-12-25')
,('user0091','mov042','5.0','2011-01-30')
,('user0091','mov021','3.0','2013-09-02')
,('user0092','mov166','5.0','2015-02-28')
,('user0092','mov229','5.0','2016-07-17')
,('user0092','mov180','3.0','2014-09-29')
,('user0092','mov053','3.5','2013-02-16')
,('user0092','mov118','4.5','2016-02-01')
,('user0092','mov146','3.0','2014-10-12')
,('user0092','mov144','3.0','2006-05-18')
,('user0092','mov133','3.0','2016-03-22')
,('user0092','mov217','3.5','2011-10-22')
,('user0092','mov134','4.0','2009-04-26')
,('user0092','mov177','3.0','2009-04-11')
,('user0092','mov219','3.0','2007-06-15')
,('user0092','mov076','4.5','2009-04-07')
,('user0092','mov111','4.0','2007-10-07')
,('user0092','mov208','4.5','2016-04-07')
,('user0092','mov202','4.0','2013-06-23')
,('user0092','mov212','3.0','2010-12-06')
,('user0092','mov078','3.5','2007-09-10')
,('user0092','mov221','4.5','2005-11-07')
,('user0092','mov207','4.5','2014-06-15')
,('user0092','mov185','3.5','2010-08-08')
,('user0092','mov243','3.5','2012-09-29')
,('user0092','mov178','3.0','2008-09-14')
,('user0092','mov092','4.5','2007-09-19')
,('user0092','mov038','3.5','2007-10-20')
,('user0092','mov086','3.5','2012-07-31')
,('user0092','mov062','3.5','2012-08-08')
,('user0092','mov123','3.0','2015-05-02')
,('user0092','mov228','3.0','2006-04-29')
,('user0092','mov056','4.5','2008-03-09')
,('user0092','mov122','4.5','2007-05-06')
,('user0092','mov033','4.0','2012-06-02')
,('user0092','mov246','3.5','2006-06-12')
,('user0092','mov156','5.0','2005-01-04')
,('user0092','mov007','5.0','2008-12-04')
,('user0092','mov031','3.5','2011-12-26')
,('user0092','mov165','5.0','2014-12-30')
,('user0092','mov114','3.0','2010-07-18')
,('user0092','mov006','4.5','2009-05-10')
,('user0092','mov019','3.5','2006-07-26')
,('user0092','mov088','4.5','2012-10-05')
,('user0092','mov184','4.0','2006-04-19')
,('user0092','mov139','5.0','2006-06-15')
,('user0092','mov071','4.0','2008-11-15')
,('user0092','mov214','5.0','2005-08-29')
,('user0093','mov148','3.5','2015-06-16')
,('user0093','mov088','4.5','2005-03-22')
,('user0093','mov146','4.5','2014-04-27')
,('user0093','mov042','3.5','2013-06-09')
,('user0093','mov074','5.0','2009-08-04')
,('user0093','mov200','5.0','2008-08-16')
,('user0093','mov086','3.0','2007-10-03')
,('user0093','mov201','3.0','2007-06-03')
,('user0093','mov095','5.0','2008-06-16')
,('user0093','mov213','5.0','2011-04-22')
,('user0093','mov052','4.0','2013-09-02')
,('user0093','mov185','3.0','2016-05-15')
,('user0093','mov034','3.0','2015-08-10')
,('user0093','mov165','3.5','2012-09-19')
,('user0093','mov006','4.0','2008-11-28')
,('user0093','mov138','3.5','2008-07-11')
,('user0093','mov184','4.5','2009-02-05')
,('user0093','mov232','4.5','2012-06-25')
,('user0093','mov081','5.0','2012-09-05')
,('user0093','mov103','5.0','2010-11-11')
,('user0093','mov204','3.5','2011-04-06')
,('user0093','mov198','4.0','2013-10-23')
,('user0093','mov062','3.5','2014-09-01')
,('user0093','mov064','3.5','2010-10-24')
,('user0093','mov239','3.0','2005-03-09')
,('user0093','mov061','4.5','2007-12-10')
,('user0093','mov152','5.0','2008-08-29')
,('user0093','mov092','4.5','2011-04-21')
,('user0093','mov118','4.5','2013-03-02')
,('user0093','mov072','4.0','2006-02-07')
,('user0093','mov069','5.0','2009-11-22')
,('user0093','mov215','3.0','2009-05-09')
,('user0093','mov111','3.0','2016-07-04')
,('user0093','mov176','5.0','2016-06-11')
,('user0093','mov173','3.5','2016-04-02')
,('user0093','mov170','5.0','2006-02-01')
,('user0093','mov024','4.0','2005-10-25')
,('user0093','mov194','5.0','2009-12-23')
,('user0093','mov133','4.0','2013-02-13')
,('user0093','mov104','3.5','2013-12-31')
,('user0093','mov205','3.0','2015-10-05')
,('user0093','mov020','4.0','2015-01-28')
,('user0093','mov004','5.0','2011-04-30')
,('user0093','mov090','4.5','2005-12-25')
,('user0093','mov168','5.0','2009-12-19')
,('user0093','mov162','3.0','2006-02-26')
,('user0094','mov045','4.5','2010-07-17')
,('user0094','mov095','5.0','2008-09-19')
,('user0094','mov170','4.5','2016-01-31')
,('user0094','mov165','5.0','2007-12-06')
,('user0094','mov219','3.0','2016-02-02')
,('user0094','mov098','4.5','2015-07-29')
,('user0094','mov198','3.5','2012-08-27')
,('user0094','mov016','5.0','2012-08-27')
,('user0094','mov108','3.0','2008-12-20')
,('user0094','mov104','3.5','2012-04-29')
,('user0094','mov054','4.5','2009-04-09')
,('user0094','mov112','4.0','2008-06-25')
,('user0094','mov240','4.0','2005-06-21')
,('user0094','mov235','3.0','2010-05-16')
,('user0094','mov238','3.5','2015-08-21')
,('user0094','mov182','3.5','2011-02-19')
,('user0094','mov053','4.0','2012-10-07')
,('user0094','mov222','3.5','2016-04-04')
,('user0094','mov164','5.0','2012-03-12')
,('user0094','mov084','4.0','2005-02-22')
,('user0094','mov169','3.5','2005-09-27')
,('user0094','mov190','3.0','2006-09-19')
,('user0094','mov043','4.5','2016-05-15')
,('user0094','mov088','3.5','2009-03-03')
,('user0094','mov158','5.0','2013-09-13')
,('user0094','mov021','3.5','2013-02-02')
,('user0094','mov005','3.0','2005-05-08')
,('user0094','mov056','4.5','2005-10-15')
,('user0094','mov048','4.5','2008-09-22')
,('user0094','mov070','3.5','2010-03-14')
,('user0094','mov177','3.0','2012-08-31')
,('user0094','mov047','5.0','2008-12-11')
,('user0094','mov020','3.0','2005-01-09')
,('user0094','mov228','3.5','2014-01-26')
,('user0094','mov113','4.5','2016-04-19')
,('user0094','mov091','3.5','2014-12-19')
,('user0095','mov115','4.0','2016-09-21')
,('user0095','mov042','4.0','2008-05-24')
,('user0095','mov114','4.0','2010-12-13')
,('user0095','mov223','3.0','2006-04-12')
,('user0095','mov168','3.5','2007-01-14')
,('user0095','mov244','3.0','2011-03-25')
,('user0095','mov005','4.0','2006-11-05')
,('user0095','mov160','3.0','2011-02-21')
,('user0095','mov211','4.0','2011-04-15')
,('user0095','mov018','4.5','2007-03-20')
,('user0095','mov126','4.0','2014-10-10')
,('user0095','mov210','4.5','2009-11-16')
,('user0095','mov222','4.5','2014-08-09')
,('user0095','mov092','5.0','2008-02-02')
,('user0095','mov116','4.0','2012-08-24')
,('user0095','mov108','4.0','2006-10-04')
,('user0095','mov140','4.0','2010-07-30')
,('user0096','mov149','3.0','2008-11-25')
,('user0096','mov055','4.5','2008-05-23')
,('user0096','mov189','4.0','2012-05-02')
,('user0096','mov070','4.0','2007-10-08')
,('user0096','mov248','4.0','2006-07-30')
,('user0096','mov171','5.0','2016-10-25')
,('user0096','mov135','4.0','2005-12-12')
,('user0096','mov046','3.5','2009-12-10')
,('user0096','mov054','5.0','2011-03-29')
,('user0096','mov052','5.0','2007-05-31')
,('user0096','mov204','3.0','2016-08-10')
,('user0096','mov167','5.0','2014-01-09')
,('user0096','mov084','4.0','2013-01-24')
,('user0096','mov037','3.0','2011-06-04')
,('user0096','mov148','4.5','2008-07-02')
,('user0096','mov036','4.0','2011-09-23')
,('user0096','mov043','3.5','2012-07-30')
,('user0096','mov027','3.0','2009-09-15')
,('user0096','mov088','5.0','2009-07-03')
,('user0096','mov150','4.0','2006-12-16')
,('user0096','mov239','4.0','2009-07-13')
,('user0096','mov172','3.0','2009-05-27')
,('user0096','mov159','3.5','2013-05-26')
,('user0096','mov083','3.5','2011-06-29')
,('user0097','mov002','4.5','2008-04-03')
,('user0097','mov178','5.0','2012-03-14')
,('user0097','mov129','5.0','2011-03-29')
,('user0097','mov163','4.0','2014-07-07')
,('user0097','mov061','3.0','2008-06-09')
,('user0097','mov147','4.0','2013-03-15')
,('user0097','mov144','4.5','2014-08-13')
,('user0097','mov225','4.5','2006-11-28')
,('user0097','mov156','5.0','2012-12-26')
,('user0097','mov059','5.0','2014-02-07')
,('user0097','mov049','4.0','2013-07-18')
,('user0097','mov094','5.0','2011-04-27')
,('user0097','mov029','3.5','2009-04-07')
,('user0097','mov060','3.0','2012-08-14')
,('user0097','mov170','3.0','2014-12-23')
,('user0097','mov194','4.0','2005-04-11')
,('user0097','mov034','3.5','2015-06-04')
,('user0097','mov172','4.5','2014-05-04')
,('user0097','mov204','3.0','2012-05-23')
,('user0097','mov080','4.5','2007-05-22')
,('user0097','mov028','5.0','2009-10-04')
,('user0097','mov078','4.0','2012-11-06')
,('user0097','mov046','4.5','2012-02-14')
,('user0097','mov182','5.0','2007-10-27')
,('user0097','mov025','4.0','2006-10-12')
,('user0097','mov241','4.5','2009-01-11')
,('user0097','mov058','3.0','2011-07-04')
,('user0097','mov050','5.0','2016-01-13')
,('user0097','mov054','4.5','2013-05-11')
,('user0097','mov044','4.0','2005-01-12')
,('user0097','mov079','4.5','2009-09-17')
,('user0097','mov119','5.0','2016-03-02')
,('user0097','mov188','5.0','2015-06-06')
,('user0097','mov123','5.0','2009-10-21')
,('user0097','mov215','4.0','2010-01-25')
,('user0097','mov158','5.0','2008-06-27')
,('user0097','mov245','5.0','2014-04-23')
,('user0097','mov036','4.0','2007-10-26')
,('user0097','mov097','4.5','2009-10-24')
,('user0097','mov248','3.5','2006-06-22')
,('user0097','mov100','3.5','2009-10-06')
,('user0097','mov125','3.0','2006-06-15')
,('user0097','mov110','5.0','2011-11-15')
,('user0097','mov200','5.0','2013-06-30')
,('user0097','mov069','4.0','2005-06-16')
,('user0098','mov088','4.5','2005-10-24')
,('user0098','mov112','5.0','2012-06-09')
,('user0098','mov107','3.5','2009-06-07')
,('user0098','mov175','3.0','2007-01-19')
,('user0098','mov195','3.0','2016-05-30')
,('user0098','mov074','3.5','2006-11-26')
,('user0098','mov102','3.5','2013-06-21')
,('user0098','mov226','4.5','2016-03-21')
,('user0098','mov028','3.5','2010-07-31')
,('user0098','mov207','4.5','2007-06-02')
,('user0098','mov206','5.0','2008-08-04')
,('user0098','mov065','3.5','2013-07-07')
,('user0098','mov191','3.5','2014-05-25')
,('user0098','mov005','3.5','2009-10-08')
,('user0098','mov133','4.5','2006-04-07')
,('user0098','mov115','4.0','2007-11-17')
,('user0098','mov227','4.0','2009-05-28')
,('user0099','mov234','3.5','2013-02-13')
,('user0099','mov070','5.0','2015-08-11')
,('user0099','mov187','4.5','2008-01-18')
,('user0099','mov151','3.0','2006-08-22')
,('user0099','mov027','4.5','2016-10-07')
,('user0099','mov181','3.0','2013-12-05')
,('user0099','mov125','5.0','2011-07-28')
,('user0099','mov078','3.5','2013-03-24')
,('user0099','mov053','4.0','2012-07-20')
,('user0099','mov163','4.0','2010-02-05')
,('user0099','mov040','4.0','2008-08-02')
,('user0099','mov212','4.5','2008-04-30')
,('user0099','mov042','5.0','2010-05-18')
,('user0099','mov210','3.5','2015-05-10')
,('user0099','mov159','5.0','2011-12-20')
,('user0099','mov140','5.0','2006-01-01')
,('user0099','mov199','3.0','2011-10-16')
,('user0099','mov177','3.0','2014-10-08')
,('user0099','mov204','3.5','2007-03-27')
,('user0099','mov240','5.0','2013-07-19')
,('user0099','mov157','4.5','2008-06-15')
,('user0099','mov184','4.0','2009-03-12')
,('user0099','mov010','5.0','2009-02-09')
,('user0099','mov041','5.0','2014-11-06')
,('user0099','mov075','4.5','2010-01-30')
,('user0099','mov038','3.0','2011-03-10')
,('user0099','mov144','4.5','2016-08-30')
,('user0099','mov094','5.0','2009-11-26')
,('user0099','mov109','3.5','2005-03-05')
,('user0099','mov074','3.0','2015-05-05')
,('user0099','mov191','5.0','2009-01-08')
,('user0099','mov244','5.0','2013-08-23')
,('user0099','mov248','5.0','2012-02-22')
,('user0099','mov150','3.5','2006-07-03')
,('user0099','mov069','3.5','2005-05-04')
,('user0099','mov097','5.0','2008-09-18')
,('user0099','mov051','3.0','2016-05-08')
,('user0099','mov039','3.5','2005-11-19')
,('user0099','mov061','4.0','2008-05-29')
,('user0099','mov225','3.0','2008-09-22')
,('user0100','mov248','4.5','2006-08-21')
,('user0100','mov126','4.5','2012-12-04')
,('user0100','mov123','3.5','2008-05-29')
,('user0100','mov046','3.5','2015-06-14')
,('user0100','mov073','4.5','2011-05-22')
,('user0100','mov106','5.0','2005-11-30')
,('user0100','mov084','4.0','2014-08-06')
,('user0100','mov118','3.5','2007-09-29')
,('user0100','mov236','5.0','2008-04-30')
,('user0100','mov146','4.5','2010-04-28')
,('user0100','mov237','3.0','2010-07-28')
,('user0100','mov120','5.0','2015-12-04')
,('user0100','mov127','5.0','2006-04-03')
,('user0101','mov108','4.0','2009-06-05')
,('user0101','mov131','5.0','2014-04-26')
,('user0101','mov179','3.0','2012-03-14')
,('user0101','mov188','3.5','2012-04-09')
,('user0101','mov023','3.0','2016-07-05')
,('user0101','mov100','4.5','2012-09-27')
,('user0101','mov110','5.0','2005-01-02')
,('user0101','mov031','4.5','2012-12-20')
,('user0101','mov038','4.0','2005-01-27')
,('user0101','mov029','4.5','2013-05-24')
,('user0101','mov066','5.0','2014-05-04')
,('user0101','mov039','4.0','2015-05-14')
,('user0101','mov214','5.0','2008-05-20')
,('user0101','mov230','5.0','2008-09-19')
,('user0101','mov124','4.5','2016-07-22')
,('user0101','mov130','3.5','2006-12-15')
,('user0101','mov011','3.0','2016-06-03')
,('user0101','mov211','4.0','2016-01-10')
,('user0101','mov105','3.5','2007-03-27')
,('user0101','mov152','3.5','2012-12-30')
,('user0101','mov153','3.5','2011-05-31')
,('user0101','mov183','3.0','2013-01-13')
,('user0101','mov200','3.5','2012-06-24')
,('user0101','mov027','4.0','2014-03-28')
,('user0101','mov075','4.5','2007-01-27')
,('user0101','mov012','4.0','2011-12-14')
,('user0101','mov114','4.0','2009-09-24')
,('user0101','mov077','4.0','2008-04-18')
,('user0101','mov088','4.5','2006-09-19')
,('user0101','mov053','4.5','2010-11-15')
,('user0101','mov054','4.0','2015-03-16')
,('user0101','mov064','3.0','2007-10-23')
,('user0102','mov004','3.5','2007-01-01')
,('user0102','mov070','4.0','2008-04-15')
,('user0102','mov152','3.0','2005-12-01')
,('user0102','mov205','3.5','2011-02-21')
,('user0102','mov244','3.0','2012-03-07')
,('user0102','mov182','5.0','2006-06-03')
,('user0102','mov099','4.5','2006-07-15')
,('user0102','mov135','5.0','2014-02-25')
,('user0102','mov031','5.0','2012-05-24')
,('user0102','mov220','3.5','2006-05-28')
,('user0102','mov010','5.0','2009-08-14')
,('user0102','mov166','4.0','2006-04-10')
,('user0102','mov075','4.5','2012-12-24')
,('user0102','mov114','4.5','2012-09-12')
,('user0102','mov069','4.0','2010-01-13')
,('user0102','mov200','3.0','2015-09-09')
,('user0102','mov001','5.0','2006-09-13')
,('user0102','mov121','3.5','2009-05-21')
,('user0102','mov234','4.5','2005-03-12')
,('user0102','mov104','3.0','2010-08-23')
,('user0102','mov174','4.5','2009-04-03')
,('user0102','mov130','4.0','2009-05-15')
,('user0102','mov085','5.0','2009-07-24')
,('user0102','mov149','5.0','2013-03-21')
,('user0102','mov191','3.5','2013-01-24')
,('user0102','mov179','5.0','2014-08-29')
,('user0102','mov227','5.0','2012-11-25')
,('user0102','mov178','4.0','2015-10-13')
,('user0102','mov239','3.0','2007-07-17')
,('user0102','mov015','4.5','2007-11-02')
,('user0102','mov203','4.5','2006-12-23')
,('user0102','mov247','3.5','2015-03-19')
,('user0102','mov011','5.0','2005-11-25')
,('user0102','mov113','4.0','2014-06-22')
,('user0102','mov065','3.5','2012-01-01')
,('user0102','mov062','4.0','2013-02-22')
,('user0102','mov158','4.0','2009-10-22')
,('user0102','mov089','4.0','2011-07-13')
,('user0102','mov223','4.5','2006-11-29')
,('user0102','mov195','4.0','2016-08-17')
,('user0102','mov054','4.5','2010-07-10')
,('user0102','mov024','3.0','2006-12-05')
,('user0102','mov117','3.5','2007-09-09')
,('user0102','mov094','4.5','2009-04-14')
,('user0102','mov138','4.0','2012-09-19')
,('user0102','mov154','3.5','2016-04-25')
,('user0102','mov198','3.0','2009-02-20')
,('user0102','mov097','4.0','2007-03-29')
,('user0102','mov047','3.0','2005-06-20')
,('user0103','mov085','4.0','2015-05-23')
,('user0103','mov200','4.5','2007-06-07')
,('user0103','mov090','4.5','2011-10-28')
,('user0103','mov125','5.0','2009-03-27')
,('user0103','mov119','3.5','2013-01-11')
,('user0103','mov146','4.0','2008-06-09')
,('user0103','mov241','5.0','2015-05-27')
,('user0104','mov056','3.5','2008-01-20')
,('user0104','mov198','4.0','2012-05-11')
,('user0104','mov006','5.0','2015-01-15')
,('user0104','mov122','3.5','2012-12-29')
,('user0104','mov217','3.0','2013-05-23')
,('user0104','mov017','3.5','2005-09-16')
,('user0104','mov124','4.0','2007-11-08')
,('user0104','mov091','5.0','2007-04-21')
,('user0104','mov179','4.5','2008-05-14')
,('user0104','mov076','4.0','2008-09-28')
,('user0104','mov097','3.0','2007-11-16')
,('user0104','mov218','3.0','2006-02-04')
,('user0104','mov146','3.0','2009-07-14')
,('user0104','mov249','3.5','2006-03-11')
,('user0104','mov181','3.5','2008-10-18')
,('user0104','mov019','4.0','2007-03-11')
,('user0104','mov005','3.0','2015-07-26')
,('user0104','mov233','5.0','2009-07-10')
,('user0104','mov128','5.0','2006-03-14')
,('user0104','mov055','5.0','2015-01-22')
,('user0104','mov127','3.5','2006-03-21')
,('user0104','mov141','5.0','2012-08-16')
,('user0104','mov012','5.0','2015-05-23')
,('user0104','mov238','3.0','2012-01-10')
,('user0104','mov093','5.0','2013-06-02')
,('user0104','mov058','3.0','2011-08-29')
,('user0104','mov008','4.0','2016-01-02')
,('user0104','mov169','3.5','2008-07-12')
,('user0104','mov107','5.0','2014-01-06')
,('user0104','mov102','5.0','2013-03-26')
,('user0104','mov075','4.5','2010-09-29')
,('user0104','mov149','3.0','2005-03-01')
,('user0104','mov183','3.5','2011-10-25')
,('user0104','mov225','3.0','2016-10-17')
,('user0104','mov112','4.5','2016-02-11')
,('user0104','mov109','3.0','2009-02-21')
,('user0104','mov192','4.0','2005-06-05')
,('user0104','mov190','5.0','2007-06-05')
,('user0104','mov187','3.5','2007-05-21')
,('user0104','mov138','4.0','2012-11-11')
,('user0104','mov133','5.0','2006-08-05')
,('user0104','mov068','3.5','2013-02-21')
,('user0105','mov167','4.0','2010-06-01')
,('user0105','mov096','4.0','2007-02-21')
,('user0105','mov178','4.0','2006-09-10')
,('user0105','mov052','3.5','2005-11-06')
,('user0105','mov168','5.0','2007-02-28')
,('user0105','mov115','5.0','2005-06-08')
,('user0106','mov183','4.5','2009-11-08')
,('user0106','mov148','3.0','2005-08-23')
,('user0106','mov146','5.0','2013-07-30')
,('user0106','mov030','4.0','2010-09-24')
,('user0106','mov232','4.5','2010-07-08')
,('user0106','mov132','3.5','2010-02-03')
,('user0106','mov036','3.0','2007-03-06')
,('user0106','mov216','3.5','2014-04-04')
,('user0106','mov124','4.0','2010-04-07')
,('user0106','mov115','5.0','2007-06-21')
,('user0106','mov200','4.5','2008-11-28')
,('user0106','mov140','3.5','2010-02-11')
,('user0106','mov022','4.0','2007-04-06')
,('user0106','mov116','4.5','2013-06-21')
,('user0106','mov051','4.0','2007-05-08')
,('user0106','mov047','3.5','2016-05-17')
,('user0106','mov045','5.0','2013-11-30')
,('user0106','mov082','3.0','2012-05-19')
,('user0106','mov090','5.0','2012-02-03')
,('user0106','mov248','4.0','2013-12-28')
,('user0106','mov230','4.0','2015-03-23')
,('user0106','mov011','3.0','2013-02-11')
,('user0106','mov083','3.0','2013-03-30')
,('user0106','mov084','4.0','2005-06-12')
,('user0106','mov234','3.0','2006-05-05')
,('user0106','mov039','3.5','2008-07-01')
,('user0106','mov035','4.0','2008-10-29')
,('user0106','mov199','4.5','2010-10-10')
,('user0106','mov176','4.5','2015-12-02')
,('user0106','mov040','3.5','2012-08-14')
,('user0106','mov101','4.0','2007-11-19')
,('user0106','mov247','3.0','2007-09-16')
,('user0106','mov197','5.0','2013-11-28')
,('user0106','mov028','3.5','2016-09-08')
,('user0106','mov018','3.0','2007-09-08')
,('user0107','mov132','3.5','2005-12-27')
,('user0107','mov065','3.0','2011-04-19')
,('user0107','mov014','4.5','2012-08-04')
,('user0107','mov126','5.0','2015-02-11')
,('user0107','mov198','4.5','2016-06-28')
,('user0107','mov005','3.0','2014-03-26')
,('user0107','mov221','5.0','2005-10-26')
,('user0107','mov001','3.5','2007-10-18')
,('user0107','mov056','4.5','2007-10-06')
,('user0107','mov233','3.0','2007-06-17')
,('user0107','mov169','5.0','2009-04-03')
,('user0107','mov147','3.5','2006-04-27')
,('user0107','mov155','5.0','2006-09-23')
,('user0107','mov191','4.0','2009-04-12')
,('user0107','mov088','3.5','2009-06-17')
,('user0107','mov027','3.0','2006-12-30')
,('user0108','mov121','4.0','2012-05-29')
,('user0108','mov238','3.0','2009-01-28')
,('user0108','mov179','3.5','2015-10-31')
,('user0108','mov205','3.5','2014-04-11')
,('user0108','mov243','3.5','2007-04-19')
,('user0108','mov072','4.5','2005-01-13')
,('user0108','mov201','3.5','2014-05-13')
,('user0108','mov049','3.5','2015-09-17')
,('user0108','mov100','4.0','2010-06-24')
,('user0108','mov128','4.5','2007-11-16')
,('user0108','mov117','3.0','2005-02-05')
,('user0108','mov164','3.5','2012-05-21')
,('user0108','mov099','4.0','2015-03-01')
,('user0108','mov065','5.0','2011-09-07')
,('user0108','mov031','3.0','2011-06-21')
,('user0108','mov139','3.0','2011-02-12')
,('user0108','mov016','3.5','2010-03-14')
,('user0108','mov080','4.5','2014-04-16')
,('user0108','mov015','3.0','2014-08-20')
,('user0108','mov200','4.5','2006-07-11')
,('user0108','mov152','4.0','2016-10-21')
,('user0108','mov174','3.5','2005-07-13')
,('user0109','mov133','3.0','2014-07-09')
,('user0109','mov039','3.5','2009-12-21')
,('user0109','mov137','3.0','2016-02-25')
,('user0109','mov081','4.5','2005-06-16')
,('user0109','mov182','4.5','2006-08-28')
,('user0109','mov115','4.5','2010-11-21')
,('user0109','mov202','3.0','2006-02-03')
,('user0109','mov033','5.0','2008-11-11')
,('user0110','mov009','3.0','2015-08-03')
,('user0110','mov128','4.0','2009-10-01')
,('user0110','mov059','3.0','2009-01-04')
,('user0110','mov243','3.5','2009-05-12')
,('user0110','mov063','4.5','2012-02-11')
,('user0110','mov076','4.0','2015-12-28')
,('user0110','mov036','4.5','2007-11-27')
,('user0110','mov180','4.5','2011-12-13')
,('user0110','mov169','4.5','2014-02-23')
,('user0110','mov238','4.5','2011-05-13')
,('user0110','mov233','3.5','2010-03-07')
,('user0110','mov038','4.5','2012-04-19')
,('user0110','mov010','4.5','2015-08-01')
,('user0110','mov081','4.0','2008-06-06')
,('user0110','mov210','3.0','2016-11-04')
,('user0110','mov046','4.5','2010-09-28')
,('user0110','mov187','5.0','2015-08-27')
,('user0110','mov090','4.0','2010-11-01')
,('user0110','mov125','5.0','2011-04-05')
,('user0110','mov004','3.0','2013-04-11')
,('user0110','mov006','5.0','2010-10-30')
,('user0110','mov075','3.5','2015-07-30')
,('user0110','mov167','5.0','2011-06-16')
,('user0110','mov160','3.0','2006-09-18')
,('user0110','mov047','3.5','2005-06-06')
,('user0110','mov175','5.0','2014-06-09')
,('user0110','mov209','5.0','2015-06-12')
,('user0110','mov134','4.0','2010-10-25')
,('user0110','mov215','5.0','2016-07-17')
,('user0110','mov078','4.0','2011-06-15')
,('user0111','mov198','3.5','2007-01-22')
,('user0111','mov031','3.0','2012-03-03')
,('user0111','mov071','3.5','2011-01-09')
,('user0111','mov023','4.5','2006-06-07')
,('user0111','mov173','5.0','2014-09-09')
,('user0111','mov167','3.0','2006-07-24')
,('user0111','mov037','3.5','2005-08-14')
,('user0111','mov154','3.5','2010-07-01')
,('user0111','mov103','4.0','2014-01-23')
,('user0111','mov053','4.0','2014-07-28')
,('user0111','mov026','3.5','2008-09-04')
,('user0111','mov093','3.5','2010-08-10')
,('user0111','mov215','4.0','2005-02-07')
,('user0111','mov181','5.0','2005-10-25')
,('user0111','mov162','3.5','2014-12-25')
,('user0111','mov072','5.0','2008-07-01')
,('user0111','mov248','4.0','2007-01-17')
,('user0111','mov234','3.5','2015-07-15')
,('user0111','mov241','5.0','2008-10-25')
,('user0111','mov113','3.5','2005-09-05')
,('user0111','mov214','4.5','2007-02-25')
,('user0111','mov091','3.0','2010-04-05')
,('user0111','mov085','4.0','2008-05-05')
,('user0111','mov080','4.0','2008-10-19')
,('user0111','mov124','4.0','2007-03-07')
,('user0111','mov107','3.0','2010-01-10')
,('user0111','mov217','5.0','2014-02-11')
,('user0111','mov002','3.0','2005-09-07')
,('user0111','mov052','4.0','2012-01-04')
,('user0111','mov188','3.0','2012-09-17')
,('user0111','mov020','5.0','2013-10-28')
,('user0111','mov077','5.0','2011-06-28')
,('user0111','mov038','4.5','2007-02-05')
,('user0111','mov021','5.0','2010-09-11')
,('user0111','mov205','5.0','2016-10-09')
,('user0111','mov220','3.5','2015-06-10')
,('user0111','mov041','3.5','2008-12-11')
,('user0111','mov115','4.0','2007-07-04')
,('user0111','mov073','5.0','2007-12-19')
,('user0111','mov118','4.0','2013-11-22')
,('user0112','mov147','4.0','2006-03-11')
,('user0112','mov191','4.0','2007-02-27')
,('user0112','mov178','4.5','2005-09-23')
,('user0112','mov186','3.0','2005-05-07')
,('user0112','mov024','3.5','2011-02-17')
,('user0112','mov010','5.0','2014-06-10')
,('user0112','mov013','5.0','2015-10-05')
,('user0112','mov195','3.0','2007-01-26')
,('user0112','mov036','3.0','2008-11-14')
,('user0112','mov112','3.0','2006-04-13')
,('user0112','mov150','3.0','2010-02-26')
,('user0112','mov038','4.0','2008-03-17')
,('user0112','mov164','3.0','2010-03-06')
,('user0112','mov118','3.0','2008-04-26')
,('user0112','mov189','3.5','2013-09-01')
,('user0112','mov001','3.5','2010-10-03')
,('user0112','mov003','5.0','2014-05-17')
,('user0112','mov063','4.0','2005-01-15')
,('user0112','mov202','5.0','2005-05-25')
,('user0112','mov071','3.5','2008-12-25')
,('user0112','mov122','5.0','2010-12-27')
,('user0112','mov222','3.5','2008-04-02')
,('user0112','mov205','5.0','2014-06-06')
,('user0112','mov006','4.0','2007-05-23')
,('user0112','mov184','4.0','2008-07-14')
,('user0113','mov060','4.5','2007-12-01')
,('user0113','mov107','3.0','2007-01-08')
,('user0113','mov019','5.0','2013-01-01')
,('user0113','mov240','4.0','2005-03-30')
,('user0113','mov021','5.0','2006-08-06')
,('user0113','mov055','3.5','2015-09-29')
,('user0113','mov095','4.5','2014-05-17')
,('user0113','mov157','3.5','2016-06-30')
,('user0113','mov196','4.0','2010-05-27')
,('user0113','mov113','4.5','2015-11-04')
,('user0113','mov130','3.0','2010-11-27')
,('user0113','mov215','5.0','2006-12-13')
,('user0113','mov233','3.0','2014-06-09')
,('user0113','mov193','3.0','2005-09-07')
,('user0113','mov076','3.5','2011-04-11')
,('user0113','mov200','4.5','2008-10-31')
,('user0114','mov039','3.5','2011-04-19')
,('user0114','mov165','4.5','2010-03-11')
,('user0114','mov230','3.0','2010-09-19')
,('user0114','mov180','4.0','2005-12-22')
,('user0114','mov007','3.0','2006-11-28')
,('user0114','mov036','3.0','2016-01-13')
,('user0114','mov137','3.0','2009-10-21')
,('user0114','mov166','4.5','2005-02-03')
,('user0114','mov096','3.0','2016-04-09')
,('user0114','mov159','3.5','2012-03-17')
,('user0114','mov100','4.0','2007-10-07')
,('user0114','mov174','5.0','2016-03-04')
,('user0114','mov120','4.5','2015-01-05')
,('user0114','mov178','3.5','2013-07-17')
,('user0114','mov108','4.0','2010-11-09')
,('user0114','mov061','3.5','2016-08-31')
,('user0114','mov203','5.0','2012-03-25')
,('user0114','mov054','4.0','2015-02-02')
,('user0114','mov162','4.5','2006-07-07')
,('user0114','mov124','5.0','2008-05-04')
,('user0114','mov095','3.5','2006-03-18')
,('user0114','mov112','3.0','2016-06-02')
,('user0114','mov170','4.0','2016-06-05')
,('user0114','mov123','3.0','2005-01-27')
,('user0114','mov009','3.0','2016-01-17')
,('user0114','mov107','4.0','2007-05-07')
,('user0114','mov034','5.0','2015-07-28')
,('user0114','mov031','5.0','2014-04-04')
,('user0114','mov041','5.0','2013-09-11')
,('user0114','mov004','3.5','2007-10-20')
,('user0115','mov055','4.0','2006-09-23')
,('user0115','mov118','3.0','2005-07-22')
,('user0115','mov201','4.0','2016-06-04')
,('user0115','mov047','4.5','2009-01-03')
,('user0115','mov211','4.5','2016-04-10')
,('user0115','mov131','5.0','2013-07-24')
,('user0115','mov197','3.5','2010-12-17')
,('user0115','mov224','4.0','2013-10-27')
,('user0115','mov174','3.0','2010-12-07')
,('user0115','mov179','4.0','2015-01-11')
,('user0115','mov143','4.5','2013-06-23')
,('user0115','mov182','5.0','2014-07-21')
,('user0115','mov142','3.5','2012-08-16')
,('user0115','mov232','3.0','2013-08-26')
,('user0115','mov144','3.0','2012-12-12')
,('user0115','mov073','3.0','2015-07-20')
,('user0115','mov128','4.0','2013-03-19')
,('user0115','mov191','3.5','2013-11-25')
,('user0115','mov120','3.5','2016-08-12')
,('user0115','mov058','3.0','2015-11-11')
,('user0115','mov216','3.5','2005-04-30')
,('user0115','mov221','5.0','2014-01-07')
,('user0115','mov061','4.5','2014-07-17')
,('user0115','mov059','3.5','2009-03-12')
,('user0115','mov049','5.0','2009-09-14')
,('user0115','mov106','3.0','2016-01-20')
,('user0115','mov140','4.5','2008-05-14')
,('user0115','mov249','3.0','2016-10-15')
,('user0115','mov005','5.0','2015-07-11')
,('user0115','mov125','4.5','2013-11-03')
,('user0116','mov080','3.5','2005-10-05')
,('user0116','mov070','3.5','2014-10-07')
,('user0116','mov072','3.0','2015-01-06')
,('user0116','mov238','3.0','2011-11-02')
,('user0116','mov001','5.0','2016-05-06')
,('user0116','mov172','3.0','2007-08-18')
,('user0116','mov051','5.0','2014-03-23')
,('user0116','mov030','5.0','2008-11-19')
,('user0116','mov043','4.0','2013-07-08')
,('user0116','mov181','3.0','2012-10-21')
,('user0116','mov225','3.0','2005-03-07')
,('user0116','mov102','3.0','2007-12-10')
,('user0116','mov207','4.5','2009-04-29')
,('user0116','mov087','4.5','2013-03-14')
,('user0116','mov147','4.5','2007-01-26')
,('user0116','mov160','4.0','2005-05-13')
,('user0116','mov135','4.0','2011-12-04')
,('user0116','mov174','3.5','2011-01-08')
,('user0116','mov118','3.5','2008-05-14')
,('user0116','mov145','3.5','2010-05-11')
,('user0116','mov245','3.5','2008-12-04')
,('user0116','mov126','4.5','2005-02-22')
,('user0116','mov032','4.5','2016-06-06')
,('user0117','mov218','3.5','2005-09-05')
,('user0117','mov172','3.0','2012-04-17')
,('user0117','mov101','5.0','2016-08-24')
,('user0117','mov203','3.5','2008-11-29')
,('user0117','mov138','4.0','2010-10-31')
,('user0117','mov156','3.5','2016-01-28')
,('user0117','mov149','4.5','2008-02-16')
,('user0117','mov104','3.5','2010-02-27')
,('user0117','mov190','3.0','2013-06-24')
,('user0117','mov032','4.5','2006-05-08')
,('user0117','mov084','4.0','2013-04-16')
,('user0117','mov210','3.0','2012-05-02')
,('user0117','mov160','3.0','2007-09-06')
,('user0117','mov195','4.0','2009-10-04')
,('user0117','mov180','3.5','2006-11-20')
,('user0117','mov051','3.5','2006-01-31')
,('user0118','mov060','5.0','2007-02-21')
,('user0118','mov001','4.0','2010-06-07')
,('user0118','mov171','4.5','2013-08-22')
,('user0118','mov021','5.0','2014-08-05')
,('user0118','mov239','3.0','2013-07-04')
,('user0118','mov191','4.0','2005-07-18')
,('user0118','mov117','3.0','2012-07-30')
,('user0118','mov174','5.0','2012-12-19')
,('user0118','mov054','4.0','2012-09-21')
,('user0118','mov190','5.0','2007-04-02')
,('user0118','mov003','4.0','2006-11-02')
,('user0118','mov168','3.0','2008-04-12')
,('user0118','mov033','4.0','2013-08-31')
,('user0118','mov236','4.0','2015-12-01')
,('user0118','mov132','4.0','2014-02-03')
,('user0118','mov195','3.5','2005-06-19')
,('user0118','mov136','4.0','2012-12-16')
,('user0118','mov208','5.0','2012-03-04')
,('user0118','mov157','4.5','2009-09-28')
,('user0118','mov055','5.0','2009-01-17')
,('user0118','mov072','3.0','2008-01-22')
,('user0118','mov119','5.0','2012-07-23')
,('user0118','mov200','5.0','2010-02-16')
,('user0118','mov018','4.0','2009-09-26')
,('user0118','mov098','5.0','2009-06-24')
,('user0118','mov012','3.5','2013-11-07')
,('user0118','mov205','4.0','2008-04-10')
,('user0118','mov074','3.0','2014-09-25')
,('user0118','mov131','5.0','2011-03-18')
,('user0118','mov028','4.5','2010-12-07')
,('user0118','mov112','3.5','2007-12-30')
,('user0118','mov042','3.0','2014-05-01')
,('user0118','mov179','3.5','2009-01-11')
,('user0118','mov083','3.5','2011-02-16')
,('user0118','mov246','4.5','2015-11-29')
,('user0118','mov213','3.0','2006-09-01')
,('user0118','mov232','4.5','2006-10-08')
,('user0119','mov085','4.0','2010-07-04')
,('user0119','mov092','4.0','2010-10-16')
,('user0119','mov106','3.0','2013-01-23')
,('user0119','mov096','3.5','2012-05-11')
,('user0119','mov078','3.5','2007-03-09')
,('user0119','mov183','3.0','2011-02-06')
,('user0120','mov164','5.0','2013-07-25')
,('user0120','mov112','5.0','2008-04-12')
,('user0120','mov161','4.0','2015-04-07')
,('user0120','mov050','4.5','2014-05-20')
,('user0120','mov197','4.0','2015-01-26')
,('user0120','mov174','5.0','2015-07-13')
,('user0120','mov109','5.0','2011-04-20')
,('user0120','mov201','5.0','2016-04-28')
,('user0120','mov239','4.0','2013-08-17')
,('user0120','mov023','3.5','2013-05-20')
,('user0120','mov020','3.5','2016-03-04')
,('user0120','mov142','3.0','2013-06-27')
,('user0120','mov188','4.5','2007-06-07')
,('user0120','mov077','5.0','2007-08-14')
,('user0120','mov110','5.0','2013-05-06')
,('user0120','mov238','4.0','2012-04-27')
,('user0120','mov167','4.0','2015-08-10')
,('user0120','mov193','3.5','2012-12-21')
,('user0120','mov163','4.5','2006-08-16')
,('user0120','mov074','5.0','2007-06-17')
,('user0120','mov051','3.0','2010-11-15')
,('user0120','mov182','4.0','2016-04-20')
,('user0120','mov199','3.5','2012-08-29')
,('user0121','mov164','3.5','2014-01-15')
,('user0121','mov085','4.0','2006-12-28')
,('user0121','mov195','3.0','2014-05-29')
,('user0121','mov187','3.0','2012-03-19')
,('user0121','mov083','3.5','2015-01-26')
,('user0121','mov073','4.0','2007-03-18')
,('user0121','mov110','3.5','2012-11-19')
,('user0121','mov107','4.0','2006-06-07')
,('user0121','mov201','3.0','2008-12-27')
,('user0121','mov014','3.0','2012-03-23')
,('user0121','mov245','5.0','2009-06-26')
,('user0121','mov042','3.0','2009-01-01')
,('user0121','mov127','4.5','2010-09-28')
,('user0121','mov105','5.0','2008-11-13')
,('user0121','mov028','5.0','2015-10-24')
,('user0121','mov065','3.5','2011-09-15')
,('user0121','mov087','5.0','2007-11-15')
,('user0121','mov027','4.5','2016-02-04')
,('user0121','mov075','4.0','2008-06-27')
,('user0121','mov050','5.0','2006-10-05')
,('user0121','mov056','5.0','2016-07-04')
,('user0121','mov209','3.5','2010-04-25')
,('user0121','mov166','3.5','2013-08-29')
,('user0122','mov024','3.5','2005-06-19')
,('user0122','mov038','4.0','2009-11-26')
,('user0122','mov154','4.5','2005-04-19')
,('user0122','mov076','5.0','2009-10-15')
,('user0122','mov157','5.0','2007-07-03')
,('user0122','mov075','4.0','2009-04-03')
,('user0122','mov158','3.5','2008-02-27')
,('user0122','mov010','4.0','2012-01-01')
,('user0122','mov099','4.5','2005-12-05')
,('user0122','mov243','4.5','2014-02-14')
,('user0122','mov246','4.0','2005-12-24')
,('user0122','mov201','4.0','2006-10-18')
,('user0122','mov179','4.5','2011-07-30')
,('user0122','mov211','3.0','2007-04-09')
,('user0122','mov228','5.0','2013-03-07')
,('user0122','mov019','5.0','2011-01-27')
,('user0122','mov028','3.0','2010-09-10')
,('user0122','mov166','5.0','2006-02-09')
,('user0122','mov143','4.5','2006-10-30')
,('user0122','mov229','4.5','2009-12-15')
,('user0122','mov004','4.0','2013-12-06')
,('user0122','mov120','5.0','2016-05-11')
,('user0123','mov095','4.5','2015-02-15')
,('user0123','mov094','3.5','2015-11-25')
,('user0123','mov112','3.0','2010-01-09')
,('user0123','mov030','3.5','2016-10-22')
,('user0123','mov194','4.0','2006-08-15')
,('user0124','mov092','3.0','2005-06-09')
,('user0124','mov223','5.0','2015-05-16')
,('user0124','mov177','5.0','2007-10-09')
,('user0124','mov147','5.0','2010-03-13')
,('user0124','mov077','4.5','2007-01-23')
,('user0124','mov082','3.0','2012-07-19')
,('user0124','mov192','3.5','2015-02-06')
,('user0124','mov170','3.5','2015-11-18')
,('user0124','mov151','4.5','2010-11-27')
,('user0124','mov011','4.0','2007-03-15')
,('user0124','mov044','4.5','2011-12-30')
,('user0124','mov134','3.0','2014-10-01')
,('user0124','mov009','3.5','2008-07-13')
,('user0124','mov049','3.5','2012-06-01')
,('user0124','mov126','4.5','2013-07-26')
,('user0124','mov016','5.0','2014-04-30')
,('user0124','mov205','3.0','2015-07-01')
,('user0124','mov213','4.5','2009-09-20')
,('user0124','mov232','4.5','2009-03-21')
,('user0124','mov007','4.5','2006-09-19')
,('user0124','mov133','4.5','2006-05-02')
,('user0124','mov227','4.0','2007-11-12')
,('user0124','mov031','3.5','2009-12-08')
,('user0124','mov200','4.0','2014-05-17')
,('user0124','mov066','5.0','2015-04-25')
,('user0124','mov179','3.0','2012-05-22')
,('user0124','mov228','3.0','2009-06-18')
,('user0124','mov168','3.5','2006-08-30')
,('user0124','mov215','4.0','2010-11-21')
,('user0124','mov005','3.5','2014-04-19')
,('user0124','mov122','5.0','2013-10-05')
,('user0124','mov226','5.0','2009-09-27')
,('user0124','mov178','4.5','2012-08-15')
,('user0124','mov176','4.0','2009-04-05')
,('user0124','mov225','3.0','2011-12-15')
,('user0124','mov026','3.5','2010-09-26')
,('user0124','mov032','5.0','2010-02-24')
,('user0124','mov158','3.0','2014-01-29')
,('user0124','mov239','4.5','2012-10-04')
,('user0124','mov242','5.0','2005-01-12')
,('user0125','mov097','3.0','2013-05-13')
,('user0125','mov069','4.0','2014-08-21')
,('user0125','mov026','3.5','2014-07-28')
,('user0125','mov093','3.0','2014-11-10')
,('user0125','mov041','4.5','2010-01-17')
,('user0125','mov144','4.5','2007-03-21')
,('user0125','mov159','4.0','2012-12-07')
,('user0125','mov180','5.0','2007-06-08')
,('user0125','mov098','5.0','2010-03-01')
,('user0125','mov135','3.5','2010-08-25')
,('user0125','mov124','5.0','2014-12-08')
,('user0125','mov165','5.0','2016-04-20')
,('user0125','mov040','3.5','2007-11-01')
,('user0125','mov186','5.0','2016-05-01')
,('user0125','mov088','4.5','2006-08-16')
,('user0125','mov110','4.0','2011-09-10')
,('user0125','mov140','5.0','2006-04-28')
,('user0125','mov147','3.5','2015-07-26')
,('user0125','mov213','3.0','2012-09-07')
,('user0125','mov204','3.5','2015-05-01')
,('user0125','mov145','3.5','2009-01-31')
,('user0125','mov127','4.5','2007-09-08')
,('user0125','mov123','4.5','2009-06-15')
,('user0125','mov148','4.0','2016-10-13')
,('user0125','mov146','4.5','2010-06-28')
,('user0125','mov047','5.0','2006-05-17')
,('user0126','mov079','3.0','2006-02-19')
,('user0126','mov239','3.0','2006-04-25')
,('user0126','mov026','4.0','2015-08-16')
,('user0126','mov119','3.0','2014-08-11')
,('user0126','mov062','4.5','2012-09-05')
,('user0127','mov006','4.5','2015-04-22')
,('user0127','mov218','3.5','2008-03-19')
,('user0127','mov128','5.0','2014-12-04')
,('user0127','mov023','4.5','2009-08-09')
,('user0127','mov211','5.0','2007-05-11')
,('user0127','mov012','3.5','2010-08-29')
,('user0127','mov097','4.5','2006-09-29')
,('user0127','mov028','3.0','2010-05-14')
,('user0127','mov159','3.5','2008-05-16')
,('user0127','mov048','3.5','2010-05-04')
,('user0127','mov171','3.5','2009-09-13')
,('user0127','mov058','3.0','2011-06-25')
,('user0127','mov182','5.0','2015-06-14')
,('user0127','mov221','4.0','2016-03-05')
,('user0127','mov232','3.0','2007-08-30')
,('user0127','mov175','4.0','2005-11-19')
,('user0127','mov093','4.0','2016-04-21')
,('user0127','mov113','4.5','2015-10-23')
,('user0127','mov107','4.5','2015-03-29')
,('user0127','mov127','3.5','2008-06-04')
,('user0127','mov242','5.0','2009-04-18')
,('user0127','mov215','4.5','2014-04-15')
,('user0127','mov206','3.5','2007-01-05')
,('user0127','mov150','3.0','2009-10-26')
,('user0127','mov050','3.0','2011-06-28')
,('user0127','mov065','3.0','2009-09-21')
,('user0127','mov015','4.0','2007-11-17')
,('user0127','mov228','4.0','2005-08-14')
,('user0127','mov240','3.0','2010-06-23')
,('user0127','mov003','4.5','2013-09-28')
,('user0127','mov018','4.5','2010-03-01')
,('user0128','mov052','4.0','2010-10-03')
,('user0128','mov153','4.0','2005-06-05')
,('user0128','mov147','4.0','2011-07-30')
,('user0128','mov184','4.0','2013-10-30')
,('user0128','mov174','5.0','2005-09-16')
,('user0128','mov002','5.0','2006-09-02')
,('user0128','mov228','4.5','2015-03-25')
,('user0128','mov100','5.0','2016-03-07')
,('user0128','mov193','4.5','2007-01-24')
,('user0128','mov032','3.0','2009-10-24')
,('user0128','mov007','4.0','2006-01-03')
,('user0128','mov090','5.0','2016-02-20')
,('user0128','mov008','4.5','2009-07-29')
,('user0128','mov057','4.5','2011-02-02')
,('user0128','mov070','4.0','2012-05-02')
,('user0128','mov122','3.5','2012-12-23')
,('user0128','mov138','4.0','2013-06-25')
,('user0128','mov197','4.0','2015-03-06')
,('user0128','mov232','3.5','2011-07-05')
,('user0128','mov081','3.0','2007-11-17')
,('user0128','mov107','5.0','2008-03-18')
,('user0128','mov167','3.5','2009-05-02')
,('user0128','mov164','3.5','2013-05-23')
,('user0128','mov162','3.0','2012-12-17')
,('user0128','mov241','4.5','2007-01-17')
,('user0128','mov009','4.5','2007-05-20')
,('user0128','mov215','3.5','2016-08-04')
,('user0128','mov225','3.0','2014-12-22')
,('user0128','mov163','3.5','2009-01-17')
,('user0128','mov216','3.5','2008-07-22')
,('user0128','mov048','3.5','2006-09-07')
,('user0128','mov152','3.5','2012-06-25')
,('user0128','mov161','3.5','2013-12-12')
,('user0128','mov084','4.5','2010-05-27')
,('user0128','mov203','3.5','2005-04-11')
,('user0128','mov240','3.0','2005-11-26')
,('user0128','mov156','3.0','2008-09-30')
,('user0128','mov115','3.5','2015-02-24')
,('user0128','mov180','4.0','2007-06-28')
,('user0128','mov055','3.5','2007-08-02')
,('user0128','mov182','4.5','2006-02-13')
,('user0128','mov196','4.0','2007-07-16')
,('user0128','mov245','4.0','2008-06-14')
,('user0128','mov061','4.0','2007-07-25')
,('user0128','mov166','3.5','2011-04-03')
,('user0128','mov221','4.0','2011-09-08')
,('user0128','mov123','4.5','2010-03-29')
,('user0129','mov088','3.0','2014-02-11')
,('user0129','mov245','3.0','2009-06-14')
,('user0129','mov119','3.0','2009-03-08')
,('user0129','mov224','4.0','2016-04-18')
,('user0129','mov030','4.0','2006-10-06')
,('user0129','mov013','5.0','2016-04-06')
,('user0129','mov012','3.5','2008-10-29')
,('user0129','mov232','3.0','2005-06-15')
,('user0129','mov152','4.5','2006-06-23')
,('user0129','mov017','4.0','2012-08-21')
,('user0129','mov107','5.0','2014-05-03')
,('user0129','mov093','4.0','2008-02-02')
,('user0129','mov143','5.0','2011-05-31')
,('user0129','mov187','4.5','2011-12-28')
,('user0129','mov244','3.0','2014-10-16')
,('user0129','mov199','3.5','2016-01-05')
,('user0129','mov102','4.0','2009-09-15')
,('user0129','mov188','4.0','2016-07-08')
,('user0129','mov189','5.0','2011-07-28')
,('user0129','mov103','4.0','2006-06-02')
,('user0129','mov059','4.5','2005-07-23')
,('user0129','mov016','5.0','2007-06-11')
,('user0129','mov044','3.5','2013-11-03')
,('user0129','mov219','3.0','2014-01-25')
,('user0129','mov247','5.0','2005-06-17')
,('user0129','mov172','5.0','2014-11-03')
,('user0129','mov133','4.5','2008-03-06')
,('user0129','mov211','4.5','2009-06-06')
,('user0129','mov216','3.5','2010-12-16')
,('user0129','mov056','5.0','2015-10-02')
,('user0129','mov217','4.5','2012-03-22')
,('user0129','mov218','4.0','2012-04-23')
,('user0130','mov017','3.5','2007-09-13')
,('user0130','mov206','4.0','2012-04-01')
,('user0130','mov221','3.0','2005-05-23')
,('user0130','mov107','3.0','2016-07-22')
,('user0130','mov092','3.5','2012-09-10')
,('user0130','mov113','4.0','2014-04-23')
,('user0130','mov218','5.0','2011-10-26')
,('user0130','mov211','3.5','2008-06-04')
,('user0130','mov151','4.0','2009-10-06')
,('user0130','mov088','3.0','2007-02-04')
,('user0130','mov125','5.0','2014-01-07')
,('user0130','mov142','3.5','2012-07-23')
,('user0130','mov248','4.0','2012-05-26')
,('user0131','mov232','3.0','2010-01-25')
,('user0131','mov023','4.5','2008-07-21')
,('user0131','mov127','3.5','2005-02-06')
,('user0131','mov087','4.0','2005-09-23')
,('user0131','mov167','4.5','2015-07-19')
,('user0131','mov221','4.0','2009-03-15')
,('user0131','mov188','3.5','2007-01-15')
,('user0131','mov121','5.0','2008-08-02')
,('user0131','mov137','3.5','2015-07-05')
,('user0131','mov042','4.5','2009-04-25')
,('user0131','mov013','5.0','2010-11-04')
,('user0131','mov233','3.0','2007-10-06')
,('user0131','mov034','4.0','2005-10-19')
,('user0131','mov203','3.5','2007-06-24')
,('user0131','mov022','5.0','2016-04-15')
,('user0131','mov174','5.0','2008-06-16')
,('user0131','mov159','3.0','2013-03-24')
,('user0131','mov112','4.0','2009-04-21')
,('user0131','mov197','3.5','2011-10-05')
,('user0131','mov102','4.5','2010-10-19')
,('user0131','mov161','5.0','2014-09-08')
,('user0131','mov072','4.5','2013-05-26')
,('user0131','mov088','3.0','2013-02-13')
,('user0131','mov211','4.5','2014-05-11')
,('user0131','mov225','3.0','2007-02-05')
,('user0131','mov046','4.0','2015-09-03')
,('user0131','mov129','5.0','2015-12-22')
,('user0131','mov049','4.5','2009-07-16')
,('user0131','mov126','5.0','2016-01-03')
,('user0131','mov033','3.0','2015-08-18')
,('user0131','mov150','3.0','2013-10-17')
,('user0131','mov204','5.0','2007-07-25')
,('user0131','mov115','3.0','2013-10-16')
,('user0131','mov085','4.0','2006-09-25')
,('user0131','mov092','3.5','2008-03-17')
,('user0131','mov160','4.5','2009-10-28')
,('user0131','mov063','4.5','2006-12-23')
,('user0131','mov094','3.5','2016-09-13')
,('user0131','mov093','4.5','2016-10-21')
,('user0131','mov047','3.0','2015-11-16')
,('user0132','mov190','4.0','2008-08-10')
,('user0132','mov052','4.5','2006-04-22')
,('user0132','mov002','3.5','2014-03-26')
,('user0132','mov023','5.0','2011-02-10')
,('user0132','mov118','4.0','2007-01-24')
,('user0132','mov035','3.0','2008-06-18')
,('user0132','mov053','5.0','2016-06-10')
,('user0132','mov112','4.5','2013-03-28')
,('user0132','mov219','3.5','2007-09-29')
,('user0132','mov067','4.5','2014-06-09')
,('user0132','mov030','5.0','2010-02-04')
,('user0132','mov146','5.0','2007-10-17')
,('user0132','mov071','4.0','2016-03-11')
,('user0132','mov230','3.5','2012-05-08')
,('user0132','mov098','4.0','2016-04-25')
,('user0132','mov064','4.0','2015-08-13')
,('user0132','mov114','4.0','2010-02-12')
,('user0132','mov029','4.0','2007-10-20')
,('user0132','mov144','4.0','2005-05-08')
,('user0132','mov135','3.0','2011-09-28')
,('user0132','mov191','4.0','2013-09-05')
,('user0132','mov075','4.0','2008-02-12')
,('user0132','mov099','3.0','2007-03-06')
,('user0132','mov086','3.0','2014-07-18')
,('user0132','mov245','4.5','2008-08-21')
,('user0132','mov017','4.5','2016-02-25')
,('user0132','mov088','4.5','2013-01-17')
,('user0132','mov082','5.0','2007-08-25')
,('user0132','mov233','4.0','2014-09-03')
,('user0132','mov062','3.5','2016-03-10')
,('user0132','mov204','4.0','2005-06-28')
,('user0132','mov226','5.0','2011-12-14')
,('user0132','mov164','3.5','2009-04-28')
,('user0132','mov147','5.0','2013-08-21')
,('user0132','mov010','3.0','2014-07-26')
,('user0132','mov247','4.5','2010-09-12')
,('user0132','mov221','3.0','2010-02-02')
,('user0132','mov193','5.0','2007-12-24')
,('user0132','mov241','3.0','2008-09-23')
,('user0132','mov039','3.5','2015-12-01')
,('user0132','mov046','3.0','2010-09-16')
,('user0132','mov239','3.5','2006-03-14')
,('user0132','mov232','5.0','2007-05-31')
,('user0132','mov037','3.5','2015-07-09')
,('user0132','mov176','5.0','2005-12-28')
,('user0132','mov109','5.0','2010-03-22')
,('user0132','mov040','3.5','2010-04-08')
,('user0132','mov162','3.0','2009-06-16')
,('user0133','mov156','4.5','2005-09-17')
,('user0133','mov227','3.5','2007-11-15')
,('user0133','mov138','4.0','2011-11-19')
,('user0133','mov159','4.5','2012-07-10')
,('user0133','mov197','3.5','2014-04-13')
,('user0133','mov089','4.5','2014-09-23')
,('user0133','mov014','4.5','2010-07-25')
,('user0133','mov080','3.0','2016-02-08')
,('user0133','mov226','3.5','2008-01-08')
,('user0133','mov165','3.0','2013-05-25')
,('user0133','mov026','3.0','2007-06-17')
,('user0133','mov106','4.0','2007-09-02')
,('user0133','mov173','4.0','2016-09-14')
,('user0133','mov116','3.5','2012-08-19')
,('user0133','mov231','3.0','2007-10-22')
,('user0133','mov163','3.5','2006-08-08')
,('user0133','mov071','4.5','2010-12-29')
,('user0133','mov144','3.5','2009-03-10')
,('user0133','mov192','3.0','2013-03-14')
,('user0133','mov097','3.5','2005-03-08')
,('user0133','mov179','4.0','2011-11-19')
,('user0133','mov210','3.5','2006-04-12')
,('user0133','mov244','4.0','2016-02-13')
,('user0133','mov187','3.5','2008-02-05')
,('user0133','mov083','3.0','2008-10-24')
,('user0133','mov023','4.5','2006-09-21')
,('user0133','mov047','3.5','2008-08-14')
,('user0134','mov164','3.5','2014-04-06')
,('user0134','mov189','3.0','2009-07-24')
,('user0134','mov167','4.5','2009-11-08')
,('user0134','mov077','3.5','2009-10-12')
,('user0134','mov147','3.0','2010-06-01')
,('user0134','mov093','4.0','2010-11-03')
,('user0134','mov192','3.0','2015-06-05')
,('user0134','mov236','3.0','2007-11-12')
,('user0134','mov026','5.0','2008-06-10')
,('user0134','mov195','3.5','2016-01-04')
,('user0134','mov157','4.5','2013-09-02')
,('user0134','mov220','4.5','2011-11-22')
,('user0134','mov216','5.0','2016-08-30')
,('user0134','mov055','3.0','2013-10-27')
,('user0134','mov214','4.5','2014-09-13')
,('user0134','mov067','3.0','2012-10-31')
,('user0134','mov015','5.0','2011-04-28')
,('user0134','mov222','3.0','2015-04-08')
,('user0134','mov097','3.5','2013-10-05')
,('user0134','mov070','5.0','2012-03-04')
,('user0134','mov217','4.0','2014-06-09')
,('user0134','mov113','3.5','2010-06-07')
,('user0134','mov205','3.0','2005-09-01')
,('user0134','mov176','4.0','2013-06-12')
,('user0134','mov069','4.5','2005-11-17')
,('user0134','mov086','5.0','2009-05-28')
,('user0134','mov074','3.0','2009-10-25')
,('user0135','mov033','4.5','2015-03-16')
,('user0135','mov105','4.5','2011-11-11')
,('user0135','mov247','4.0','2010-12-29')
,('user0135','mov140','5.0','2016-07-19')
,('user0135','mov100','4.5','2005-03-10')
,('user0135','mov053','4.0','2014-10-15')
,('user0135','mov120','3.0','2005-07-15')
,('user0135','mov171','4.5','2010-01-13')
,('user0135','mov037','3.0','2016-07-26')
,('user0135','mov196','3.5','2016-03-28')
,('user0135','mov233','4.0','2013-03-17')
,('user0135','mov017','4.0','2013-10-20')
,('user0135','mov023','4.5','2015-08-14')
,('user0135','mov162','5.0','2005-06-09')
,('user0135','mov106','5.0','2009-06-26')
,('user0135','mov146','3.0','2010-07-04')
,('user0135','mov063','3.5','2008-11-30')
,('user0135','mov077','4.0','2013-03-11')
,('user0135','mov182','4.5','2013-03-13')
,('user0135','mov040','3.0','2007-05-10')
,('user0135','mov237','4.0','2005-09-19')
,('user0135','mov139','3.5','2013-04-03')
,('user0135','mov056','4.0','2009-05-23')
,('user0135','mov107','3.0','2008-04-17')
,('user0135','mov215','5.0','2010-08-20')
,('user0135','mov024','4.5','2013-09-03')
,('user0136','mov086','3.0','2008-12-23')
,('user0136','mov053','3.5','2008-07-08')
,('user0136','mov155','4.0','2011-08-30')
,('user0136','mov036','3.5','2009-04-08')
,('user0136','mov171','3.5','2007-11-21')
,('user0136','mov123','3.0','2007-05-13')
,('user0136','mov116','5.0','2012-03-21')
,('user0136','mov202','3.5','2013-02-02')
,('user0136','mov238','4.5','2010-06-10')
,('user0136','mov152','3.0','2011-02-16')
,('user0136','mov102','4.5','2013-11-20')
,('user0136','mov174','3.5','2010-03-12')
,('user0136','mov077','5.0','2008-05-09')
,('user0136','mov207','3.0','2016-10-04')
,('user0136','mov204','4.5','2007-01-20')
,('user0136','mov058','4.5','2011-04-28')
,('user0136','mov158','4.5','2014-10-30')
,('user0136','mov147','3.0','2015-05-03')
,('user0136','mov222','4.5','2010-11-01')
,('user0136','mov008','3.5','2013-10-01')
,('user0136','mov209','4.0','2014-05-07')
,('user0136','mov043','4.0','2009-12-11')
,('user0136','mov128','4.0','2009-03-22')
,('user0136','mov194','3.0','2008-02-08')
,('user0136','mov229','4.0','2007-02-01')
,('user0136','mov167','3.5','2008-03-25')
,('user0136','mov162','3.5','2008-11-12')
,('user0136','mov203','3.0','2011-03-08')
,('user0136','mov106','5.0','2010-06-21')
,('user0136','mov217','3.5','2012-09-09')
,('user0136','mov006','3.5','2013-04-24')
,('user0136','mov021','3.0','2007-11-30')
,('user0136','mov080','4.5','2008-04-13')
,('user0136','mov063','5.0','2008-11-21')
,('user0136','mov161','4.0','2014-02-03')
,('user0136','mov121','3.5','2008-10-13')
,('user0136','mov247','4.0','2005-01-21')
,('user0136','mov206','5.0','2015-02-09')
,('user0136','mov143','4.0','2006-10-21')
,('user0137','mov061','5.0','2016-02-19')
,('user0137','mov039','5.0','2013-09-23')
,('user0137','mov173','4.0','2008-09-01')
,('user0137','mov178','4.0','2013-03-11')
,('user0137','mov052','5.0','2007-08-30')
,('user0137','mov219','5.0','2008-09-28')
,('user0137','mov078','3.5','2006-04-26')
,('user0137','mov075','3.0','2014-08-15')
,('user0137','mov199','4.0','2016-08-18')
,('user0137','mov202','4.0','2007-04-29')
,('user0137','mov139','5.0','2011-07-08')
,('user0137','mov235','4.5','2015-08-16')
,('user0137','mov131','5.0','2007-11-18')
,('user0137','mov213','4.5','2009-12-30')
,('user0137','mov022','3.0','2014-10-12')
,('user0137','mov244','4.0','2011-03-17')
,('user0137','mov209','4.5','2015-05-22')
,('user0137','mov013','3.5','2005-08-18')
,('user0137','mov150','3.0','2013-11-05')
,('user0137','mov172','3.5','2016-08-17')
,('user0137','mov111','4.0','2011-06-17')
,('user0137','mov070','3.0','2010-09-13')
,('user0137','mov048','4.0','2010-06-28')
,('user0137','mov248','3.5','2007-04-11')
,('user0137','mov083','4.5','2010-11-19')
,('user0137','mov216','3.5','2011-07-03')
,('user0137','mov133','4.0','2007-11-23')
,('user0137','mov227','4.5','2007-02-19')
,('user0137','mov106','3.5','2010-05-31')
,('user0137','mov113','3.5','2008-06-19')
,('user0137','mov091','4.5','2008-08-04')
,('user0137','mov210','4.0','2011-09-23')
,('user0137','mov215','3.0','2013-05-05')
,('user0137','mov212','5.0','2009-11-17')
,('user0137','mov169','4.0','2005-12-09')
,('user0137','mov207','3.0','2006-01-13')
,('user0137','mov153','4.0','2005-04-22')
,('user0137','mov203','5.0','2016-06-18')
,('user0137','mov159','4.0','2011-12-23')
,('user0137','mov006','5.0','2005-09-10')
,('user0137','mov193','4.0','2015-04-12')
,('user0137','mov042','4.5','2006-09-17')
,('user0137','mov192','3.0','2013-08-02')
,('user0137','mov189','5.0','2016-01-08')
,('user0137','mov194','5.0','2009-07-28')
,('user0138','mov193','5.0','2006-05-18')
,('user0138','mov246','5.0','2011-11-25')
,('user0138','mov031','3.5','2006-06-28')
,('user0138','mov194','4.5','2005-07-15')
,('user0138','mov166','5.0','2015-04-04')
,('user0138','mov139','3.0','2009-09-16')
,('user0138','mov161','3.5','2015-07-30')
,('user0138','mov120','5.0','2008-11-16')
,('user0138','mov209','5.0','2014-04-21')
,('user0138','mov004','4.0','2011-05-10')
,('user0138','mov002','3.0','2007-07-10')
,('user0138','mov011','5.0','2006-11-17')
,('user0138','mov242','4.5','2012-05-08')
,('user0138','mov208','4.5','2008-09-06')
,('user0138','mov232','3.0','2007-10-09')
,('user0138','mov137','4.0','2012-11-02')
,('user0138','mov154','5.0','2010-06-05')
,('user0138','mov115','3.0','2013-04-13')
,('user0138','mov204','3.0','2015-03-27')
,('user0138','mov122','4.5','2012-11-06')
,('user0138','mov009','3.5','2016-07-09')
,('user0138','mov234','4.5','2012-05-04')
,('user0138','mov155','5.0','2013-08-08')
,('user0138','mov104','3.5','2012-01-19')
,('user0138','mov197','4.5','2014-03-28')
,('user0138','mov019','4.5','2010-01-17')
,('user0138','mov217','3.5','2007-12-13')
,('user0138','mov111','4.0','2005-04-03')
,('user0138','mov216','3.0','2012-06-17')
,('user0138','mov007','3.0','2016-03-14')
,('user0138','mov230','3.0','2009-06-01')
,('user0138','mov102','4.0','2016-04-09')
,('user0138','mov179','3.5','2014-07-21')
,('user0138','mov231','3.0','2016-03-31')
,('user0138','mov066','4.0','2005-05-12')
,('user0138','mov027','5.0','2016-05-17')
,('user0138','mov126','4.0','2007-05-18')
,('user0138','mov203','4.0','2015-07-29')
,('user0138','mov041','5.0','2007-01-01')
,('user0138','mov200','4.0','2006-04-22')
,('user0138','mov210','3.0','2016-07-02')
,('user0138','mov163','4.5','2008-03-26')
,('user0139','mov039','3.0','2014-07-23')
,('user0139','mov155','3.5','2014-03-01')
,('user0139','mov204','3.5','2007-04-29')
,('user0139','mov037','3.0','2011-10-20')
,('user0139','mov047','4.5','2005-05-23')
,('user0139','mov184','4.5','2005-06-04')
,('user0139','mov127','3.5','2011-04-21')
,('user0139','mov196','5.0','2013-10-07')
,('user0139','mov013','4.0','2011-04-03')
,('user0139','mov136','4.5','2006-12-11')
,('user0139','mov171','3.5','2012-02-05')
,('user0139','mov063','5.0','2009-05-03')
,('user0139','mov143','3.0','2010-12-05')
,('user0139','mov150','3.0','2016-04-20')
,('user0139','mov237','3.0','2010-03-18')
,('user0139','mov213','3.0','2011-12-18')
,('user0139','mov217','3.0','2014-06-19')
,('user0139','mov001','3.0','2010-11-17')
,('user0139','mov052','3.0','2010-03-06')
,('user0139','mov188','3.5','2011-12-20')
,('user0139','mov095','4.5','2009-04-18')
,('user0139','mov131','3.5','2007-06-22')
,('user0140','mov127','3.5','2016-05-17')
,('user0140','mov054','4.0','2015-03-13')
,('user0140','mov104','4.5','2013-10-16')
,('user0140','mov022','5.0','2011-07-06')
,('user0140','mov116','3.5','2015-12-16')
,('user0140','mov205','3.5','2009-08-25')
,('user0140','mov130','4.0','2015-04-17')
,('user0140','mov012','4.0','2007-02-21')
,('user0140','mov146','4.0','2012-10-17')
,('user0140','mov157','5.0','2011-08-06')
,('user0140','mov200','4.5','2008-12-13')
,('user0140','mov112','3.5','2012-01-31')
,('user0140','mov103','3.0','2015-04-01')
,('user0140','mov249','3.0','2016-04-21')
,('user0140','mov115','4.0','2008-10-25')
,('user0140','mov075','4.0','2006-12-08')
,('user0140','mov004','5.0','2014-11-17')
,('user0140','mov079','3.0','2013-03-18')
,('user0140','mov125','4.5','2012-06-19')
,('user0140','mov139','4.0','2010-11-10')
,('user0140','mov037','3.5','2014-05-30')
,('user0140','mov141','3.5','2013-01-29')
,('user0140','mov241','4.0','2008-04-30')
,('user0140','mov098','3.5','2013-05-20')
,('user0140','mov100','3.0','2013-06-05')
,('user0140','mov134','4.5','2012-05-05')
,('user0140','mov036','4.5','2013-05-22')
,('user0140','mov032','5.0','2008-06-13')
,('user0140','mov214','3.0','2013-09-18')
,('user0140','mov198','4.5','2008-03-19')
,('user0140','mov090','4.0','2011-11-04')
,('user0140','mov044','5.0','2005-12-23')
,('user0140','mov176','3.0','2016-01-12')
,('user0140','mov065','4.5','2014-12-05')
,('user0140','mov110','4.0','2006-08-25')
,('user0140','mov204','3.5','2006-03-28')
,('user0140','mov163','4.5','2015-01-01')
,('user0140','mov171','5.0','2006-12-07')
,('user0140','mov242','4.5','2005-09-04')
,('user0140','mov151','5.0','2011-10-05')
,('user0140','mov024','4.0','2010-03-01')
,('user0140','mov230','4.0','2016-08-31')
,('user0140','mov195','4.0','2015-08-26')
,('user0140','mov187','4.5','2006-06-22')
,('user0140','mov071','5.0','2005-05-03')
,('user0140','mov236','4.5','2015-06-04')
,('user0140','mov062','3.0','2014-09-08')
,('user0140','mov081','3.5','2015-06-14')
,('user0140','mov188','3.0','2015-11-15')
,('user0141','mov061','3.5','2013-01-29')
,('user0141','mov018','4.5','2013-07-08')
,('user0141','mov097','5.0','2008-10-31')
,('user0141','mov169','5.0','2013-11-19')
,('user0141','mov134','4.5','2016-09-05')
,('user0141','mov072','5.0','2011-09-19')
,('user0141','mov214','3.0','2016-06-23')
,('user0141','mov171','4.0','2007-03-27')
,('user0141','mov185','4.5','2013-11-19')
,('user0141','mov020','3.0','2015-09-21')
,('user0141','mov225','4.0','2009-06-23')
,('user0141','mov219','4.0','2016-04-29')
,('user0141','mov075','5.0','2011-02-03')
,('user0141','mov236','5.0','2013-10-17')
,('user0141','mov112','3.5','2014-10-22')
,('user0141','mov139','5.0','2008-04-26')
,('user0141','mov212','4.0','2014-05-05')
,('user0141','mov199','3.5','2016-02-29')
,('user0141','mov009','4.5','2007-01-03')
,('user0141','mov191','5.0','2012-04-20')
,('user0141','mov105','4.5','2008-07-11')
,('user0141','mov063','5.0','2005-05-09')
,('user0141','mov168','5.0','2007-09-07')
,('user0141','mov081','3.0','2013-01-04')
,('user0141','mov024','4.5','2006-05-30')
,('user0142','mov004','4.5','2009-07-02')
,('user0142','mov188','3.5','2014-12-17')
,('user0142','mov100','5.0','2006-10-06')
,('user0142','mov242','4.0','2007-03-25')
,('user0142','mov166','3.0','2013-12-19')
,('user0142','mov048','5.0','2008-01-07')
,('user0142','mov123','3.5','2008-08-09')
,('user0142','mov037','3.5','2011-04-22')
,('user0142','mov249','5.0','2010-03-05')
,('user0142','mov207','3.0','2007-07-05')
,('user0142','mov020','3.0','2014-11-09')
,('user0142','mov089','3.5','2010-10-08')
,('user0142','mov181','4.5','2010-08-30')
,('user0142','mov179','4.5','2009-12-08')
,('user0142','mov210','3.5','2015-10-19')
,('user0142','mov189','4.5','2005-02-01')
,('user0142','mov232','4.0','2014-08-12')
,('user0142','mov192','4.0','2008-06-20')
,('user0142','mov204','3.0','2011-10-12')
,('user0142','mov077','5.0','2008-10-04')
,('user0142','mov045','3.0','2005-12-10')
,('user0142','mov219','5.0','2011-12-14')
,('user0142','mov082','3.0','2015-08-21')
,('user0142','mov076','5.0','2005-11-02')
,('user0143','mov076','3.0','2006-07-24')
,('user0143','mov015','4.0','2008-11-05')
,('user0143','mov136','3.0','2008-03-29')
,('user0143','mov176','4.5','2015-05-27')
,('user0143','mov233','4.0','2007-03-11')
,('user0143','mov021','4.5','2015-02-05')
,('user0143','mov054','4.0','2015-01-21')
,('user0143','mov095','5.0','2015-05-24')
,('user0143','mov030','4.5','2013-08-23')
,('user0143','mov105','3.0','2013-02-04')
,('user0143','mov243','3.0','2012-05-02')
,('user0143','mov013','4.5','2008-10-01')
,('user0143','mov041','4.0','2006-08-30')
,('user0143','mov048','4.5','2007-02-17')
,('user0143','mov044','5.0','2005-05-18')
,('user0143','mov147','3.5','2006-04-10')
,('user0143','mov170','3.0','2010-10-23')
,('user0143','mov043','4.5','2005-11-16')
,('user0143','mov174','5.0','2008-04-21')
,('user0143','mov153','5.0','2006-06-24')
,('user0143','mov189','4.5','2006-03-24')
,('user0143','mov196','3.0','2015-05-18')
,('user0143','mov179','4.5','2013-02-16')
,('user0143','mov024','5.0','2010-12-28')
,('user0143','mov202','5.0','2016-10-14')
,('user0143','mov066','4.0','2009-10-12')
,('user0143','mov083','3.0','2008-12-11')
,('user0143','mov160','5.0','2011-09-18')
,('user0143','mov027','5.0','2013-12-22')
,('user0144','mov129','4.0','2007-12-05')
,('user0144','mov214','3.0','2013-06-03')
,('user0144','mov169','4.5','2005-12-13')
,('user0144','mov005','4.5','2011-06-10')
,('user0144','mov055','5.0','2008-08-05')
,('user0144','mov121','4.0','2015-12-14')
,('user0144','mov036','5.0','2006-10-13')
,('user0144','mov108','3.5','2011-04-24')
,('user0144','mov112','3.5','2005-05-27')
,('user0144','mov168','5.0','2013-06-11')
,('user0144','mov062','3.5','2011-06-13')
,('user0144','mov248','3.5','2008-08-05')
,('user0145','mov186','5.0','2006-10-24')
,('user0145','mov152','5.0','2008-09-13')
,('user0145','mov161','5.0','2005-03-06')
,('user0145','mov071','4.0','2013-08-27')
,('user0145','mov167','4.5','2014-06-27')
,('user0145','mov098','3.0','2008-11-05')
,('user0146','mov207','3.5','2016-08-27')
,('user0146','mov097','4.0','2013-08-22')
,('user0146','mov086','3.5','2005-03-24')
,('user0146','mov198','3.5','2008-03-28')
,('user0146','mov155','3.0','2015-08-13')
,('user0146','mov148','4.5','2006-08-11')
,('user0146','mov184','4.0','2016-05-13')
,('user0146','mov144','3.5','2008-03-27')
,('user0146','mov123','4.0','2010-02-01')
,('user0146','mov105','4.5','2006-07-08')
,('user0146','mov087','4.5','2009-08-14')
,('user0146','mov073','4.5','2012-01-29')
,('user0146','mov049','3.0','2008-07-01')
,('user0146','mov216','3.5','2010-07-15')
,('user0146','mov090','4.0','2014-12-10')
,('user0146','mov244','3.5','2009-04-28')
,('user0146','mov214','4.5','2011-12-23')
,('user0146','mov016','3.5','2007-10-03')
,('user0146','mov176','4.5','2008-02-07')
,('user0146','mov223','5.0','2015-01-31')
,('user0146','mov050','5.0','2012-10-24')
,('user0146','mov099','5.0','2008-08-28')
,('user0146','mov054','5.0','2009-08-17')
,('user0146','mov213','4.5','2006-05-17')
,('user0146','mov038','4.0','2015-05-21')
,('user0146','mov112','5.0','2016-10-20')
,('user0146','mov249','4.0','2015-07-07')
,('user0146','mov179','4.5','2016-04-27')
,('user0146','mov136','3.0','2008-07-10')
,('user0146','mov133','3.5','2015-09-08')
,('user0146','mov187','3.0','2007-09-26')
,('user0146','mov060','3.5','2010-01-14')
,('user0146','mov185','5.0','2005-03-29')
,('user0146','mov021','5.0','2010-08-20')
,('user0146','mov154','3.0','2010-08-01')
,('user0146','mov196','3.0','2010-04-11')
,('user0146','mov070','3.5','2015-03-13')
,('user0146','mov113','4.0','2007-03-11')
,('user0146','mov103','5.0','2015-01-29')
,('user0146','mov064','3.0','2006-03-07')
,('user0146','mov165','3.0','2008-01-12')
,('user0146','mov032','3.0','2011-11-21')
,('user0146','mov186','3.5','2008-07-26')
,('user0146','mov215','4.5','2011-05-20')
,('user0147','mov050','5.0','2006-02-23')
,('user0147','mov130','3.5','2006-02-02')
,('user0147','mov194','4.5','2005-03-07')
,('user0147','mov224','3.0','2007-11-22')
,('user0147','mov062','3.0','2014-11-17')
,('user0147','mov068','4.5','2010-05-19')
,('user0147','mov167','4.5','2014-02-18')
,('user0147','mov200','4.5','2009-03-15')
,('user0148','mov069','4.0','2005-09-11')
,('user0148','mov171','3.5','2013-06-22')
,('user0148','mov145','4.0','2015-08-23')
,('user0148','mov001','4.0','2007-09-12')
,('user0148','mov128','3.0','2014-10-23')
,('user0148','mov054','4.0','2010-04-23')
,('user0148','mov230','3.0','2014-01-17')
,('user0148','mov005','3.0','2010-02-22')
,('user0148','mov087','4.0','2005-12-25')
,('user0148','mov110','3.5','2009-10-02')
,('user0148','mov176','3.5','2007-01-21')
,('user0148','mov192','3.0','2009-05-19')
,('user0148','mov172','4.0','2015-06-02')
,('user0148','mov180','3.5','2006-09-28')
,('user0148','mov164','4.5','2007-03-13')
,('user0148','mov043','4.0','2012-11-11')
,('user0148','mov042','3.5','2012-09-30')
,('user0148','mov191','4.0','2005-12-04')
,('user0148','mov021','4.0','2012-10-30')
,('user0148','mov242','4.5','2008-06-19')
,('user0148','mov032','5.0','2012-03-13')
,('user0148','mov243','3.5','2005-01-03')
,('user0148','mov174','3.5','2016-05-15')
,('user0148','mov156','4.5','2008-11-01')
,('user0148','mov152','3.5','2005-05-23')
,('user0148','mov221','4.0','2006-01-17')
,('user0148','mov031','4.5','2016-01-05')
,('user0148','mov130','3.5','2005-08-18')
,('user0148','mov228','3.5','2016-06-06')
,('user0148','mov050','4.0','2010-06-13')
,('user0148','mov232','5.0','2007-09-28')
,('user0148','mov072','5.0','2006-03-12')
,('user0149','mov187','4.5','2014-10-23')
,('user0149','mov040','4.0','2009-12-30')
,('user0149','mov226','4.0','2012-12-03')
,('user0149','mov015','5.0','2006-10-24')
,('user0149','mov051','3.0','2008-09-26')
,('user0149','mov087','4.5','2012-02-20')
,('user0149','mov208','3.5','2014-08-11')
,('user0149','mov205','4.0','2008-06-19')
,('user0150','mov174','4.0','2015-07-28')
,('user0150','mov172','4.0','2014-02-10')
,('user0150','mov125','4.0','2009-01-28')
,('user0150','mov065','3.0','2008-06-27')
,('user0150','mov024','3.5','2014-11-22')
,('user0150','mov145','5.0','2014-12-18')
,('user0150','mov017','3.0','2006-02-27')
,('user0150','mov136','4.5','2006-04-24')
,('user0150','mov027','3.0','2006-10-19')
,('user0150','mov239','4.5','2014-07-26')
,('user0150','mov001','3.0','2013-03-13')
,('user0150','mov128','4.5','2014-12-17')
,('user0150','mov198','3.5','2012-04-09')
,('user0150','mov149','5.0','2013-02-07')
,('user0150','mov161','4.0','2014-02-14')
,('user0150','mov067','4.0','2007-12-07')
,('user0150','mov079','4.0','2007-01-12')
,('user0150','mov186','3.5','2008-07-11')
,('user0150','mov228','5.0','2006-11-14')
,('user0150','mov022','5.0','2007-04-03')
,('user0150','mov031','5.0','2007-04-13')
,('user0150','mov203','5.0','2008-10-27')
,('user0150','mov217','4.0','2016-01-25')
,('user0150','mov099','4.5','2012-11-26')
,('user0150','mov205','3.0','2014-05-14')
,('user0150','mov094','3.5','2015-03-14')
,('user0150','mov209','3.0','2010-09-01')
,('user0150','mov003','4.0','2005-07-12')
,('user0150','mov175','4.0','2005-04-07')
,('user0150','mov169','4.0','2008-01-30')
,('user0150','mov141','5.0','2005-07-13')
,('user0150','mov139','3.5','2005-12-02')
,('user0150','mov063','3.0','2014-07-01')
,('user0150','mov177','3.5','2006-03-14')
,('user0150','mov019','3.0','2013-10-05')
,('user0150','mov238','3.5','2011-05-19')
,('user0150','mov248','3.5','2012-02-12')
,('user0150','mov032','4.0','2013-01-08')
,('user0150','mov116','3.5','2013-06-18')
,('user0150','mov105','4.5','2015-08-30')
,('user0151','mov088','4.5','2016-04-25')
,('user0151','mov184','4.5','2013-05-10')
,('user0151','mov039','3.5','2012-04-23')
,('user0151','mov054','5.0','2014-02-09')
,('user0151','mov150','3.0','2010-10-03')
,('user0152','mov166','5.0','2010-03-29')
,('user0152','mov066','3.5','2015-09-09')
,('user0152','mov167','3.5','2011-11-14')
,('user0152','mov205','3.0','2006-09-18')
,('user0152','mov125','3.5','2010-07-10')
,('user0152','mov187','4.0','2005-05-20')
,('user0152','mov081','5.0','2016-04-05')
,('user0152','mov076','4.5','2007-02-05')
,('user0152','mov101','5.0','2007-07-23')
,('user0152','mov060','3.0','2009-03-27')
,('user0152','mov025','4.0','2011-04-11')
,('user0152','mov172','3.5','2014-04-08')
,('user0152','mov178','4.0','2006-11-25')
,('user0152','mov227','3.0','2012-11-10')
,('user0152','mov196','4.0','2007-05-04')
,('user0152','mov104','4.5','2016-04-19')
,('user0152','mov174','5.0','2013-05-27')
,('user0152','mov018','3.5','2015-02-12')
,('user0152','mov048','5.0','2011-07-20')
,('user0152','mov036','3.0','2009-11-28')
,('user0152','mov008','5.0','2014-09-12')
,('user0152','mov073','3.5','2013-07-24')
,('user0152','mov068','3.0','2007-08-06')
,('user0152','mov121','5.0','2016-10-17')
,('user0152','mov106','4.0','2016-02-09')
,('user0152','mov038','4.0','2005-04-29')
,('user0152','mov207','3.5','2007-12-07')
,('user0152','mov015','4.5','2005-11-13')
,('user0152','mov153','3.5','2007-02-24')
,('user0152','mov233','5.0','2008-06-28')
,('user0152','mov059','4.0','2008-01-05')
,('user0152','mov154','3.5','2007-08-13')
,('user0152','mov012','4.5','2015-10-04')
,('user0152','mov242','3.0','2007-12-26')
,('user0152','mov046','4.5','2007-04-23')
,('user0152','mov211','4.0','2006-11-12')
,('user0152','mov139','4.0','2007-12-16')
,('user0152','mov055','4.0','2014-07-07')
,('user0153','mov089','3.0','2008-01-10')
,('user0153','mov209','4.0','2011-04-10')
,('user0153','mov211','3.0','2011-05-02')
,('user0153','mov118','4.0','2008-04-24')
,('user0153','mov212','5.0','2012-01-11')
,('user0153','mov191','3.5','2014-05-19')
,('user0153','mov133','4.0','2009-02-25')
,('user0153','mov026','4.0','2016-06-22')
,('user0153','mov090','4.5','2013-05-21')
,('user0153','mov096','4.5','2014-09-24')
,('user0153','mov025','4.5','2007-06-22')
,('user0153','mov231','3.5','2007-08-24')
,('user0153','mov048','4.0','2010-05-05')
,('user0153','mov205','3.5','2007-01-09')
,('user0154','mov226','5.0','2012-06-10')
,('user0154','mov050','4.5','2008-09-23')
,('user0154','mov082','4.0','2016-04-25')
,('user0154','mov158','3.5','2009-02-17')
,('user0154','mov029','3.0','2008-07-28')
,('user0154','mov152','3.5','2009-10-28')
,('user0154','mov236','3.5','2014-08-26')
,('user0154','mov200','4.5','2008-11-13')
,('user0154','mov118','4.5','2010-05-04')
,('user0154','mov115','4.0','2007-12-14')
,('user0154','mov201','5.0','2010-04-27')
,('user0154','mov195','3.5','2011-09-26')
,('user0154','mov107','5.0','2007-04-16')
,('user0154','mov012','3.0','2005-02-13')
,('user0154','mov110','4.5','2008-12-15')
,('user0154','mov130','3.5','2014-07-07')
,('user0154','mov079','4.0','2007-12-23')
,('user0154','mov049','4.0','2012-12-25')
,('user0155','mov148','3.0','2009-12-12')
,('user0155','mov021','4.5','2015-08-24')
,('user0155','mov082','3.5','2013-07-13')
,('user0155','mov075','5.0','2007-03-02')
,('user0155','mov070','3.0','2007-09-07')
,('user0155','mov206','5.0','2016-05-01')
,('user0155','mov030','3.0','2014-09-20')
,('user0155','mov004','4.0','2006-02-07')
,('user0155','mov117','4.5','2016-09-18')
,('user0155','mov094','3.5','2005-08-01')
,('user0155','mov008','4.0','2013-12-15')
,('user0155','mov157','3.0','2005-05-24')
,('user0155','mov084','3.0','2008-08-15')
,('user0156','mov026','4.0','2012-10-17')
,('user0156','mov198','5.0','2011-08-02')
,('user0156','mov080','4.5','2012-12-05')
,('user0156','mov159','4.0','2016-09-28')
,('user0156','mov173','3.5','2013-04-23')
,('user0156','mov143','3.0','2011-10-29')
,('user0156','mov022','4.5','2005-02-05')
,('user0156','mov002','4.5','2014-01-18')
,('user0156','mov038','5.0','2013-03-23')
,('user0156','mov112','3.5','2008-08-06')
,('user0156','mov020','3.5','2007-08-03')
,('user0156','mov233','3.5','2010-09-02')
,('user0156','mov031','5.0','2007-06-23')
,('user0156','mov157','3.0','2005-04-16')
,('user0156','mov175','5.0','2014-09-06')
,('user0156','mov189','3.5','2012-05-06')
,('user0156','mov192','3.0','2009-06-09')
,('user0156','mov039','4.0','2010-12-13')
,('user0156','mov059','4.5','2015-07-26')
,('user0156','mov028','3.0','2006-03-27')
,('user0156','mov155','3.0','2016-07-12')
,('user0156','mov060','3.0','2006-02-26')
,('user0156','mov178','4.0','2010-01-10')
,('user0156','mov224','5.0','2016-01-12')
,('user0156','mov122','5.0','2009-10-22')
,('user0156','mov062','4.0','2006-03-17')
,('user0157','mov039','3.0','2013-02-12')
,('user0157','mov160','3.5','2010-01-08')
,('user0157','mov080','5.0','2010-12-07')
,('user0157','mov142','4.0','2009-02-25')
,('user0157','mov202','3.0','2015-04-10')
,('user0157','mov211','3.0','2015-09-04')
,('user0158','mov008','5.0','2012-09-01')
,('user0158','mov218','4.5','2015-04-27')
,('user0158','mov113','3.0','2009-03-20')
,('user0158','mov172','5.0','2014-06-04')
,('user0158','mov064','5.0','2006-12-30')
,('user0158','mov131','5.0','2016-04-15')
,('user0158','mov135','3.5','2014-01-11')
,('user0158','mov179','4.0','2005-04-11')
,('user0158','mov134','3.5','2010-10-27')
,('user0158','mov117','3.0','2009-03-24')
,('user0158','mov248','4.5','2006-09-17')
,('user0158','mov082','4.5','2010-01-09')
,('user0158','mov191','4.5','2016-11-01')
,('user0158','mov157','3.0','2006-09-25')
,('user0158','mov038','3.5','2013-03-06')
,('user0158','mov093','3.0','2014-04-08')
,('user0158','mov048','3.5','2015-01-30')
,('user0158','mov245','3.0','2008-12-20')
,('user0158','mov209','5.0','2016-06-12')
,('user0158','mov080','3.0','2011-03-22')
,('user0158','mov090','4.5','2009-11-23')
,('user0158','mov030','3.0','2014-01-14')
,('user0158','mov115','5.0','2011-01-01')
,('user0158','mov039','3.5','2012-02-18')
,('user0158','mov111','5.0','2013-05-20')
,('user0158','mov183','5.0','2010-11-18')
,('user0158','mov228','3.5','2012-09-11')
,('user0158','mov005','3.0','2008-11-07')
,('user0158','mov018','4.5','2006-02-12')
,('user0158','mov125','4.0','2006-12-05')
,('user0158','mov144','4.5','2015-05-29')
,('user0158','mov181','4.5','2014-03-11')
,('user0158','mov163','3.5','2005-05-15')
,('user0158','mov127','4.0','2006-11-10')
,('user0158','mov103','3.0','2015-02-09')
,('user0158','mov167','4.0','2016-09-28')
,('user0158','mov225','3.0','2010-03-26')
,('user0158','mov003','5.0','2015-02-21')
,('user0158','mov110','3.0','2015-10-21')
,('user0158','mov145','4.5','2006-08-29')
,('user0159','mov005','4.5','2016-09-17')
,('user0159','mov067','4.5','2012-01-10')
,('user0159','mov058','4.5','2007-08-18')
,('user0159','mov096','4.5','2015-02-27')
,('user0159','mov059','4.0','2016-05-03')
,('user0159','mov223','3.0','2011-10-24')
,('user0159','mov117','4.0','2011-02-24')
,('user0159','mov085','3.0','2014-12-03')
,('user0159','mov047','5.0','2005-06-11')
,('user0159','mov179','4.0','2007-09-18')
,('user0160','mov070','3.5','2007-01-07')
,('user0160','mov024','3.5','2006-10-12')
,('user0160','mov140','4.5','2016-06-15')
,('user0160','mov032','5.0','2005-07-24')
,('user0160','mov179','3.0','2006-06-12')
,('user0160','mov057','4.0','2010-12-22')
,('user0160','mov062','4.5','2016-02-23')
,('user0160','mov211','5.0','2012-08-28')
,('user0160','mov021','5.0','2014-03-06')
,('user0160','mov045','4.0','2012-11-14')
,('user0160','mov017','3.5','2005-08-13')
,('user0160','mov052','3.5','2016-03-13')
,('user0160','mov118','4.0','2014-01-02')
,('user0160','mov155','3.0','2015-09-24')
,('user0160','mov060','3.5','2009-10-07')
,('user0160','mov177','5.0','2006-07-08')
,('user0160','mov030','4.5','2007-03-13')
,('user0160','mov122','3.5','2016-10-30')
,('user0160','mov184','4.5','2011-05-27')
,('user0160','mov050','3.5','2005-01-03')
,('user0160','mov232','3.0','2009-09-30')
,('user0160','mov081','5.0','2011-11-18')
,('user0160','mov236','4.5','2012-01-22')
,('user0161','mov111','3.0','2016-02-12')
,('user0161','mov171','3.0','2009-08-31')
,('user0161','mov159','5.0','2012-09-22')
,('user0161','mov119','4.5','2014-02-22')
,('user0161','mov086','5.0','2010-10-11')
,('user0161','mov157','4.0','2016-03-10')
,('user0161','mov046','5.0','2005-11-29')
,('user0161','mov188','3.0','2015-03-01')
,('user0161','mov179','5.0','2013-05-07')
,('user0161','mov043','3.0','2007-03-17')
,('user0161','mov158','3.0','2010-11-04')
,('user0161','mov213','4.5','2005-03-05')
,('user0161','mov177','3.0','2005-07-04')
,('user0161','mov218','5.0','2012-06-11')
,('user0161','mov186','4.0','2008-01-29')
,('user0161','mov121','3.5','2014-10-27')
,('user0161','mov079','4.0','2008-11-12')
,('user0161','mov114','4.0','2007-10-23')
,('user0161','mov166','4.0','2005-01-30')
,('user0161','mov207','4.5','2010-05-15')
,('user0161','mov006','3.5','2015-06-30')
,('user0161','mov141','3.5','2006-10-01')
,('user0161','mov129','4.5','2015-07-25')
,('user0161','mov226','4.5','2012-03-11')
,('user0161','mov235','4.0','2005-01-04')
,('user0161','mov101','4.0','2005-08-23')
,('user0161','mov229','3.0','2005-05-10')
,('user0161','mov110','4.5','2007-04-14')
,('user0161','mov038','4.5','2014-04-15')
,('user0161','mov047','3.0','2009-04-25')
,('user0161','mov151','3.5','2010-02-18')
,('user0161','mov112','5.0','2010-01-27')
,('user0161','mov009','3.5','2013-11-19')
,('user0162','mov082','3.5','2005-08-30')
,('user0162','mov115','3.0','2015-10-05')
,('user0162','mov133','3.0','2005-02-14')
,('user0162','mov123','4.5','2014-06-15')
,('user0162','mov124','3.5','2009-05-18')
,('user0162','mov068','4.0','2013-06-25')
,('user0162','mov236','4.5','2012-06-28')
,('user0162','mov198','3.0','2014-05-15')
,('user0162','mov066','4.0','2007-07-10')
,('user0162','mov215','5.0','2013-12-11')
,('user0162','mov222','3.0','2015-11-04')
,('user0162','mov142','4.5','2010-10-07')
,('user0162','mov037','3.0','2013-12-28')
,('user0162','mov158','4.5','2011-03-25')
,('user0162','mov032','4.0','2008-09-11')
,('user0162','mov114','5.0','2011-11-27')
,('user0162','mov179','3.5','2011-01-24')
,('user0162','mov094','5.0','2016-08-31')
,('user0162','mov011','3.0','2006-04-11')
,('user0162','mov051','4.0','2015-07-20')
,('user0162','mov085','5.0','2012-11-24')
,('user0162','mov160','5.0','2016-03-19')
,('user0162','mov181','3.5','2009-09-26')
,('user0162','mov195','3.0','2015-10-09')
,('user0163','mov071','5.0','2014-03-03')
,('user0163','mov214','3.5','2008-11-20')
,('user0163','mov175','4.5','2007-05-24')
,('user0163','mov017','5.0','2005-07-25')
,('user0163','mov013','5.0','2013-02-08')
,('user0163','mov011','3.0','2014-05-13')
,('user0163','mov063','3.5','2014-04-17')
,('user0163','mov156','4.5','2010-03-17')
,('user0163','mov005','4.0','2015-09-27')
,('user0163','mov014','4.0','2013-09-23')
,('user0163','mov223','3.5','2006-10-06')
,('user0163','mov242','3.5','2011-09-04')
,('user0163','mov247','5.0','2008-05-07')
,('user0163','mov002','4.5','2013-06-10')
,('user0163','mov210','5.0','2005-12-01')
,('user0163','mov064','3.0','2011-04-13')
,('user0163','mov165','4.0','2014-05-26')
,('user0163','mov105','3.5','2012-05-13')
,('user0163','mov003','3.5','2011-08-25')
,('user0163','mov222','4.5','2012-11-01')
,('user0163','mov237','4.5','2008-07-04')
,('user0163','mov107','3.0','2011-01-30')
,('user0163','mov081','5.0','2009-09-08')
,('user0163','mov113','5.0','2012-05-30')
,('user0163','mov220','3.5','2012-11-29')
,('user0164','mov109','3.0','2012-02-23')
,('user0164','mov120','3.0','2014-02-02')
,('user0164','mov221','3.0','2007-11-25')
,('user0164','mov035','4.5','2005-05-10')
,('user0164','mov032','4.5','2012-11-11')
,('user0164','mov166','4.0','2011-11-02')
,('user0164','mov026','4.5','2014-08-18')
,('user0164','mov046','5.0','2005-04-21')
,('user0164','mov029','3.0','2006-09-28')
,('user0164','mov103','5.0','2011-10-05')
,('user0164','mov213','4.0','2011-01-04')
,('user0164','mov209','4.0','2016-03-09')
,('user0164','mov191','3.0','2008-08-06')
,('user0164','mov245','4.5','2009-04-20')
,('user0164','mov134','3.5','2011-01-22')
,('user0164','mov203','3.5','2015-01-04')
,('user0164','mov003','3.0','2010-05-02')
,('user0164','mov102','4.0','2006-10-13')
,('user0164','mov009','3.5','2016-04-16')
,('user0164','mov182','5.0','2015-07-19')
,('user0165','mov134','4.5','2016-09-13')
,('user0165','mov239','4.5','2006-04-09')
,('user0165','mov064','4.5','2016-01-14')
,('user0165','mov161','5.0','2007-06-19')
,('user0165','mov081','3.5','2005-05-28')
,('user0165','mov195','5.0','2008-11-04')
,('user0165','mov077','3.5','2012-02-15')
,('user0165','mov112','4.5','2008-02-12')
,('user0165','mov243','4.5','2011-03-10')
,('user0165','mov094','4.0','2015-08-23')
,('user0165','mov203','5.0','2006-06-17')
,('user0165','mov003','3.0','2006-02-15')
,('user0165','mov172','3.5','2005-09-28')
,('user0165','mov082','3.0','2011-05-11')
,('user0165','mov205','3.0','2012-07-01')
,('user0165','mov215','5.0','2005-12-22')
,('user0165','mov240','4.0','2010-06-19')
,('user0165','mov170','4.0','2008-05-31')
,('user0165','mov192','3.0','2013-10-01')
,('user0165','mov033','4.5','2007-03-31')
,('user0166','mov037','4.5','2013-10-05')
,('user0166','mov134','3.0','2007-09-10')
,('user0166','mov033','5.0','2015-02-19')
,('user0166','mov087','4.5','2013-08-20')
,('user0166','mov136','4.0','2011-06-25')
,('user0166','mov234','5.0','2005-09-05')
,('user0166','mov020','4.5','2005-12-29')
,('user0166','mov218','4.5','2009-05-24')
,('user0166','mov041','4.0','2007-02-18')
,('user0166','mov151','4.0','2016-08-14')
,('user0166','mov014','4.5','2013-12-11')
,('user0166','mov071','3.0','2013-02-24')
,('user0166','mov183','3.5','2007-04-24')
,('user0166','mov179','3.5','2010-03-26')
,('user0166','mov142','5.0','2009-03-18')
,('user0166','mov205','3.0','2005-06-27')
,('user0166','mov224','5.0','2015-07-25')
,('user0166','mov220','4.5','2006-10-15')
,('user0166','mov240','3.0','2016-06-17')
,('user0166','mov162','4.0','2010-06-06')
,('user0166','mov211','3.5','2007-08-08')
,('user0166','mov056','3.0','2009-03-07')
,('user0166','mov126','3.0','2010-08-06')
,('user0167','mov131','4.5','2015-10-13')
,('user0167','mov070','4.0','2007-06-28')
,('user0167','mov215','3.0','2016-02-24')
,('user0167','mov006','4.5','2014-02-07')
,('user0167','mov210','4.0','2005-05-30')
,('user0167','mov042','3.0','2015-07-22')
,('user0167','mov038','4.0','2010-03-25')
,('user0167','mov167','4.0','2006-05-12')
,('user0167','mov004','3.5','2007-05-26')
,('user0167','mov248','3.0','2016-07-01')
,('user0167','mov213','4.0','2015-10-24')
,('user0167','mov179','3.0','2007-04-19')
,('user0167','mov176','3.0','2007-09-30')
,('user0167','mov034','4.5','2008-06-17')
,('user0167','mov013','4.0','2010-02-02')
,('user0167','mov010','3.0','2013-07-05')
,('user0167','mov246','3.5','2009-01-14')
,('user0167','mov015','5.0','2008-09-01')
,('user0167','mov160','5.0','2006-06-02')
,('user0168','mov018','4.5','2016-01-11')
,('user0168','mov062','4.0','2016-10-28')
,('user0168','mov063','4.0','2011-12-27')
,('user0168','mov181','4.5','2014-01-24')
,('user0168','mov017','3.5','2014-10-15')
,('user0168','mov219','4.0','2009-03-22')
,('user0168','mov128','4.0','2010-05-10')
,('user0168','mov110','4.0','2013-01-16')
,('user0168','mov046','4.0','2013-12-14')
,('user0168','mov249','3.0','2012-03-02')
,('user0168','mov199','3.5','2006-05-06')
,('user0168','mov074','5.0','2016-04-13')
,('user0168','mov008','4.0','2006-03-06')
,('user0168','mov206','3.5','2007-12-23')
,('user0168','mov170','4.5','2009-09-03')
,('user0168','mov169','3.0','2012-01-12')
,('user0168','mov104','3.5','2011-10-05')
,('user0168','mov093','5.0','2013-05-16')
,('user0168','mov172','3.5','2013-12-24')
,('user0168','mov042','4.0','2005-01-29')
,('user0168','mov044','4.0','2008-03-15')
,('user0168','mov091','4.0','2008-11-07')
,('user0168','mov229','3.0','2009-02-22')
,('user0168','mov146','4.5','2012-10-30')
,('user0168','mov228','4.5','2006-08-25')
,('user0168','mov048','3.0','2009-02-04')
,('user0168','mov082','4.5','2011-03-28')
,('user0168','mov076','4.5','2008-01-25')
,('user0168','mov065','4.5','2008-04-29')
,('user0168','mov058','3.5','2006-07-18')
,('user0168','mov148','4.0','2016-09-26')
,('user0168','mov043','5.0','2010-09-07')
,('user0168','mov005','4.5','2016-07-23')
,('user0168','mov130','3.5','2007-01-18')
,('user0168','mov075','3.0','2005-10-21')
,('user0168','mov117','3.0','2012-06-25')
,('user0168','mov241','4.5','2014-01-20')
,('user0168','mov087','3.0','2016-03-25')
,('user0168','mov103','4.5','2016-01-09')
,('user0168','mov150','3.5','2005-06-30')
,('user0168','mov071','4.5','2008-11-23')
,('user0168','mov124','5.0','2009-08-20')
,('user0168','mov073','4.5','2005-06-22')
,('user0168','mov230','3.5','2005-01-06')
,('user0169','mov017','3.5','2011-02-24')
,('user0169','mov026','5.0','2008-12-19')
,('user0169','mov064','4.0','2013-08-14')
,('user0169','mov073','3.5','2011-09-12')
,('user0169','mov136','5.0','2014-01-31')
,('user0169','mov147','4.5','2006-03-31')
,('user0169','mov185','4.5','2016-01-06')
,('user0169','mov007','5.0','2010-05-13')
,('user0169','mov139','4.0','2013-12-22')
,('user0169','mov165','4.5','2014-08-13')
,('user0169','mov177','4.5','2013-08-24')
,('user0169','mov024','4.0','2008-09-26')
,('user0169','mov009','5.0','2005-10-30')
,('user0169','mov138','3.5','2010-09-10')
,('user0169','mov093','4.5','2006-08-05')
,('user0169','mov060','3.5','2010-12-12')
,('user0170','mov195','3.5','2012-01-31')
,('user0170','mov104','5.0','2010-04-27')
,('user0170','mov221','3.0','2006-04-11')
,('user0170','mov009','4.0','2006-11-04')
,('user0170','mov111','5.0','2010-03-14')
,('user0170','mov017','3.5','2013-09-28')
,('user0170','mov003','4.0','2007-11-01')
,('user0170','mov148','5.0','2009-11-18')
,('user0171','mov191','3.5','2007-08-06')
,('user0171','mov211','5.0','2005-02-05')
,('user0171','mov149','3.0','2006-11-06')
,('user0171','mov126','5.0','2005-01-03')
,('user0171','mov046','4.5','2016-05-10')
,('user0171','mov102','3.0','2006-09-11')
,('user0171','mov198','3.0','2007-10-29')
,('user0171','mov089','4.5','2008-05-21')
,('user0171','mov179','3.5','2011-08-25')
,('user0171','mov242','4.0','2015-03-05')
,('user0171','mov026','5.0','2009-02-11')
,('user0171','mov246','3.5','2014-10-06')
,('user0171','mov070','3.0','2008-06-10')
,('user0171','mov173','5.0','2013-08-30')
,('user0171','mov029','5.0','2010-05-05')
,('user0171','mov158','4.5','2015-07-28')
,('user0171','mov234','4.5','2016-03-11')
,('user0171','mov002','3.5','2016-01-19')
,('user0171','mov231','4.0','2016-08-06')
,('user0171','mov111','4.0','2007-03-24')
,('user0171','mov190','3.0','2014-08-12')
,('user0171','mov013','3.0','2013-04-19')
,('user0171','mov084','4.5','2015-01-11')
,('user0171','mov077','4.5','2014-05-25')
,('user0171','mov045','3.5','2010-10-26')
,('user0171','mov119','5.0','2013-05-26')
,('user0171','mov061','3.5','2012-12-24')
,('user0171','mov072','4.0','2012-05-06')
,('user0171','mov073','3.0','2015-04-28')
,('user0171','mov003','3.5','2016-10-09')
,('user0171','mov202','3.5','2010-06-28')
,('user0171','mov023','4.5','2005-01-26')
,('user0171','mov051','4.0','2013-01-31')
,('user0171','mov006','3.0','2008-08-18')
,('user0172','mov106','3.5','2006-03-25')
,('user0172','mov057','4.5','2007-06-24')
,('user0172','mov140','4.0','2014-06-05')
,('user0172','mov207','5.0','2014-01-23')
,('user0172','mov065','4.5','2006-01-31')
,('user0172','mov087','4.5','2014-07-22')
,('user0172','mov080','3.5','2009-02-12')
,('user0172','mov044','3.0','2011-09-11')
,('user0172','mov136','3.5','2015-07-06')
,('user0172','mov199','5.0','2009-04-20')
,('user0172','mov201','4.0','2014-11-06')
,('user0172','mov144','4.5','2005-07-11')
,('user0172','mov162','3.5','2007-05-29')
,('user0172','mov134','3.0','2013-01-03')
,('user0172','mov093','4.5','2014-01-09')
,('user0172','mov243','3.0','2009-10-25')
,('user0172','mov130','3.0','2012-07-23')
,('user0172','mov071','3.0','2005-01-28')
,('user0172','mov019','5.0','2008-09-17')
,('user0172','mov139','3.5','2006-11-26')
,('user0172','mov168','4.5','2015-07-09')
,('user0172','mov242','5.0','2006-02-07')
,('user0172','mov105','4.5','2007-03-17')
,('user0172','mov150','3.0','2010-05-20')
,('user0172','mov056','4.0','2014-08-01')
,('user0172','mov024','5.0','2009-06-26')
,('user0172','mov195','5.0','2006-04-08')
,('user0172','mov002','3.5','2012-08-11')
,('user0172','mov217','3.5','2006-06-12')
,('user0172','mov018','5.0','2010-10-20')
,('user0173','mov237','5.0','2007-08-24')
,('user0173','mov215','5.0','2007-05-24')
,('user0173','mov128','5.0','2014-10-28')
,('user0173','mov033','5.0','2009-12-15')
,('user0173','mov039','4.5','2014-02-07')
,('user0173','mov105','3.0','2013-11-09')
,('user0173','mov027','5.0','2011-02-13')
,('user0173','mov005','3.5','2006-05-12')
,('user0173','mov222','4.5','2013-07-10')
,('user0173','mov212','4.5','2015-06-24')
,('user0173','mov142','3.0','2015-09-18')
,('user0173','mov147','4.5','2013-09-14')
,('user0173','mov054','3.0','2005-10-21')
,('user0173','mov143','3.5','2006-09-02')
,('user0173','mov082','5.0','2016-01-12')
,('user0173','mov055','4.0','2006-04-07')
,('user0173','mov014','4.5','2009-06-23')
,('user0173','mov067','3.0','2009-06-04')
,('user0173','mov213','3.0','2007-10-02')
,('user0173','mov006','3.0','2010-01-16')
,('user0173','mov085','4.0','2006-02-28')
,('user0173','mov007','4.0','2013-05-06')
,('user0173','mov051','5.0','2015-12-27')
,('user0173','mov064','3.0','2015-09-29')
,('user0173','mov188','5.0','2010-11-27')
,('user0173','mov086','3.0','2015-08-28')
,('user0173','mov126','4.5','2013-10-26')
,('user0173','mov249','3.0','2005-07-09')
,('user0173','mov073','4.0','2006-09-15')
,('user0173','mov059','4.5','2006-09-14')
,('user0173','mov058','4.0','2016-07-09')
,('user0173','mov169','5.0','2005-04-28')
,('user0173','mov173','3.0','2015-06-19')
,('user0173','mov217','3.0','2011-01-23')
,('user0173','mov162','5.0','2012-11-05')
,('user0173','mov194','4.0','2015-11-09')
,('user0173','mov078','3.0','2007-02-13')
,('user0173','mov013','3.0','2007-02-11')
,('user0173','mov061','3.5','2006-06-25')
,('user0173','mov092','3.5','2008-03-09')
,('user0173','mov110','3.5','2006-07-15')
,('user0173','mov234','3.0','2008-06-26')
,('user0173','mov045','3.0','2007-05-11')
,('user0173','mov176','5.0','2005-06-12')
,('user0173','mov099','4.0','2007-06-13')
,('user0173','mov063','5.0','2007-12-15')
,('user0173','mov120','3.5','2012-03-25')
,('user0173','mov077','4.0','2011-06-07')
,('user0173','mov244','5.0','2007-07-22')
,('user0173','mov008','3.5','2006-07-07')
,('user0174','mov196','4.5','2013-02-25')
,('user0174','mov037','3.0','2010-01-29')
,('user0174','mov148','4.0','2008-05-20')
,('user0174','mov060','3.0','2006-11-10')
,('user0174','mov069','4.0','2009-07-26')
,('user0174','mov100','4.5','2008-11-11')
,('user0174','mov149','3.5','2011-12-31')
,('user0174','mov111','4.0','2005-05-14')
,('user0174','mov009','5.0','2006-01-23')
,('user0174','mov205','4.0','2014-02-26')
,('user0174','mov154','3.5','2007-09-08')
,('user0174','mov197','4.5','2008-06-14')
,('user0174','mov016','3.0','2014-09-16')
,('user0174','mov082','3.5','2014-06-01')
,('user0174','mov063','4.0','2005-08-22')
,('user0174','mov044','5.0','2011-03-29')
,('user0174','mov030','4.0','2008-05-27')
,('user0174','mov241','3.0','2006-12-20')
,('user0174','mov161','3.0','2008-08-16')
,('user0175','mov202','4.0','2007-08-22')
,('user0175','mov002','5.0','2008-03-04')
,('user0175','mov046','4.0','2016-04-16')
,('user0175','mov140','4.5','2010-04-14')
,('user0175','mov211','3.0','2009-11-24')
,('user0175','mov025','4.0','2010-11-06')
,('user0175','mov026','3.5','2006-05-09')
,('user0175','mov193','4.0','2010-04-12')
,('user0176','mov029','4.5','2008-02-18')
,('user0176','mov105','4.0','2011-09-26')
,('user0176','mov086','4.0','2010-05-31')
,('user0176','mov216','3.0','2007-10-20')
,('user0176','mov044','5.0','2011-02-02')
,('user0176','mov234','4.5','2011-02-24')
,('user0176','mov159','4.5','2014-04-09')
,('user0176','mov177','4.5','2013-02-15')
,('user0176','mov212','4.0','2011-01-28')
,('user0176','mov092','4.5','2008-01-27')
,('user0176','mov199','4.0','2011-08-21')
,('user0176','mov111','4.5','2012-06-02')
,('user0176','mov063','4.5','2006-09-18')
,('user0177','mov176','4.5','2014-12-13')
,('user0177','mov245','4.5','2012-04-30')
,('user0177','mov156','4.0','2014-11-09')
,('user0177','mov233','3.5','2006-02-26')
,('user0177','mov164','3.5','2005-02-10')
,('user0177','mov050','3.5','2012-12-30')
,('user0177','mov040','3.5','2013-10-29')
,('user0177','mov107','4.5','2015-11-03')
,('user0177','mov073','5.0','2007-01-28')
,('user0177','mov138','3.5','2010-07-16')
,('user0177','mov125','5.0','2008-06-04')
,('user0177','mov188','3.5','2012-05-11')
,('user0177','mov083','3.0','2015-05-31')
,('user0177','mov173','3.5','2016-03-18')
,('user0177','mov168','3.0','2005-10-24')
,('user0177','mov111','4.0','2012-12-04')
,('user0177','mov146','5.0','2006-03-18')
,('user0177','mov014','3.0','2012-11-03')
,('user0177','mov133','3.0','2012-01-10')
,('user0177','mov072','5.0','2013-01-03')
,('user0177','mov113','4.5','2014-07-12')
,('user0177','mov207','3.0','2010-02-07')
,('user0177','mov021','4.0','2007-11-29')
,('user0177','mov033','4.0','2011-07-02')
,('user0177','mov194','4.0','2013-01-22')
,('user0178','mov162','3.0','2008-12-18')
,('user0178','mov116','3.5','2008-09-20')
,('user0178','mov091','5.0','2016-08-27')
,('user0178','mov187','4.0','2014-06-08')
,('user0178','mov242','5.0','2016-10-26')
,('user0178','mov030','5.0','2009-05-20')
,('user0178','mov059','5.0','2013-02-22')
,('user0178','mov124','4.0','2012-12-21')
,('user0178','mov213','5.0','2006-02-19')
,('user0178','mov007','3.5','2015-05-06')
,('user0178','mov111','4.5','2013-10-23')
,('user0178','mov031','3.5','2010-11-28')
,('user0178','mov010','4.5','2013-02-15')
,('user0178','mov140','3.0','2007-11-20')
,('user0178','mov071','3.0','2010-06-16')
,('user0178','mov190','4.0','2009-02-24')
,('user0178','mov049','4.0','2014-11-09')
,('user0178','mov061','3.0','2007-01-08')
,('user0178','mov239','3.0','2007-02-20')
,('user0179','mov167','3.0','2014-06-03')
,('user0179','mov090','4.5','2014-02-25')
,('user0179','mov192','3.0','2009-08-08')
,('user0179','mov242','3.0','2005-11-07')
,('user0179','mov104','3.0','2015-11-06')
,('user0179','mov141','4.0','2009-10-20')
,('user0179','mov225','5.0','2009-12-15')
,('user0179','mov084','5.0','2007-06-28')
,('user0179','mov176','5.0','2007-05-28')
,('user0179','mov232','3.0','2009-08-09')
,('user0179','mov114','4.5','2012-08-08')
,('user0179','mov210','4.0','2006-10-29')
,('user0179','mov011','3.5','2009-04-17')
,('user0179','mov111','4.0','2015-02-03')
,('user0179','mov067','3.5','2009-09-20')
,('user0179','mov140','3.0','2006-12-28')
,('user0179','mov061','5.0','2014-07-15')
,('user0179','mov072','3.5','2010-01-20')
,('user0179','mov027','3.0','2005-11-25')
,('user0179','mov151','5.0','2016-03-02')
,('user0179','mov157','4.0','2005-07-04')
,('user0179','mov033','3.0','2005-07-21')
,('user0179','mov054','3.5','2016-01-08')
,('user0179','mov112','4.5','2015-02-04')
,('user0179','mov095','5.0','2010-02-26')
,('user0179','mov055','5.0','2006-08-10')
,('user0179','mov057','4.5','2005-10-14')
,('user0179','mov097','4.5','2006-02-27')
,('user0180','mov089','5.0','2007-02-13')
,('user0180','mov213','4.0','2006-07-29')
,('user0180','mov193','3.0','2011-06-17')
,('user0180','mov035','3.5','2010-12-29')
,('user0180','mov242','5.0','2009-05-15')
,('user0180','mov170','4.5','2006-11-01')
,('user0180','mov036','4.0','2007-10-02')
,('user0180','mov080','5.0','2014-05-26')
,('user0180','mov165','5.0','2010-10-23')
,('user0180','mov200','3.5','2016-01-24')
,('user0180','mov166','3.5','2012-02-07')
,('user0180','mov018','3.5','2010-03-27')
,('user0180','mov026','3.5','2016-01-17')
,('user0180','mov188','4.0','2011-05-20')
,('user0180','mov060','3.0','2009-08-04')
,('user0180','mov046','4.0','2006-02-06')
,('user0180','mov160','3.0','2013-06-28')
,('user0180','mov201','4.5','2012-04-03')
,('user0180','mov194','4.0','2015-05-15')
,('user0180','mov045','5.0','2013-04-26')
,('user0180','mov178','5.0','2006-03-25')
,('user0180','mov120','4.0','2013-02-02')
,('user0180','mov210','4.5','2014-11-26')
,('user0180','mov002','5.0','2008-09-15')
,('user0180','mov061','3.5','2011-08-18')
,('user0180','mov030','4.0','2007-10-04')
,('user0180','mov151','5.0','2010-04-30')
,('user0180','mov032','3.5','2009-09-27')
,('user0180','mov075','4.5','2007-09-17')
,('user0180','mov015','5.0','2009-12-09')
,('user0180','mov071','4.0','2005-08-30')
,('user0180','mov019','3.0','2013-10-23')
,('user0180','mov140','5.0','2011-07-24')
,('user0180','mov169','3.0','2007-07-08')
,('user0180','mov095','4.5','2016-01-21')
,('user0180','mov174','3.5','2006-08-19')
,('user0180','mov116','5.0','2010-04-29')
,('user0180','mov134','5.0','2014-12-21')
,('user0180','mov098','3.0','2009-06-30')
,('user0181','mov135','3.0','2008-12-20')
,('user0181','mov206','3.0','2016-04-02')
,('user0181','mov211','4.5','2008-05-19')
,('user0181','mov109','3.5','2007-04-22')
,('user0181','mov088','5.0','2009-03-19')
,('user0181','mov024','3.5','2008-08-31')
,('user0181','mov023','4.5','2008-10-27')
,('user0181','mov231','5.0','2015-05-08')
,('user0181','mov050','4.0','2007-05-24')
,('user0181','mov151','4.0','2008-12-25')
,('user0181','mov096','3.0','2016-05-31')
,('user0181','mov189','4.5','2013-02-01')
,('user0181','mov047','3.5','2014-12-10')
,('user0181','mov034','3.5','2009-07-06')
,('user0181','mov033','4.0','2005-07-27')
,('user0181','mov107','4.5','2008-02-15')
,('user0182','mov043','4.5','2010-06-07')
,('user0182','mov088','3.0','2008-10-08')
,('user0182','mov065','3.0','2007-09-10')
,('user0182','mov167','3.0','2005-04-28')
,('user0182','mov153','3.5','2005-03-22')
,('user0182','mov113','3.5','2011-09-25')
,('user0182','mov097','3.0','2016-02-04')
,('user0182','mov100','3.5','2013-04-22')
,('user0182','mov099','4.5','2013-04-25')
,('user0182','mov234','4.0','2009-09-16')
,('user0182','mov117','3.5','2010-10-01')
,('user0182','mov244','3.0','2011-01-29')
,('user0182','mov048','4.5','2010-10-24')
,('user0182','mov115','5.0','2014-12-05')
,('user0182','mov111','5.0','2005-02-24')
,('user0182','mov018','3.5','2009-07-22')
,('user0182','mov125','5.0','2005-07-17')
,('user0182','mov095','4.0','2008-09-17')
,('user0182','mov003','4.0','2005-01-30')
,('user0182','mov014','4.5','2006-08-18')
,('user0182','mov033','3.0','2013-01-07')
,('user0182','mov200','5.0','2005-02-23')
,('user0182','mov199','3.0','2014-10-09')
,('user0182','mov186','4.5','2010-01-30')
,('user0182','mov064','4.5','2005-05-06')
,('user0182','mov010','3.0','2015-03-05')
,('user0182','mov005','5.0','2010-09-14')
,('user0182','mov158','3.5','2009-01-14')
,('user0182','mov058','4.0','2007-04-15')
,('user0183','mov087','3.5','2011-07-15')
,('user0183','mov010','4.0','2016-05-05')
,('user0183','mov036','3.0','2009-08-14')
,('user0183','mov066','3.0','2009-07-11')
,('user0183','mov182','5.0','2005-03-28')
,('user0183','mov208','3.0','2005-03-08')
,('user0183','mov021','5.0','2006-12-20')
,('user0183','mov121','3.5','2010-01-17')
,('user0184','mov127','5.0','2015-11-14')
,('user0184','mov004','4.5','2012-02-18')
,('user0184','mov203','4.0','2012-07-28')
,('user0184','mov240','3.0','2014-11-10')
,('user0184','mov095','3.0','2007-10-20')
,('user0184','mov093','4.5','2009-09-08')
,('user0184','mov206','4.5','2009-10-20')
,('user0184','mov046','4.0','2007-11-19')
,('user0184','mov034','3.5','2009-02-04')
,('user0184','mov149','4.0','2005-11-03')
,('user0184','mov208','5.0','2009-10-19')
,('user0184','mov090','3.5','2009-03-12')
,('user0184','mov040','5.0','2010-03-05')
,('user0184','mov159','4.0','2012-10-02')
,('user0184','mov031','4.5','2009-02-08')
,('user0184','mov194','4.0','2012-02-29')
,('user0184','mov190','5.0','2012-11-22')
,('user0184','mov103','5.0','2009-09-12')
,('user0184','mov211','4.5','2010-10-01')
,('user0184','mov078','4.0','2013-10-17')
,('user0184','mov191','4.5','2006-12-06')
,('user0184','mov169','3.5','2006-04-20')
,('user0184','mov223','4.5','2008-01-22')
,('user0184','mov099','5.0','2010-04-02')
,('user0184','mov102','3.5','2010-05-17')
,('user0184','mov050','4.0','2010-08-06')
,('user0184','mov154','5.0','2010-07-17')
,('user0184','mov033','3.0','2009-04-06')
,('user0184','mov059','5.0','2010-10-26')
,('user0184','mov183','3.0','2008-08-21')
,('user0184','mov105','5.0','2005-03-27')
,('user0184','mov242','4.0','2005-07-28')
,('user0184','mov217','4.0','2012-03-04')
,('user0184','mov128','5.0','2008-05-17')
,('user0184','mov164','5.0','2011-08-29')
,('user0184','mov238','4.0','2005-07-26')
,('user0184','mov245','5.0','2005-12-30')
,('user0184','mov085','4.0','2009-04-16')
,('user0185','mov064','3.5','2008-10-27')
,('user0185','mov046','3.5','2006-01-27')
,('user0185','mov208','4.5','2013-07-08')
,('user0185','mov167','3.5','2009-09-13')
,('user0185','mov020','4.5','2016-03-19')
,('user0185','mov119','4.0','2008-06-18')
,('user0185','mov027','4.5','2005-09-16')
,('user0185','mov179','3.5','2012-05-18')
,('user0185','mov095','5.0','2013-10-19')
,('user0185','mov154','4.5','2005-03-25')
,('user0185','mov086','4.5','2011-09-16')
,('user0185','mov237','3.5','2011-11-01')
,('user0185','mov196','5.0','2012-06-23')
,('user0185','mov042','3.0','2013-11-27')
,('user0185','mov155','4.5','2009-10-17')
,('user0185','mov072','4.5','2016-01-15')
,('user0185','mov133','4.5','2009-12-17')
,('user0185','mov242','4.0','2016-02-18')
,('user0185','mov031','4.0','2012-03-06')
,('user0185','mov156','3.5','2010-01-06')
,('user0185','mov099','3.0','2015-01-08')
,('user0185','mov246','3.0','2006-02-12')
,('user0185','mov134','4.0','2013-03-21')
,('user0185','mov043','4.0','2007-07-15')
,('user0185','mov225','5.0','2012-02-19')
,('user0185','mov008','4.0','2013-07-18')
,('user0185','mov089','3.0','2006-07-11')
,('user0185','mov107','4.0','2011-07-20')
,('user0185','mov056','3.5','2006-10-26')
,('user0185','mov030','4.5','2010-07-06')
,('user0185','mov180','4.5','2015-08-26')
,('user0185','mov221','5.0','2014-08-08')
,('user0185','mov088','3.0','2009-02-17')
,('user0185','mov157','4.5','2013-11-30')
,('user0185','mov127','3.0','2012-06-23')
,('user0185','mov224','5.0','2009-06-16')
,('user0185','mov001','4.5','2008-02-04')
,('user0185','mov111','3.5','2007-03-15')
,('user0185','mov051','5.0','2008-11-05')
,('user0185','mov076','4.0','2005-04-12')
,('user0185','mov245','3.0','2015-08-25')
,('user0185','mov082','5.0','2007-11-24')
,('user0185','mov220','4.5','2016-01-15')
,('user0185','mov007','5.0','2008-11-03')
,('user0185','mov166','4.5','2008-07-31')
,('user0185','mov029','4.5','2011-05-06')
,('user0185','mov198','4.5','2005-01-15')
,('user0186','mov230','3.0','2013-09-08')
,('user0186','mov217','4.0','2005-11-22')
,('user0186','mov146','5.0','2011-03-10')
,('user0186','mov065','5.0','2008-03-08')
,('user0186','mov133','5.0','2009-10-12')
,('user0186','mov125','4.0','2009-06-04')
,('user0186','mov041','3.0','2009-10-17')
,('user0186','mov071','3.0','2005-03-10')
,('user0186','mov029','3.0','2011-04-09')
,('user0186','mov190','3.5','2015-02-18')
,('user0186','mov098','4.5','2011-12-13')
,('user0186','mov172','4.0','2006-07-27')
,('user0186','mov244','4.0','2008-03-30')
,('user0186','mov188','4.0','2011-12-03')
,('user0186','mov168','4.5','2010-03-23')
,('user0186','mov016','3.0','2013-04-05')
,('user0186','mov076','5.0','2010-06-05')
,('user0186','mov241','3.5','2009-03-10')
,('user0186','mov101','5.0','2005-05-17')
,('user0186','mov104','3.5','2014-06-16')
,('user0186','mov047','4.5','2016-08-28')
,('user0186','mov106','3.5','2006-02-10')
,('user0186','mov068','3.5','2005-11-01')
,('user0186','mov009','5.0','2009-06-01')
,('user0186','mov148','5.0','2008-09-22')
,('user0186','mov237','4.0','2005-06-11')
,('user0186','mov138','4.0','2011-11-21')
,('user0186','mov212','4.0','2016-06-17')
,('user0186','mov093','5.0','2013-11-27')
,('user0186','mov227','5.0','2009-05-28')
,('user0186','mov201','5.0','2009-08-30')
,('user0186','mov184','4.0','2013-11-07')
,('user0186','mov034','4.0','2011-07-19')
,('user0186','mov160','3.0','2005-02-04')
,('user0186','mov074','3.0','2016-10-28')
,('user0186','mov026','5.0','2009-09-11')
,('user0186','mov158','4.5','2015-12-17')
,('user0187','mov179','4.0','2015-03-29')
,('user0187','mov176','3.5','2014-07-18')
,('user0187','mov068','4.5','2010-03-16')
,('user0187','mov155','3.5','2009-06-25')
,('user0187','mov152','3.5','2010-10-23')
,('user0187','mov006','3.0','2008-12-27')
,('user0187','mov239','3.0','2015-03-16')
,('user0187','mov188','4.0','2016-09-15')
,('user0187','mov220','4.0','2007-08-07')
,('user0187','mov051','3.0','2006-08-05')
,('user0187','mov103','3.0','2007-06-07')
,('user0187','mov048','3.5','2007-06-08')
,('user0187','mov046','4.0','2009-04-16')
,('user0187','mov207','3.5','2005-03-21')
,('user0187','mov055','4.0','2014-06-05')
,('user0187','mov180','3.5','2012-08-28')
,('user0187','mov160','3.5','2006-04-09')
,('user0187','mov140','5.0','2005-02-02')
,('user0187','mov014','4.5','2007-12-24')
,('user0187','mov211','4.0','2015-01-07')
,('user0187','mov005','3.5','2016-01-15')
,('user0187','mov248','5.0','2015-05-11')
,('user0187','mov164','3.5','2015-08-09')
,('user0187','mov244','4.5','2008-04-04')
,('user0187','mov077','4.0','2014-03-28')
,('user0187','mov177','5.0','2008-10-28')
,('user0187','mov210','4.0','2007-09-14')
,('user0187','mov181','3.5','2012-09-20')
,('user0187','mov193','3.5','2011-11-16')
,('user0187','mov095','3.0','2012-06-10')
,('user0187','mov008','3.5','2016-01-18')
,('user0187','mov018','4.5','2006-09-29')
,('user0187','mov159','3.0','2006-02-07')
,('user0187','mov150','3.0','2010-03-06')
,('user0187','mov079','4.5','2013-05-16')
,('user0187','mov081','4.5','2005-01-28')
,('user0187','mov212','5.0','2015-06-30')
,('user0187','mov045','4.0','2008-07-31')
,('user0187','mov096','5.0','2012-11-14')
,('user0187','mov127','4.0','2008-04-13')
,('user0187','mov203','3.0','2012-05-05')
,('user0188','mov053','4.5','2012-08-16')
,('user0188','mov119','3.5','2009-01-11')
,('user0188','mov037','5.0','2016-01-19')
,('user0188','mov234','5.0','2011-03-20')
,('user0188','mov093','3.5','2008-01-07')
,('user0188','mov011','3.0','2013-05-06')
,('user0188','mov235','3.5','2006-10-25')
,('user0188','mov147','3.0','2011-04-07')
,('user0188','mov167','4.5','2011-05-05')
,('user0188','mov055','3.5','2008-01-16')
,('user0188','mov171','3.0','2014-04-12')
,('user0188','mov214','3.5','2005-04-15')
,('user0188','mov153','5.0','2012-02-01')
,('user0188','mov073','3.5','2005-01-11')
,('user0188','mov032','4.5','2015-12-12')
,('user0188','mov026','5.0','2011-05-01')
,('user0188','mov208','3.0','2006-08-25')
,('user0188','mov058','3.0','2015-12-09')
,('user0188','mov019','4.5','2012-05-01')
,('user0188','mov151','3.0','2006-03-16')
,('user0188','mov198','4.5','2012-08-08')
,('user0188','mov020','3.5','2015-12-29')
,('user0188','mov086','4.0','2006-11-22')
,('user0188','mov071','4.5','2006-05-12')
,('user0188','mov145','4.0','2015-04-15')
,('user0189','mov076','3.0','2012-05-22')
,('user0189','mov007','5.0','2006-10-27')
,('user0189','mov109','4.0','2012-07-28')
,('user0189','mov124','3.0','2007-07-24')
,('user0189','mov078','4.0','2007-08-23')
,('user0189','mov013','5.0','2015-03-20')
,('user0189','mov038','3.5','2015-07-26')
,('user0189','mov005','3.5','2006-09-02')
,('user0189','mov035','5.0','2011-02-15')
,('user0189','mov042','3.0','2011-11-19')
,('user0190','mov101','4.5','2008-06-28')
,('user0190','mov070','5.0','2007-06-21')
,('user0190','mov092','3.5','2013-11-03')
,('user0190','mov205','4.5','2005-11-24')
,('user0190','mov047','5.0','2005-07-26')
,('user0190','mov229','5.0','2005-02-18')
,('user0190','mov145','4.5','2011-02-27')
,('user0190','mov091','4.5','2015-08-17')
,('user0191','mov162','5.0','2016-01-06')
,('user0191','mov124','5.0','2014-03-18')
,('user0191','mov065','3.0','2005-12-02')
,('user0191','mov214','5.0','2006-07-26')
,('user0191','mov057','3.5','2006-01-23')
,('user0191','mov078','4.5','2013-12-22')
,('user0191','mov130','4.0','2013-09-27')
,('user0191','mov080','5.0','2011-12-18')
,('user0191','mov039','4.5','2009-02-22')
,('user0191','mov021','4.5','2008-01-15')
,('user0191','mov154','4.0','2016-10-27')
,('user0191','mov132','5.0','2009-10-18')
,('user0191','mov070','3.0','2007-03-29')
,('user0191','mov161','4.0','2011-10-03')
,('user0191','mov060','4.5','2005-01-11')
,('user0191','mov181','5.0','2015-06-07')
,('user0191','mov239','4.0','2008-09-06')
,('user0191','mov165','3.5','2011-02-16')
,('user0191','mov102','5.0','2009-03-12')
,('user0191','mov084','5.0','2007-06-06')
,('user0191','mov213','4.5','2012-09-30')
,('user0191','mov018','3.0','2014-10-20')
,('user0191','mov082','3.5','2009-04-05')
,('user0192','mov133','3.5','2010-03-29')
,('user0192','mov037','4.0','2006-04-03')
,('user0192','mov094','3.5','2011-05-02')
,('user0192','mov114','5.0','2014-07-24')
,('user0192','mov188','4.0','2014-04-16')
,('user0192','mov175','5.0','2009-08-28')
,('user0193','mov167','4.5','2008-11-19')
,('user0193','mov169','5.0','2005-01-07')
,('user0193','mov241','4.0','2006-04-03')
,('user0193','mov083','3.0','2013-10-18')
,('user0193','mov058','3.5','2008-05-07')
,('user0193','mov234','3.5','2008-12-01')
,('user0193','mov097','4.5','2014-04-09')
,('user0193','mov179','3.5','2011-11-22')
,('user0193','mov011','3.0','2013-01-21')
,('user0193','mov111','5.0','2011-07-20')
,('user0193','mov210','3.0','2012-07-08')
,('user0194','mov188','5.0','2010-11-23')
,('user0194','mov056','3.0','2007-11-02')
,('user0194','mov242','5.0','2008-05-13')
,('user0194','mov200','4.5','2008-09-20')
,('user0194','mov109','4.5','2015-03-24')
,('user0194','mov180','4.5','2013-05-20')
,('user0194','mov016','4.5','2005-09-19')
,('user0194','mov237','3.0','2006-09-11')
,('user0194','mov082','3.0','2007-10-11')
,('user0194','mov119','4.5','2005-07-22')
,('user0194','mov099','4.0','2016-04-06')
,('user0194','mov218','5.0','2014-08-22')
,('user0194','mov225','3.0','2007-12-10')
,('user0194','mov205','4.0','2010-04-21')
,('user0194','mov067','4.0','2007-04-09')
,('user0194','mov058','5.0','2013-03-16')
,('user0194','mov189','3.5','2007-07-18')
,('user0194','mov078','5.0','2012-02-05')
,('user0194','mov179','4.5','2007-12-02')
,('user0194','mov094','3.0','2009-06-09')
,('user0194','mov190','3.5','2013-08-28')
,('user0194','mov196','4.5','2006-10-25')
,('user0194','mov029','5.0','2014-07-27')
,('user0194','mov234','5.0','2014-03-02')
,('user0194','mov212','3.5','2006-06-02')
,('user0194','mov003','3.5','2009-09-27')
,('user0194','mov139','3.0','2012-10-03')
,('user0194','mov127','4.0','2016-07-27')
,('user0194','mov098','5.0','2015-12-22')
,('user0194','mov238','4.5','2015-08-03')
,('user0194','mov020','4.5','2014-01-23')
,('user0194','mov209','4.5','2009-04-12')
,('user0194','mov045','3.5','2007-03-20')
,('user0194','mov076','5.0','2005-02-20')
,('user0194','mov231','3.0','2014-07-16')
,('user0194','mov047','3.5','2006-12-03')
,('user0194','mov049','4.0','2012-08-21')
,('user0194','mov036','5.0','2005-12-24')
,('user0194','mov166','5.0','2008-06-04')
,('user0194','mov046','4.0','2012-03-12')
,('user0194','mov175','4.5','2015-08-23')
,('user0194','mov072','3.5','2013-08-20')
,('user0194','mov236','3.0','2005-05-18')
,('user0194','mov176','3.0','2008-05-08')
,('user0194','mov038','5.0','2013-11-07')
,('user0194','mov081','3.5','2014-11-25')
,('user0194','mov125','3.0','2005-01-10')
,('user0194','mov043','5.0','2010-09-18')
,('user0194','mov221','3.0','2014-02-11')
,('user0194','mov210','4.5','2009-03-31')
,('user0195','mov156','4.5','2009-02-24')
,('user0195','mov010','4.5','2006-12-22')
,('user0195','mov192','4.0','2014-07-30')
,('user0195','mov111','3.0','2012-02-10')
,('user0195','mov236','3.5','2016-03-29')
,('user0196','mov169','3.5','2005-11-09')
,('user0196','mov177','4.0','2012-11-12')
,('user0196','mov026','5.0','2006-04-25')
,('user0196','mov020','4.0','2007-12-18')
,('user0196','mov172','3.5','2011-01-20')
,('user0196','mov154','3.5','2013-07-07')
,('user0196','mov196','3.5','2010-03-06')
,('user0196','mov079','3.0','2016-08-10')
,('user0196','mov094','4.5','2008-11-23')
,('user0196','mov039','5.0','2007-12-25')
,('user0196','mov081','3.5','2005-08-25')
,('user0196','mov043','3.5','2006-03-17')
,('user0196','mov127','4.0','2014-06-05')
,('user0196','mov097','4.5','2013-03-28')
,('user0196','mov056','4.0','2006-12-06')
,('user0196','mov103','5.0','2009-09-08')
,('user0196','mov214','5.0','2005-12-21')
,('user0196','mov176','3.5','2009-06-30')
,('user0196','mov118','3.5','2006-01-14')
,('user0196','mov162','3.5','2013-09-14')
,('user0196','mov152','4.0','2015-08-01')
,('user0196','mov042','3.5','2009-07-14')
,('user0196','mov238','4.0','2012-01-26')
,('user0196','mov046','4.0','2006-10-28')
,('user0196','mov160','4.0','2011-07-05')
,('user0196','mov053','3.5','2006-01-04')
,('user0196','mov128','5.0','2015-10-19')
,('user0196','mov055','5.0','2006-10-20')
,('user0196','mov200','3.0','2010-03-30')
,('user0197','mov183','3.5','2008-08-12')
,('user0197','mov143','3.0','2013-02-01')
,('user0197','mov146','5.0','2010-05-22')
,('user0197','mov211','4.5','2006-06-11')
,('user0197','mov175','4.0','2013-07-23')
,('user0197','mov214','4.5','2011-09-07')
,('user0197','mov223','4.5','2015-07-25')
,('user0197','mov241','4.0','2005-02-19')
,('user0197','mov084','3.0','2010-03-16')
,('user0197','mov245','3.5','2006-11-14')
,('user0197','mov038','3.5','2013-06-14')
,('user0197','mov150','3.0','2011-03-06')
,('user0197','mov201','4.0','2014-08-27')
,('user0197','mov232','3.5','2014-02-04')
,('user0197','mov151','3.0','2008-01-01')
,('user0197','mov226','4.5','2005-05-18')
,('user0197','mov109','5.0','2005-02-10')
,('user0197','mov120','5.0','2011-02-27')
,('user0197','mov172','4.5','2006-06-02')
,('user0197','mov154','5.0','2007-07-26')
,('user0197','mov107','4.0','2014-12-23')
,('user0197','mov129','5.0','2013-06-20')
,('user0197','mov045','4.5','2009-05-22')
,('user0197','mov229','4.5','2016-04-28')
,('user0197','mov027','3.0','2006-01-04')
,('user0197','mov158','4.5','2013-06-06')
,('user0197','mov249','4.5','2006-06-13')
,('user0198','mov199','3.5','2005-01-18')
,('user0198','mov182','3.0','2016-10-07')
,('user0198','mov092','3.0','2013-06-15')
,('user0198','mov027','4.0','2010-09-27')
,('user0198','mov106','4.5','2008-08-20')
,('user0198','mov217','3.5','2006-07-29')
,('user0198','mov036','3.5','2015-03-05')
,('user0198','mov013','3.0','2014-10-04')
,('user0198','mov017','5.0','2010-10-31')
,('user0198','mov082','4.0','2013-09-24')
,('user0198','mov185','3.0','2016-04-09')
,('user0198','mov203','3.0','2006-12-16')
,('user0198','mov194','5.0','2014-02-19')
,('user0198','mov213','5.0','2014-10-09')
,('user0198','mov052','4.5','2015-06-05')
,('user0198','mov033','5.0','2015-09-04')
,('user0198','mov234','3.5','2012-08-15')
,('user0198','mov122','3.5','2011-06-04')
,('user0198','mov001','3.0','2013-09-18')
,('user0198','mov111','4.5','2012-04-09')
,('user0198','mov100','4.0','2007-03-13')
,('user0198','mov095','4.5','2012-04-05')
,('user0199','mov081','4.5','2013-09-16')
,('user0199','mov131','3.0','2006-03-24')
,('user0199','mov110','5.0','2007-06-11')
,('user0199','mov119','4.0','2016-05-28')
,('user0199','mov050','4.5','2015-03-29')
,('user0199','mov153','4.0','2006-03-21')
,('user0199','mov133','3.0','2009-04-19')
,('user0199','mov163','3.5','2008-01-17')
,('user0199','mov137','4.0','2014-10-21')
,('user0199','mov192','4.0','2016-09-04')
,('user0199','mov071','4.0','2010-07-24')
,('user0199','mov092','5.0','2012-08-07')
,('user0199','mov116','4.0','2006-07-20')
,('user0199','mov007','4.0','2015-07-10')
,('user0199','mov155','5.0','2015-12-13')
,('user0199','mov125','4.5','2010-11-19')
,('user0199','mov055','3.5','2014-08-09')
,('user0199','mov177','4.0','2005-11-09')
,('user0199','mov037','3.0','2008-01-08')
,('user0199','mov194','5.0','2013-08-19')
,('user0199','mov099','4.0','2015-02-11')
,('user0200','mov016','3.0','2011-12-28')
,('user0200','mov136','5.0','2013-04-20')
,('user0200','mov131','4.0','2010-03-31')
,('user0200','mov103','5.0','2016-01-17')
,('user0200','mov104','3.0','2012-10-20')
,('user0200','mov139','5.0','2005-08-23')
,('user0200','mov242','4.0','2005-04-04')
,('user0200','mov240','5.0','2016-09-17')
,('user0200','mov222','4.0','2008-02-21')
,('user0200','mov001','3.0','2016-02-21')
,('user0200','mov093','4.0','2007-10-11')
,('user0200','mov162','5.0','2012-09-11')
,('user0200','mov197','4.0','2005-12-17')
,('user0200','mov241','4.5','2014-01-09')
,('user0200','mov134','4.5','2015-12-11')
,('user0200','mov040','4.5','2015-09-13')
,('user0200','mov080','4.5','2016-05-12')
,('user0200','mov124','3.0','2007-02-22')
,('user0200','mov140','4.5','2008-11-08')
,('user0200','mov036','4.0','2015-06-30')
,('user0200','mov125','4.5','2012-08-06')
,('user0200','mov152','3.0','2009-05-27')
,('user0200','mov055','4.0','2009-06-29')
,('user0200','mov212','4.5','2013-01-14')
,('user0200','mov220','4.5','2014-03-01')
,('user0200','mov002','3.0','2013-06-29')
,('user0200','mov202','5.0','2011-10-20')
,('user0200','mov185','5.0','2012-08-30')
,('user0200','mov024','4.5','2014-04-05')
,('user0200','mov099','4.5','2015-06-03')
,('user0200','mov053','3.5','2005-07-14')
,('user0200','mov225','3.0','2007-08-27')
,('user0200','mov227','4.5','2008-02-20')
,('user0200','mov005','4.0','2009-01-31')
,('user0200','mov097','4.5','2006-08-09')
,('user0200','mov213','4.5','2016-04-01')
,('user0200','mov049','3.0','2013-11-15')
,('user0200','mov133','4.0','2007-08-19')
,('user0200','mov165','3.0','2010-10-06')
,('user0200','mov151','4.5','2008-09-11')
,('user0200','mov022','3.5','2012-03-15')
,('user0200','mov098','4.0','2012-03-24')
,('user0200','mov171','3.0','2014-12-24')
,('user0200','mov163','4.0','2008-07-08')
,('user0200','mov046','4.0','2015-09-22')
,('user0200','mov107','3.5','2010-10-20')
,('user0200','mov184','4.5','2010-09-11')
,('user0200','mov105','3.5','2013-09-21')
,('user0200','mov214','3.5','2012-11-03')
,('user0201','mov185','4.0','2007-02-25')
,('user0201','mov174','4.0','2011-04-11')
,('user0201','mov088','3.5','2012-10-31')
,('user0201','mov004','4.5','2009-10-18')
,('user0201','mov247','3.0','2006-06-09')
,('user0201','mov103','3.5','2014-09-01')
,('user0201','mov027','3.0','2008-05-21')
,('user0201','mov187','3.0','2005-05-22')
,('user0201','mov011','5.0','2009-12-14')
,('user0201','mov147','3.5','2012-09-11')
,('user0201','mov161','5.0','2008-11-22')
,('user0201','mov218','3.5','2014-01-29')
,('user0201','mov177','3.0','2016-04-18')
,('user0201','mov038','5.0','2010-07-26')
,('user0201','mov131','4.5','2009-08-03')
,('user0201','mov084','5.0','2011-04-01')
,('user0201','mov216','3.5','2012-10-15')
,('user0201','mov199','4.0','2011-12-09')
,('user0202','mov108','5.0','2007-03-25')
,('user0202','mov073','4.5','2012-05-26')
,('user0202','mov067','4.0','2013-02-04')
,('user0202','mov154','3.5','2011-12-26')
,('user0202','mov036','5.0','2011-05-12')
,('user0202','mov016','3.5','2011-12-17')
,('user0202','mov158','3.5','2007-05-28')
,('user0202','mov186','4.5','2008-03-10')
,('user0202','mov012','4.5','2006-01-14')
,('user0202','mov053','3.0','2016-08-12')
,('user0202','mov082','4.5','2009-12-23')
,('user0202','mov246','4.5','2014-09-26')
,('user0202','mov051','5.0','2009-12-08')
,('user0202','mov113','3.0','2010-11-13')
,('user0202','mov029','4.5','2007-03-15')
,('user0202','mov039','3.0','2011-09-04')
,('user0202','mov218','3.5','2010-05-20')
,('user0202','mov247','5.0','2015-02-15')
,('user0202','mov133','4.0','2009-12-01')
,('user0202','mov060','3.5','2010-12-11')
,('user0202','mov015','3.0','2010-04-15')
,('user0202','mov159','3.0','2016-10-01')
,('user0202','mov138','3.0','2007-02-03')
,('user0202','mov219','4.0','2008-06-10')
,('user0202','mov086','3.0','2015-06-17')
,('user0202','mov130','3.0','2007-05-09')
,('user0202','mov203','4.0','2014-04-28')
,('user0202','mov049','3.0','2007-05-16')
,('user0202','mov229','4.5','2005-09-16')
,('user0202','mov074','5.0','2011-06-16')
,('user0202','mov209','4.0','2010-12-15')
,('user0203','mov064','3.5','2005-04-14')
,('user0203','mov118','5.0','2008-03-30')
,('user0203','mov195','3.5','2012-03-15')
,('user0203','mov241','4.5','2014-05-27')
,('user0203','mov245','4.0','2009-04-03')
,('user0203','mov231','3.5','2006-10-18')
,('user0203','mov122','3.0','2012-12-26')
,('user0203','mov180','4.0','2008-11-08')
,('user0203','mov050','4.0','2005-06-23')
,('user0203','mov116','3.0','2008-03-22')
,('user0203','mov046','5.0','2011-10-26')
,('user0203','mov201','4.5','2013-11-11')
,('user0203','mov065','5.0','2013-02-25')
,('user0203','mov102','5.0','2007-04-16')
,('user0203','mov117','3.0','2008-01-21')
,('user0203','mov234','3.0','2005-09-17')
,('user0203','mov071','4.5','2012-04-21')
,('user0203','mov141','4.5','2012-07-21')
,('user0203','mov082','3.0','2011-05-12')
,('user0203','mov187','4.5','2014-05-30')
,('user0203','mov006','3.0','2010-02-07')
,('user0203','mov206','3.5','2007-07-22')
,('user0203','mov005','4.0','2010-10-26')
,('user0203','mov054','4.0','2011-09-14')
,('user0203','mov203','3.0','2014-10-24')
,('user0203','mov217','3.5','2014-10-02')
,('user0203','mov211','4.5','2006-10-10')
,('user0203','mov160','4.0','2013-12-15')
,('user0204','mov134','3.0','2015-05-18')
,('user0204','mov235','4.5','2012-09-26')
,('user0204','mov227','3.5','2014-07-21')
,('user0204','mov051','3.5','2016-01-13')
,('user0204','mov175','3.0','2006-08-19')
,('user0204','mov023','5.0','2013-02-06')
,('user0204','mov184','5.0','2015-05-10')
,('user0204','mov028','4.0','2011-12-27')
,('user0204','mov010','3.5','2012-05-18')
,('user0204','mov191','4.0','2005-05-15')
,('user0204','mov138','3.5','2016-04-08')
,('user0204','mov007','5.0','2015-04-20')
,('user0204','mov065','4.5','2009-01-21')
,('user0204','mov006','3.0','2008-01-30')
,('user0204','mov049','5.0','2010-09-04')
,('user0204','mov123','5.0','2012-05-28')
,('user0204','mov132','4.0','2014-01-09')
,('user0204','mov047','3.5','2013-07-25')
,('user0204','mov014','4.5','2008-05-28')
,('user0204','mov129','3.5','2007-04-11')
,('user0204','mov102','5.0','2010-01-21')
,('user0204','mov068','5.0','2005-06-18')
,('user0204','mov086','3.0','2009-10-10')
,('user0204','mov154','5.0','2015-03-16')
,('user0204','mov244','3.0','2010-08-23')
,('user0204','mov176','3.5','2012-05-02')
,('user0204','mov080','4.0','2012-03-11')
,('user0204','mov091','5.0','2009-01-27')
,('user0204','mov195','5.0','2013-02-16')
,('user0204','mov147','4.0','2005-07-11')
,('user0204','mov020','5.0','2009-03-20')
,('user0204','mov130','4.0','2007-02-09')
,('user0204','mov033','4.0','2016-03-26')
,('user0204','mov087','4.5','2010-05-21')
,('user0204','mov004','3.0','2016-03-03')
,('user0204','mov190','5.0','2008-05-15')
,('user0204','mov072','4.5','2010-03-03')
,('user0205','mov101','3.5','2013-09-26')
,('user0205','mov063','5.0','2010-03-05')
,('user0205','mov107','3.0','2007-05-12')
,('user0205','mov042','5.0','2007-05-07')
,('user0205','mov065','5.0','2008-10-24')
,('user0205','mov177','5.0','2008-02-09')
,('user0205','mov232','4.0','2008-11-01')
,('user0205','mov198','4.0','2006-03-11')
,('user0206','mov192','3.5','2015-08-24')
,('user0206','mov141','4.5','2012-03-26')
,('user0206','mov206','4.5','2013-10-28')
,('user0206','mov154','4.0','2013-03-06')
,('user0206','mov079','5.0','2007-04-14')
,('user0206','mov070','4.0','2009-10-25')
,('user0206','mov160','3.5','2012-01-01')
,('user0206','mov149','5.0','2008-07-27')
,('user0207','mov030','4.5','2016-09-01')
,('user0207','mov170','4.0','2008-01-19')
,('user0207','mov136','3.5','2016-08-26')
,('user0207','mov153','3.5','2012-08-30')
,('user0207','mov134','5.0','2008-12-24')
,('user0207','mov069','3.0','2007-03-10')
,('user0207','mov177','3.5','2008-04-13')
,('user0207','mov050','3.0','2015-01-09')
,('user0207','mov158','4.0','2013-02-21')
,('user0207','mov171','3.5','2006-03-08')
,('user0207','mov062','3.5','2013-05-08')
,('user0207','mov025','4.5','2007-10-25')
,('user0208','mov210','5.0','2014-12-04')
,('user0208','mov236','5.0','2014-11-17')
,('user0208','mov041','3.0','2005-05-05')
,('user0208','mov246','3.5','2010-09-16')
,('user0208','mov002','5.0','2014-05-07')
,('user0208','mov145','5.0','2013-05-01')
,('user0208','mov189','4.5','2010-05-31')
,('user0208','mov180','4.5','2012-07-26')
,('user0208','mov248','4.0','2005-07-31')
,('user0208','mov234','3.0','2013-11-24')
,('user0208','mov103','4.0','2010-11-10')
,('user0208','mov072','4.0','2012-11-11')
,('user0208','mov057','4.5','2009-09-29')
,('user0208','mov053','5.0','2014-10-01')
,('user0208','mov035','3.5','2011-09-01')
,('user0208','mov023','3.0','2007-06-22')
,('user0208','mov026','4.5','2010-02-06')
,('user0208','mov136','4.5','2008-06-27')
,('user0208','mov066','5.0','2007-04-13')
,('user0208','mov156','5.0','2012-12-10')
,('user0208','mov082','4.0','2015-01-15')
,('user0209','mov236','4.5','2007-10-20')
,('user0209','mov194','3.0','2016-08-22')
,('user0209','mov076','4.0','2012-04-23')
,('user0209','mov189','5.0','2005-04-02')
,('user0209','mov222','4.5','2007-07-01')
,('user0209','mov048','4.0','2005-01-20')
,('user0209','mov075','3.0','2014-07-22')
,('user0209','mov203','3.5','2008-05-23')
,('user0209','mov192','3.0','2015-05-10')
,('user0209','mov120','3.0','2010-07-28')
,('user0209','mov180','3.0','2006-07-17')
,('user0209','mov094','5.0','2006-09-14')
,('user0209','mov027','3.0','2013-07-21')
,('user0209','mov221','4.5','2013-10-23')
,('user0209','mov155','4.5','2007-09-16')
,('user0209','mov091','3.5','2006-06-24')
,('user0209','mov223','3.0','2016-10-06')
,('user0209','mov228','4.0','2006-03-13')
,('user0209','mov049','3.0','2013-12-15')
,('user0209','mov096','4.0','2006-07-06')
,('user0209','mov020','4.0','2012-08-25')
,('user0209','mov130','4.0','2010-06-14')
,('user0209','mov107','4.0','2011-08-02')
,('user0209','mov073','5.0','2013-09-23')
,('user0209','mov119','4.5','2007-07-03')
,('user0209','mov249','4.5','2010-01-06')
,('user0209','mov140','4.0','2013-08-12')
,('user0209','mov204','4.5','2012-05-16')
,('user0209','mov053','4.5','2011-09-04')
,('user0209','mov134','3.0','2013-04-22')
,('user0209','mov109','3.0','2016-01-21')
,('user0210','mov232','5.0','2006-07-31')
,('user0210','mov143','4.0','2009-02-18')
,('user0210','mov083','3.0','2014-01-10')
,('user0210','mov001','3.0','2008-06-03')
,('user0210','mov047','4.0','2015-03-08')
,('user0210','mov164','3.0','2005-12-26')
,('user0210','mov037','3.5','2012-10-02')
,('user0210','mov100','3.0','2005-05-06')
,('user0210','mov146','5.0','2015-01-08')
,('user0210','mov062','4.0','2013-09-01')
,('user0210','mov096','5.0','2012-07-30')
,('user0210','mov094','5.0','2013-11-12')
,('user0210','mov049','4.0','2014-02-17')
,('user0210','mov229','3.0','2007-08-13')
,('user0210','mov033','4.5','2007-12-24')
,('user0210','mov019','3.0','2009-01-27')
,('user0210','mov194','3.5','2010-08-25')
,('user0210','mov173','4.5','2012-04-18')
,('user0210','mov163','3.5','2005-01-09')
,('user0210','mov091','3.5','2013-04-10')
,('user0210','mov081','3.0','2006-03-21')
,('user0210','mov052','5.0','2007-04-28')
,('user0210','mov024','3.0','2016-05-21')
,('user0210','mov133','4.0','2011-04-13')
,('user0210','mov137','4.0','2007-05-06')
,('user0210','mov015','3.5','2012-02-16')
,('user0210','mov238','4.0','2010-08-17')
,('user0210','mov072','3.5','2007-09-16')
,('user0210','mov165','5.0','2005-01-31')
,('user0210','mov008','4.5','2007-06-22')
,('user0210','mov236','4.0','2011-10-10')
,('user0210','mov176','3.5','2011-02-23')
,('user0210','mov152','4.5','2006-06-09')
,('user0210','mov063','4.5','2010-04-13')
,('user0211','mov176','4.5','2010-12-08')
,('user0211','mov113','5.0','2014-01-10')
,('user0211','mov125','5.0','2011-04-10')
,('user0211','mov182','3.0','2014-11-06')
,('user0211','mov140','4.5','2011-06-05')
,('user0211','mov049','5.0','2016-10-04')
,('user0211','mov157','4.5','2016-04-28')
,('user0211','mov042','4.5','2008-07-20')
,('user0211','mov010','4.5','2013-08-19')
,('user0211','mov088','5.0','2008-08-17')
,('user0211','mov084','3.0','2016-04-01')
,('user0211','mov025','3.0','2010-12-29')
,('user0211','mov226','4.0','2007-04-25')
,('user0211','mov079','4.0','2010-05-05')
,('user0211','mov165','4.0','2010-03-27')
,('user0211','mov145','3.5','2008-01-06')
,('user0211','mov090','3.5','2016-06-29')
,('user0211','mov046','4.5','2011-12-29')
,('user0211','mov207','3.5','2008-05-14')
,('user0211','mov056','4.5','2014-04-22')
,('user0211','mov146','4.5','2009-01-17')
,('user0211','mov161','4.5','2014-04-25')
,('user0211','mov246','3.5','2009-01-14')
,('user0211','mov110','4.0','2007-01-11')
,('user0211','mov243','4.0','2010-06-22')
,('user0211','mov135','5.0','2009-09-06')
,('user0211','mov189','4.5','2012-07-29')
,('user0211','mov179','3.0','2006-10-18')
,('user0211','mov111','3.0','2008-05-15')
,('user0211','mov136','5.0','2006-10-07')
,('user0211','mov078','3.0','2007-07-08')
,('user0211','mov093','5.0','2010-01-03')
,('user0211','mov180','4.5','2011-12-23')
,('user0211','mov185','4.0','2013-03-16')
,('user0211','mov239','3.5','2011-12-13')
,('user0211','mov229','4.0','2006-11-07')
,('user0211','mov221','4.0','2005-07-24')
,('user0211','mov139','5.0','2005-10-31')
,('user0211','mov040','3.0','2007-03-17')
,('user0211','mov143','3.0','2012-02-11')
,('user0211','mov086','3.0','2016-01-09')
,('user0211','mov077','4.0','2006-04-02')
,('user0212','mov110','3.0','2012-01-04')
,('user0212','mov034','4.5','2006-08-01')
,('user0212','mov192','3.5','2007-05-26')
,('user0212','mov085','3.5','2007-06-17')
,('user0212','mov014','3.0','2009-10-20')
,('user0212','mov194','5.0','2014-08-06')
,('user0212','mov141','3.5','2005-08-03')
,('user0212','mov148','3.0','2010-08-11')
,('user0212','mov015','3.0','2010-05-08')
,('user0212','mov182','3.0','2008-01-16')
,('user0212','mov118','4.5','2015-08-12')
,('user0213','mov108','5.0','2011-09-29')
,('user0213','mov107','5.0','2005-05-23')
,('user0213','mov183','5.0','2012-11-06')
,('user0213','mov165','4.0','2012-12-15')
,('user0213','mov100','4.5','2009-10-25')
,('user0213','mov229','5.0','2006-06-02')
,('user0213','mov001','4.5','2015-05-29')
,('user0213','mov047','3.0','2015-06-14')
,('user0213','mov062','3.0','2010-03-06')
,('user0213','mov235','5.0','2013-10-28')
,('user0213','mov187','4.5','2014-11-28')
,('user0213','mov202','3.0','2005-02-07')
,('user0213','mov151','4.0','2013-03-22')
,('user0213','mov201','5.0','2011-09-06')
,('user0213','mov005','5.0','2014-07-10')
,('user0213','mov161','4.0','2016-07-24')
,('user0213','mov150','5.0','2011-09-01')
,('user0213','mov046','3.0','2014-11-08')
,('user0213','mov156','5.0','2014-01-13')
,('user0213','mov035','3.5','2012-09-26')
,('user0213','mov022','3.5','2014-08-24')
,('user0213','mov154','3.0','2016-10-06')
,('user0213','mov159','4.0','2011-02-07')
,('user0213','mov077','4.5','2012-10-19')
,('user0213','mov080','4.5','2009-10-08')
,('user0213','mov203','4.5','2011-09-13')
,('user0213','mov054','4.5','2013-01-24')
,('user0213','mov214','5.0','2014-03-31')
,('user0213','mov007','5.0','2013-07-26')
,('user0213','mov025','4.0','2013-07-05')
,('user0213','mov218','4.0','2010-10-13')
,('user0213','mov200','3.0','2005-07-16')
,('user0213','mov041','3.5','2015-04-27')
,('user0214','mov055','4.0','2005-09-24')
,('user0214','mov005','3.0','2008-01-31')
,('user0214','mov172','4.5','2008-12-09')
,('user0214','mov173','5.0','2016-07-18')
,('user0214','mov029','3.0','2005-01-29')
,('user0214','mov064','5.0','2012-05-01')
,('user0214','mov232','3.0','2008-09-05')
,('user0214','mov175','3.5','2014-01-09')
,('user0214','mov092','3.5','2005-10-26')
,('user0214','mov026','3.0','2011-06-14')
,('user0214','mov192','5.0','2015-05-28')
,('user0214','mov216','4.0','2012-11-30')
,('user0214','mov002','3.0','2010-01-28')
,('user0214','mov008','4.5','2008-05-24')
,('user0214','mov006','3.0','2008-04-20')
,('user0214','mov051','4.0','2009-08-03')
,('user0214','mov242','5.0','2013-05-30')
,('user0214','mov169','3.5','2014-05-29')
,('user0214','mov211','3.0','2007-05-07')
,('user0214','mov225','4.0','2015-08-28')
,('user0214','mov079','5.0','2014-09-12')
,('user0214','mov101','5.0','2013-09-10')
,('user0215','mov054','3.5','2009-10-12')
,('user0215','mov014','3.5','2014-04-07')
,('user0215','mov036','4.5','2015-09-13')
,('user0215','mov136','4.5','2013-11-05')
,('user0215','mov187','3.5','2008-06-26')
,('user0215','mov124','4.0','2016-08-30')
,('user0215','mov150','3.5','2011-02-28')
,('user0215','mov183','3.5','2009-01-09')
,('user0215','mov110','4.5','2007-08-03')
,('user0215','mov012','3.5','2012-01-02')
,('user0215','mov180','4.5','2007-08-20')
,('user0215','mov198','4.5','2008-08-01')
,('user0215','mov211','3.5','2014-12-24')
,('user0215','mov010','3.5','2015-09-07')
,('user0215','mov060','3.0','2011-12-01')
,('user0215','mov070','3.5','2005-12-19')
,('user0215','mov185','3.0','2016-05-30')
,('user0215','mov094','5.0','2012-10-07')
,('user0215','mov229','3.0','2016-09-11')
,('user0215','mov223','3.0','2011-01-06')
,('user0215','mov138','5.0','2006-02-11')
,('user0215','mov043','3.0','2013-05-09')
,('user0215','mov143','4.0','2014-03-25')
,('user0215','mov065','4.5','2012-08-09')
,('user0215','mov028','4.5','2010-11-12')
,('user0215','mov210','3.5','2012-07-22')
,('user0215','mov050','4.0','2011-05-26')
,('user0215','mov101','4.5','2012-08-22')
,('user0215','mov145','4.0','2006-03-05')
,('user0215','mov125','4.5','2009-12-09')
,('user0215','mov184','3.5','2005-04-21')
,('user0215','mov140','3.0','2012-03-01')
,('user0215','mov007','3.5','2007-01-18')
,('user0215','mov075','3.0','2016-01-04')
,('user0215','mov077','5.0','2007-06-25')
,('user0215','mov005','3.5','2016-06-30')
,('user0216','mov138','5.0','2007-09-16')
,('user0216','mov070','3.0','2013-05-19')
,('user0216','mov146','3.0','2009-02-21')
,('user0216','mov125','5.0','2009-04-10')
,('user0216','mov145','3.5','2006-09-16')
,('user0216','mov248','3.0','2009-03-03')
,('user0216','mov023','3.5','2007-09-13')
,('user0216','mov107','3.5','2014-03-18')
,('user0216','mov171','4.0','2016-01-02')
,('user0216','mov176','3.5','2009-08-04')
,('user0216','mov140','4.0','2007-01-30')
,('user0216','mov079','3.0','2015-09-02')
,('user0216','mov134','5.0','2011-10-21')
,('user0216','mov124','3.5','2013-09-07')
,('user0216','mov054','3.0','2008-10-13')
,('user0216','mov241','3.0','2006-03-11')
,('user0216','mov236','5.0','2008-11-12')
,('user0216','mov126','5.0','2012-04-02')
,('user0216','mov186','4.5','2009-03-16')
,('user0216','mov153','3.5','2009-03-08')
,('user0216','mov181','3.5','2005-10-30')
,('user0216','mov021','4.0','2016-10-27')
,('user0216','mov047','3.5','2005-10-16')
,('user0216','mov219','5.0','2016-02-09')
,('user0216','mov121','3.5','2007-10-03')
,('user0216','mov240','3.0','2013-11-11')
,('user0216','mov118','3.0','2006-01-18')
,('user0216','mov162','4.0','2009-06-21')
,('user0216','mov044','4.5','2010-09-21')
,('user0216','mov108','3.5','2007-02-16')
,('user0216','mov137','4.5','2016-02-08')
,('user0216','mov214','3.0','2016-10-09')
,('user0216','mov024','5.0','2008-04-14')
,('user0216','mov202','3.5','2013-07-06')
,('user0216','mov014','4.5','2008-12-24')
,('user0216','mov158','3.5','2011-02-26')
,('user0216','mov012','4.0','2010-07-10')
,('user0216','mov035','5.0','2012-06-20')
,('user0216','mov132','4.0','2013-07-21')
,('user0216','mov018','3.0','2005-03-27')
,('user0216','mov087','4.5','2009-07-15')
,('user0216','mov113','5.0','2009-07-25')
,('user0216','mov027','3.0','2008-11-25')
,('user0216','mov069','4.0','2006-09-08')
,('user0216','mov223','3.0','2009-06-24')
,('user0216','mov091','4.5','2012-11-17')
,('user0216','mov111','5.0','2016-08-16')
,('user0216','mov207','3.5','2016-02-03')
,('user0217','mov008','5.0','2016-10-31')
,('user0217','mov203','5.0','2006-12-28')
,('user0217','mov051','5.0','2006-01-30')
,('user0217','mov031','4.0','2012-06-12')
,('user0217','mov003','4.0','2006-11-05')
,('user0217','mov111','5.0','2008-12-23')
,('user0217','mov130','3.0','2012-08-09')
,('user0218','mov070','3.5','2012-12-18')
,('user0218','mov154','4.5','2012-05-22')
,('user0218','mov172','3.0','2013-01-06')
,('user0218','mov133','4.5','2012-01-08')
,('user0218','mov200','5.0','2010-02-08')
,('user0218','mov237','3.0','2007-04-14')
,('user0218','mov044','3.0','2013-06-18')
,('user0218','mov055','4.0','2015-01-18')
,('user0218','mov033','4.0','2006-06-29')
,('user0218','mov236','3.5','2005-11-04')
,('user0218','mov238','3.0','2006-11-11')
,('user0218','mov140','4.5','2008-03-15')
,('user0218','mov224','4.5','2005-08-27')
,('user0218','mov099','4.0','2010-02-18')
,('user0218','mov246','3.0','2008-06-23')
,('user0218','mov028','5.0','2008-05-17')
,('user0218','mov014','4.5','2007-10-30')
,('user0218','mov056','5.0','2013-04-11')
,('user0218','mov207','4.0','2006-08-28')
,('user0218','mov189','4.5','2007-03-12')
,('user0218','mov108','3.5','2011-05-23')
,('user0218','mov107','3.0','2006-01-14')
,('user0218','mov076','3.5','2016-08-29')
,('user0218','mov006','5.0','2010-03-19')
,('user0218','mov034','5.0','2013-04-16')
,('user0218','mov178','3.5','2011-08-31')
,('user0218','mov144','3.5','2010-03-22')
,('user0218','mov079','4.5','2015-02-13')
,('user0218','mov175','3.5','2009-04-30')
,('user0218','mov168','4.0','2013-01-30')
,('user0218','mov061','4.5','2007-07-02')
,('user0218','mov156','5.0','2009-03-02')
,('user0218','mov149','4.5','2008-11-23')
,('user0218','mov052','4.5','2013-09-04')
,('user0218','mov104','5.0','2006-08-12')
,('user0219','mov108','3.5','2008-09-20')
,('user0219','mov073','3.5','2012-06-09')
,('user0219','mov072','5.0','2006-06-11')
,('user0219','mov205','4.0','2006-11-21')
,('user0219','mov198','4.5','2016-04-22')
,('user0219','mov213','5.0','2008-02-16')
,('user0219','mov055','3.0','2012-10-28')
,('user0219','mov246','5.0','2013-06-08')
,('user0219','mov025','4.0','2013-12-06')
,('user0219','mov052','3.5','2007-09-02')
,('user0219','mov048','3.0','2015-01-13')
,('user0219','mov220','4.5','2008-04-10')
,('user0219','mov044','4.0','2006-11-18')
,('user0219','mov151','4.0','2012-07-22')
,('user0219','mov046','3.0','2011-09-27')
,('user0219','mov239','5.0','2011-10-08')
,('user0219','mov136','3.0','2013-03-03')
,('user0219','mov059','4.0','2005-04-27')
,('user0219','mov060','5.0','2006-03-01')
,('user0219','mov070','4.5','2008-08-17')
,('user0219','mov023','4.0','2007-06-22')
,('user0219','mov062','3.5','2013-08-27')
,('user0219','mov008','3.0','2007-11-07')
,('user0219','mov007','3.0','2005-08-10')
,('user0219','mov013','4.0','2007-01-11')
,('user0219','mov043','3.0','2005-02-04')
,('user0219','mov133','3.5','2010-07-15')
,('user0219','mov207','3.0','2014-08-22')
,('user0219','mov082','3.0','2015-01-21')
,('user0219','mov208','5.0','2010-01-14')
,('user0219','mov031','4.0','2009-10-03')
,('user0219','mov159','4.0','2014-08-25')
,('user0220','mov083','4.5','2006-01-19')
,('user0220','mov128','4.5','2016-07-01')
,('user0220','mov104','4.0','2016-02-19')
,('user0220','mov033','4.5','2008-01-05')
,('user0220','mov026','5.0','2008-05-27')
,('user0220','mov185','3.5','2011-11-10')
,('user0220','mov116','3.0','2015-12-01')
,('user0220','mov030','4.5','2007-10-13')
,('user0220','mov082','3.0','2005-10-02')
,('user0220','mov162','3.0','2016-01-08')
,('user0220','mov056','5.0','2015-04-23')
,('user0220','mov199','5.0','2013-05-31')
,('user0220','mov020','4.5','2006-04-03')
,('user0220','mov112','4.0','2011-10-19')
,('user0220','mov019','5.0','2011-04-16')
,('user0220','mov018','3.0','2011-04-30')
,('user0220','mov070','4.0','2010-02-10')
,('user0220','mov159','3.0','2011-09-17')
,('user0220','mov174','5.0','2010-12-03')
,('user0220','mov003','3.5','2005-07-21')
,('user0220','mov138','3.5','2006-08-27')
,('user0220','mov054','3.5','2016-07-10')
,('user0220','mov073','4.0','2008-02-22')
,('user0220','mov133','3.5','2006-01-15')
,('user0220','mov139','4.5','2008-09-15')
,('user0220','mov143','3.0','2013-09-06')
,('user0220','mov080','3.0','2015-02-14')
,('user0220','mov028','3.0','2012-09-23')
,('user0221','mov246','3.0','2011-09-01')
,('user0221','mov153','4.0','2016-02-19')
,('user0221','mov021','5.0','2013-03-30')
,('user0221','mov103','5.0','2015-10-22')
,('user0221','mov060','3.5','2006-08-05')
,('user0221','mov233','3.0','2008-02-08')
,('user0221','mov249','5.0','2012-12-26')
,('user0221','mov240','4.0','2008-07-24')
,('user0221','mov151','5.0','2013-12-02')
,('user0221','mov144','4.0','2015-07-15')
,('user0221','mov004','4.0','2016-09-02')
,('user0221','mov199','4.5','2013-02-03')
,('user0221','mov123','4.5','2009-05-24')
,('user0221','mov006','4.0','2014-09-17')
,('user0221','mov114','4.5','2006-03-08')
,('user0221','mov147','4.5','2007-10-08')
,('user0222','mov103','5.0','2009-08-03')
,('user0222','mov187','3.5','2007-03-29')
,('user0222','mov198','4.0','2008-06-02')
,('user0222','mov106','3.5','2013-06-25')
,('user0222','mov163','4.5','2011-12-19')
,('user0222','mov025','4.0','2007-04-18')
,('user0222','mov002','3.0','2006-04-30')
,('user0222','mov015','3.5','2013-03-01')
,('user0222','mov009','4.0','2006-08-22')
,('user0222','mov102','3.0','2010-06-24')
,('user0222','mov045','4.0','2007-10-03')
,('user0222','mov145','3.0','2016-04-19')
,('user0222','mov114','4.5','2015-08-05')
,('user0222','mov224','4.0','2005-08-10')
,('user0222','mov004','3.5','2012-10-21')
,('user0222','mov088','5.0','2013-10-30')
,('user0222','mov120','3.5','2016-04-25')
,('user0222','mov109','4.5','2007-10-15')
,('user0222','mov055','3.5','2015-12-03')
,('user0222','mov186','4.0','2012-06-30')
,('user0222','mov211','4.0','2008-07-23')
,('user0222','mov118','3.0','2011-01-26')
,('user0222','mov236','3.5','2011-08-19')
,('user0222','mov226','4.0','2008-08-30')
,('user0222','mov052','3.0','2011-05-08')
,('user0222','mov028','3.0','2006-03-28')
,('user0222','mov229','5.0','2010-07-24')
,('user0222','mov036','5.0','2011-08-10')
,('user0222','mov065','3.5','2009-12-03')
,('user0222','mov122','4.0','2006-06-10')
,('user0222','mov221','3.5','2006-01-03')
,('user0222','mov038','3.5','2010-06-17')
,('user0222','mov022','4.0','2006-10-17')
,('user0222','mov005','5.0','2015-10-01')
,('user0222','mov107','5.0','2008-09-04')
,('user0222','mov222','4.5','2008-03-19')
,('user0222','mov041','4.0','2007-08-15')
,('user0222','mov066','4.5','2014-06-19')
,('user0222','mov042','4.5','2012-05-08')
,('user0222','mov170','3.5','2006-09-04')
,('user0223','mov209','4.0','2005-08-29')
,('user0223','mov050','4.0','2016-06-13')
,('user0223','mov053','3.5','2011-11-21')
,('user0223','mov028','3.0','2010-05-19')
,('user0223','mov129','4.0','2010-12-15')
,('user0223','mov183','3.0','2013-07-12')
,('user0223','mov041','4.5','2011-02-09')
,('user0223','mov043','3.5','2016-10-08')
,('user0223','mov115','3.5','2013-10-18')
,('user0223','mov228','5.0','2011-01-31')
,('user0224','mov231','5.0','2005-03-17')
,('user0224','mov185','3.5','2012-03-16')
,('user0224','mov092','4.5','2011-02-04')
,('user0224','mov003','5.0','2015-06-02')
,('user0224','mov076','3.0','2013-07-06')
,('user0224','mov093','3.0','2016-01-03')
,('user0224','mov213','4.0','2014-06-27')
,('user0224','mov178','3.5','2015-06-21')
,('user0224','mov064','4.0','2011-10-20')
,('user0224','mov123','4.5','2015-03-26')
,('user0225','mov189','4.5','2008-03-03')
,('user0225','mov134','5.0','2009-02-03')
,('user0225','mov081','5.0','2005-06-12')
,('user0225','mov057','4.5','2011-11-12')
,('user0225','mov133','3.0','2006-02-20')
,('user0225','mov031','4.0','2006-05-10')
,('user0225','mov183','3.5','2007-04-23')
,('user0225','mov017','3.0','2009-03-25')
,('user0225','mov014','4.5','2009-08-24')
,('user0225','mov237','5.0','2009-06-12')
,('user0225','mov039','4.0','2010-01-06')
,('user0225','mov192','3.5','2009-03-30')
,('user0225','mov211','5.0','2013-06-29')
,('user0225','mov187','5.0','2006-06-28')
,('user0225','mov199','4.5','2011-05-28')
,('user0225','mov248','3.0','2013-05-16')
,('user0225','mov173','4.5','2014-11-05')
,('user0225','mov141','3.0','2008-08-29')
,('user0225','mov162','4.5','2014-08-12')
,('user0225','mov172','3.5','2015-05-27')
,('user0225','mov096','3.0','2009-07-24')
,('user0225','mov137','3.5','2013-01-05')
,('user0225','mov245','5.0','2005-10-02')
,('user0225','mov071','4.5','2012-10-02')
,('user0225','mov090','4.5','2007-02-27')
,('user0225','mov142','3.0','2016-06-03')
,('user0225','mov021','4.5','2008-04-07')
,('user0225','mov120','4.0','2014-09-23')
,('user0225','mov091','3.5','2012-11-10')
,('user0225','mov246','3.0','2006-02-22')
,('user0225','mov129','3.0','2007-08-01')
,('user0225','mov231','5.0','2006-04-05')
,('user0226','mov063','4.5','2013-09-03')
,('user0226','mov046','4.5','2011-04-11')
,('user0226','mov043','5.0','2015-03-13')
,('user0226','mov094','4.0','2008-10-27')
,('user0226','mov236','5.0','2007-05-16')
,('user0226','mov142','5.0','2015-11-14')
,('user0226','mov029','4.0','2014-01-24')
,('user0226','mov146','4.0','2012-01-26')
,('user0226','mov097','4.0','2006-02-20')
,('user0226','mov050','4.0','2009-09-02')
,('user0226','mov060','3.0','2015-08-22')
,('user0226','mov042','4.5','2010-09-16')
,('user0226','mov201','3.0','2007-11-13')
,('user0226','mov069','3.5','2006-08-13')
,('user0226','mov098','4.0','2011-03-09')
,('user0226','mov140','4.0','2009-04-10')
,('user0226','mov001','4.5','2016-07-20')
,('user0226','mov175','3.5','2013-11-28')
,('user0226','mov002','4.0','2007-03-10')
,('user0226','mov166','3.0','2013-01-17')
,('user0226','mov017','4.5','2011-05-27')
,('user0226','mov167','3.5','2009-05-05')
,('user0226','mov209','5.0','2014-02-05')
,('user0226','mov214','5.0','2005-07-01')
,('user0226','mov178','4.0','2011-03-21')
,('user0226','mov134','4.5','2006-01-26')
,('user0226','mov204','4.0','2008-12-27')
,('user0226','mov035','4.0','2007-08-25')
,('user0226','mov151','5.0','2011-02-18')
,('user0226','mov241','4.0','2015-06-08')
,('user0226','mov182','3.0','2011-12-19')
,('user0226','mov173','5.0','2012-04-07')
,('user0226','mov091','4.5','2009-02-13')
,('user0226','mov149','3.5','2005-04-12')
,('user0226','mov122','4.5','2010-03-27')
,('user0226','mov196','5.0','2012-09-07')
,('user0226','mov019','3.5','2010-12-11')
,('user0226','mov180','3.5','2016-09-05')
,('user0226','mov104','3.5','2016-09-10')
,('user0226','mov118','5.0','2012-04-23')
,('user0226','mov076','4.5','2015-04-23')
,('user0226','mov227','3.5','2009-09-29')
,('user0226','mov226','3.5','2012-10-01')
,('user0226','mov199','3.0','2011-06-07')
,('user0226','mov207','3.0','2013-02-06')
,('user0227','mov001','4.5','2005-02-17')
,('user0227','mov166','3.5','2013-01-01')
,('user0227','mov211','4.5','2014-02-19')
,('user0227','mov009','3.5','2012-07-04')
,('user0227','mov088','5.0','2008-10-07')
,('user0227','mov127','3.5','2006-12-14')
,('user0227','mov010','4.0','2012-05-07')
,('user0227','mov004','3.0','2007-08-13')
,('user0227','mov095','4.0','2014-07-07')
,('user0227','mov137','3.5','2011-09-17')
,('user0227','mov072','3.0','2014-10-20')
,('user0227','mov231','3.5','2008-12-23')
,('user0227','mov100','4.0','2010-01-25')
,('user0227','mov179','3.0','2005-06-02')
,('user0227','mov107','5.0','2014-07-16')
,('user0228','mov032','4.5','2011-08-27')
,('user0228','mov248','3.0','2011-03-17')
,('user0228','mov069','4.5','2015-04-28')
,('user0228','mov051','4.0','2014-03-22')
,('user0228','mov238','4.0','2013-11-13')
,('user0228','mov147','4.5','2006-02-20')
,('user0228','mov021','4.0','2013-01-27')
,('user0228','mov234','4.0','2013-11-08')
,('user0228','mov113','4.0','2012-05-24')
,('user0228','mov094','4.5','2011-04-25')
,('user0228','mov216','3.5','2014-11-14')
,('user0228','mov150','5.0','2006-04-04')
,('user0228','mov066','4.0','2006-08-21')
,('user0228','mov126','3.0','2007-11-27')
,('user0228','mov140','4.0','2016-09-22')
,('user0228','mov075','4.5','2011-10-03')
,('user0228','mov101','4.0','2012-12-18')
,('user0228','mov127','3.0','2013-03-18')
,('user0228','mov016','5.0','2008-10-18')
,('user0228','mov056','3.5','2008-08-20')
,('user0228','mov073','4.5','2011-11-05')
,('user0228','mov192','5.0','2009-11-25')
,('user0228','mov068','3.0','2009-08-02')
,('user0228','mov170','3.5','2005-04-29')
,('user0228','mov014','3.0','2012-04-10')
,('user0228','mov093','3.0','2015-07-16')
,('user0228','mov212','3.0','2007-06-27')
,('user0228','mov171','4.5','2008-08-13')
,('user0228','mov164','4.0','2005-02-27')
,('user0228','mov107','3.5','2016-06-13')
,('user0228','mov241','4.5','2005-09-09')
,('user0228','mov162','4.5','2014-06-04')
,('user0228','mov008','5.0','2009-12-07')
,('user0228','mov038','3.0','2008-06-28')
,('user0228','mov108','4.0','2014-06-28')
,('user0228','mov154','4.5','2007-07-25')
,('user0228','mov006','4.0','2011-11-13')
,('user0228','mov174','3.0','2011-02-08')
,('user0228','mov198','3.5','2007-03-09')
,('user0228','mov015','4.5','2005-04-06')
,('user0228','mov131','3.0','2008-01-14')
,('user0229','mov024','4.0','2016-04-02')
,('user0229','mov113','3.0','2007-06-18')
,('user0229','mov106','4.5','2011-12-16')
,('user0229','mov239','4.5','2005-04-13')
,('user0229','mov181','3.0','2012-09-14')
,('user0229','mov072','3.5','2008-03-25')
,('user0229','mov101','5.0','2010-02-16')
,('user0229','mov034','3.5','2010-07-07')
,('user0229','mov060','4.0','2010-07-19')
,('user0229','mov136','3.0','2016-01-13')
,('user0229','mov140','5.0','2016-04-19')
,('user0229','mov041','5.0','2015-04-05')
,('user0229','mov097','3.0','2011-03-03')
,('user0229','mov194','4.0','2014-11-07')
,('user0229','mov120','5.0','2016-05-06')
,('user0229','mov128','4.0','2006-04-28')
,('user0229','mov189','4.0','2005-02-14')
,('user0230','mov051','4.0','2010-08-24')
,('user0230','mov018','4.0','2014-09-17')
,('user0230','mov148','4.5','2016-06-01')
,('user0230','mov142','4.0','2015-12-06')
,('user0230','mov200','5.0','2012-04-06')
,('user0230','mov143','4.5','2014-05-25')
,('user0230','mov184','4.5','2015-09-21')
,('user0230','mov224','3.5','2009-07-14')
,('user0230','mov092','4.0','2015-11-23')
,('user0230','mov108','4.5','2009-01-13')
,('user0230','mov211','4.0','2011-02-15')
,('user0230','mov147','3.5','2005-07-06')
,('user0230','mov008','4.0','2009-12-10')
,('user0230','mov118','5.0','2009-08-03')
,('user0230','mov214','3.0','2007-10-08')
,('user0230','mov135','3.0','2014-01-30')
,('user0230','mov034','4.5','2005-03-08')
,('user0230','mov168','5.0','2006-10-13')
,('user0230','mov171','4.0','2016-06-02')
,('user0230','mov115','3.0','2010-08-15')
,('user0230','mov058','3.5','2015-12-10')
,('user0230','mov167','3.0','2011-11-28')
,('user0230','mov248','3.5','2006-02-21')
,('user0230','mov090','5.0','2014-12-28')
,('user0230','mov082','3.0','2016-07-30')
,('user0230','mov060','4.5','2011-04-13')
,('user0230','mov107','3.0','2016-07-02')
,('user0230','mov197','3.5','2016-08-01')
,('user0231','mov046','4.0','2008-12-10')
,('user0231','mov240','4.0','2015-12-03')
,('user0231','mov110','5.0','2011-01-04')
,('user0231','mov156','3.5','2009-10-09')
,('user0231','mov160','3.0','2006-12-18')
,('user0231','mov220','3.5','2010-04-29')
,('user0231','mov102','3.0','2008-10-26')
,('user0231','mov207','4.0','2013-04-01')
,('user0231','mov234','3.0','2011-01-07')
,('user0231','mov043','4.0','2013-03-20')
,('user0231','mov024','5.0','2015-11-20')
,('user0231','mov247','3.0','2010-01-11')
,('user0231','mov139','5.0','2012-12-15')
,('user0231','mov008','3.0','2011-10-09')
,('user0231','mov146','3.0','2013-09-20')
,('user0231','mov168','5.0','2011-09-18')
,('user0231','mov149','4.0','2009-09-30')
,('user0231','mov078','3.5','2007-12-18')
,('user0232','mov180','5.0','2011-02-19')
,('user0232','mov246','5.0','2010-06-05')
,('user0232','mov146','4.5','2010-04-30')
,('user0232','mov029','4.5','2010-12-19')
,('user0232','mov127','4.5','2015-09-26')
,('user0232','mov004','3.5','2008-11-26')
,('user0232','mov030','4.0','2013-11-30')
,('user0232','mov194','5.0','2008-04-17')
,('user0232','mov198','3.0','2006-06-16')
,('user0232','mov053','3.5','2015-09-01')
,('user0232','mov144','5.0','2007-02-24')
,('user0232','mov154','4.0','2013-06-01')
,('user0232','mov135','3.0','2007-05-03')
,('user0232','mov193','4.5','2010-05-16')
,('user0232','mov055','3.0','2008-12-15')
,('user0232','mov210','3.5','2010-10-12')
,('user0232','mov145','5.0','2005-01-26')
,('user0232','mov060','3.0','2009-03-12')
,('user0232','mov023','3.5','2016-07-20')
,('user0232','mov186','4.0','2012-07-14')
,('user0232','mov196','5.0','2011-10-19')
,('user0232','mov110','4.0','2015-01-12')
,('user0232','mov189','3.5','2006-09-20')
,('user0232','mov143','4.0','2016-02-06')
,('user0232','mov066','3.0','2012-08-11')
,('user0232','mov037','5.0','2016-01-14')
,('user0233','mov111','3.0','2010-01-22')
,('user0233','mov060','5.0','2012-10-06')
,('user0233','mov153','4.5','2007-01-17')
,('user0233','mov122','5.0','2007-07-09')
,('user0233','mov005','3.5','2008-08-30')
,('user0233','mov214','5.0','2013-12-07')
,('user0233','mov211','4.0','2008-10-01')
,('user0233','mov192','4.5','2012-03-18')
,('user0234','mov192','3.0','2012-09-06')
,('user0234','mov088','5.0','2010-03-02')
,('user0234','mov033','3.0','2009-12-26')
,('user0234','mov219','4.0','2005-04-23')
,('user0234','mov038','4.5','2011-07-17')
,('user0234','mov166','3.0','2011-05-29')
,('user0234','mov071','3.0','2016-03-06')
,('user0234','mov105','4.5','2010-10-30')
,('user0234','mov216','4.0','2008-07-27')
,('user0234','mov050','4.0','2014-12-12')
,('user0234','mov068','4.0','2009-05-16')
,('user0234','mov247','4.5','2005-08-14')
,('user0234','mov236','4.0','2014-12-24')
,('user0234','mov117','4.0','2016-10-02')
,('user0234','mov195','3.5','2010-04-09')
,('user0234','mov115','4.0','2008-04-24')
,('user0234','mov141','5.0','2010-01-19')
,('user0234','mov128','4.5','2006-10-04')
,('user0234','mov046','4.0','2008-10-06')
,('user0234','mov200','3.5','2005-08-15')
,('user0234','mov013','4.5','2006-09-28')
,('user0234','mov004','3.5','2008-10-15')
,('user0234','mov099','4.5','2015-03-19')
,('user0234','mov126','5.0','2013-10-27')
,('user0234','mov160','5.0','2008-02-18')
,('user0234','mov042','5.0','2009-01-11')
,('user0234','mov220','4.0','2011-09-07')
,('user0235','mov159','5.0','2008-02-26')
,('user0235','mov013','3.5','2005-11-13')
,('user0235','mov149','3.0','2016-02-19')
,('user0235','mov249','4.0','2012-03-17')
,('user0235','mov132','4.0','2016-02-14')
,('user0235','mov116','4.0','2008-03-09')
,('user0235','mov245','4.5','2008-03-25')
,('user0235','mov214','4.5','2011-03-28')
,('user0235','mov093','3.5','2009-10-28')
,('user0235','mov206','5.0','2015-05-07')
,('user0235','mov161','5.0','2011-03-26')
,('user0235','mov016','3.0','2006-04-03')
,('user0235','mov011','3.5','2009-06-01')
,('user0235','mov125','4.0','2010-10-13')
,('user0235','mov147','4.5','2006-12-01')
,('user0235','mov223','3.5','2010-04-03')
,('user0235','mov166','4.5','2007-06-01')
,('user0235','mov023','4.0','2007-09-29')
,('user0235','mov205','4.0','2014-12-29')
,('user0235','mov033','3.0','2005-10-05')
,('user0235','mov027','3.0','2006-09-05')
,('user0235','mov239','3.0','2013-05-04')
,('user0235','mov200','3.5','2012-06-10')
,('user0235','mov045','4.5','2013-07-14')
,('user0235','mov247','3.5','2012-10-07')
,('user0235','mov191','3.5','2006-09-29')
,('user0235','mov068','4.0','2014-04-17')
,('user0235','mov203','3.5','2016-10-25')
,('user0235','mov061','3.0','2010-09-22')
,('user0235','mov219','4.0','2009-10-28')
,('user0235','mov158','3.0','2013-02-17')
,('user0235','mov117','3.5','2015-01-08')
,('user0235','mov099','3.0','2007-05-06')
,('user0235','mov103','3.5','2008-06-15')
,('user0235','mov169','4.5','2009-01-07')
,('user0235','mov215','3.5','2014-07-06')
,('user0235','mov193','5.0','2010-02-04')
,('user0235','mov156','4.0','2006-03-05')
,('user0235','mov137','4.5','2009-10-05')
,('user0235','mov046','3.5','2015-03-23')
,('user0235','mov047','5.0','2015-09-27')
,('user0235','mov186','3.0','2014-12-03')
,('user0235','mov072','5.0','2008-03-01')
,('user0235','mov213','3.0','2016-05-12')
,('user0236','mov034','4.0','2016-06-29')
,('user0236','mov069','5.0','2014-12-03')
,('user0236','mov050','4.0','2010-02-21')
,('user0236','mov233','4.5','2008-11-01')
,('user0236','mov128','4.5','2012-08-27')
,('user0236','mov227','4.0','2013-11-29')
,('user0236','mov244','5.0','2011-09-06')
,('user0236','mov017','3.5','2007-09-22')
,('user0236','mov148','3.0','2013-07-23')
,('user0236','mov184','3.0','2013-08-08')
,('user0236','mov200','4.0','2016-03-28')
,('user0236','mov154','3.0','2015-05-02')
,('user0236','mov098','3.5','2009-07-11')
,('user0236','mov240','3.0','2011-12-31')
,('user0236','mov228','3.0','2010-07-09')
,('user0236','mov190','3.0','2010-04-17')
,('user0236','mov195','5.0','2007-09-04')
,('user0236','mov029','3.5','2007-01-31')
,('user0236','mov142','4.0','2005-03-09')
,('user0236','mov127','5.0','2008-03-08')
,('user0236','mov031','5.0','2009-07-21')
,('user0236','mov024','5.0','2009-08-18')
,('user0236','mov144','4.5','2015-10-05')
,('user0236','mov249','4.5','2015-05-24')
,('user0236','mov099','4.5','2007-02-03')
,('user0236','mov132','4.5','2011-04-17')
,('user0236','mov131','4.0','2010-04-19')
,('user0236','mov164','3.5','2015-11-11')
,('user0236','mov074','3.5','2006-10-19')
,('user0236','mov026','3.0','2011-08-19')
,('user0236','mov058','3.0','2012-03-12')
,('user0236','mov238','5.0','2008-01-11')
,('user0236','mov118','3.0','2014-12-26')
,('user0236','mov086','4.0','2010-01-26')
,('user0236','mov243','3.5','2005-05-16')
,('user0236','mov061','3.5','2008-07-27')
,('user0237','mov150','5.0','2014-12-04')
,('user0237','mov090','3.5','2010-02-13')
,('user0237','mov122','4.5','2005-04-13')
,('user0237','mov231','4.0','2010-09-21')
,('user0237','mov181','4.0','2007-08-22')
,('user0237','mov109','3.5','2007-04-27')
,('user0237','mov093','3.0','2010-01-13')
,('user0237','mov111','3.0','2008-10-25')
,('user0238','mov129','3.0','2015-01-16')
,('user0238','mov181','4.5','2012-06-07')
,('user0238','mov044','5.0','2006-02-22')
,('user0238','mov237','5.0','2012-07-25')
,('user0238','mov058','3.0','2009-01-02')
,('user0238','mov112','4.0','2005-06-08')
,('user0238','mov067','3.0','2007-04-09')
,('user0238','mov023','4.5','2007-04-03')
,('user0238','mov173','4.5','2015-06-19')
,('user0238','mov245','3.0','2014-01-31')
,('user0238','mov091','4.0','2016-06-04')
,('user0238','mov217','5.0','2014-03-19')
,('user0238','mov149','3.5','2013-03-05')
,('user0238','mov083','4.5','2010-11-22')
,('user0238','mov020','3.0','2016-11-03')
,('user0238','mov179','3.5','2007-10-21')
,('user0238','mov035','5.0','2016-04-07')
,('user0238','mov046','3.5','2007-02-10')
,('user0238','mov175','4.5','2011-07-28')
,('user0238','mov003','3.0','2005-10-30')
,('user0238','mov105','3.0','2006-10-28')
,('user0238','mov182','4.5','2012-09-27')
,('user0238','mov070','5.0','2010-10-25')
,('user0238','mov232','3.0','2014-06-23')
,('user0238','mov057','3.0','2010-12-22')
,('user0238','mov061','4.5','2013-03-02')
,('user0238','mov097','5.0','2013-11-27')
,('user0238','mov222','5.0','2010-11-20')
,('user0238','mov150','3.5','2016-04-02')
,('user0238','mov119','3.5','2010-10-10')
,('user0238','mov016','4.5','2005-02-12')
,('user0238','mov234','4.5','2008-12-08')
,('user0238','mov052','3.5','2015-11-27')
,('user0238','mov240','5.0','2011-03-29')
,('user0238','mov162','4.0','2005-07-22')
,('user0238','mov247','5.0','2010-10-08')
,('user0238','mov110','3.5','2011-10-25')
,('user0238','mov226','4.0','2013-02-17')
,('user0238','mov012','4.0','2011-01-26')
,('user0238','mov137','4.0','2015-01-26')
,('user0238','mov140','4.0','2008-01-01')
,('user0238','mov214','5.0','2010-05-06')
,('user0238','mov231','5.0','2005-02-16')
,('user0238','mov189','3.5','2005-03-01')
,('user0238','mov242','5.0','2015-07-20')
,('user0238','mov195','3.5','2010-11-23')
,('user0238','mov146','3.0','2011-09-23')
,('user0238','mov127','4.0','2007-05-15')
,('user0239','mov123','4.5','2011-11-27')
,('user0239','mov063','5.0','2013-01-06')
,('user0239','mov007','4.0','2014-10-05')
,('user0239','mov118','4.5','2007-10-22')
,('user0239','mov157','3.5','2008-03-23')
,('user0239','mov211','4.5','2015-04-04')
,('user0239','mov202','4.5','2008-04-27')
,('user0239','mov137','3.5','2012-07-20')
,('user0239','mov173','5.0','2014-05-02')
,('user0239','mov038','4.5','2016-07-02')
,('user0239','mov242','3.5','2007-09-08')
,('user0239','mov135','5.0','2005-08-06')
,('user0239','mov085','3.0','2010-12-25')
,('user0239','mov241','3.5','2012-08-29')
,('user0239','mov005','3.0','2009-08-05')
,('user0239','mov036','4.0','2014-01-08')
,('user0239','mov124','4.5','2010-04-11')
,('user0239','mov200','5.0','2007-10-21')
,('user0239','mov249','3.0','2007-11-11')
,('user0239','mov240','3.5','2012-09-05')
,('user0239','mov107','5.0','2012-08-03')
,('user0239','mov209','5.0','2005-04-29')
,('user0239','mov121','4.0','2009-02-20')
,('user0239','mov204','3.5','2012-12-11')
,('user0239','mov129','3.0','2011-08-09')
,('user0239','mov113','3.5','2005-11-19')
,('user0239','mov095','3.5','2007-11-13')
,('user0239','mov219','3.0','2005-02-22')
,('user0239','mov176','3.0','2009-11-14')
,('user0239','mov067','3.5','2006-03-17')
,('user0239','mov141','4.5','2013-11-06')
,('user0239','mov138','4.5','2011-07-01')
,('user0239','mov122','4.5','2013-10-05')
,('user0240','mov093','3.0','2005-12-12')
,('user0240','mov177','4.5','2015-11-09')
,('user0240','mov046','4.5','2006-04-05')
,('user0240','mov080','4.0','2007-01-26')
,('user0240','mov056','3.0','2009-07-20')
,('user0240','mov186','3.5','2010-03-31')
,('user0240','mov193','5.0','2011-06-06')
,('user0240','mov242','4.5','2007-05-10')
,('user0240','mov183','3.5','2011-02-27')
,('user0240','mov014','3.0','2011-07-25')
,('user0240','mov024','4.0','2005-05-22')
,('user0240','mov220','4.0','2009-06-05')
,('user0240','mov164','4.5','2013-06-07')
,('user0240','mov041','4.0','2011-12-01')
,('user0240','mov076','3.5','2013-08-02')
,('user0240','mov147','3.0','2015-03-08')
,('user0240','mov012','3.0','2011-11-23')
,('user0240','mov182','4.0','2014-12-13')
,('user0240','mov020','3.5','2011-10-09')
,('user0240','mov154','5.0','2015-08-09')
,('user0240','mov073','4.5','2011-01-16')
,('user0240','mov248','3.5','2007-10-10')
,('user0240','mov205','5.0','2010-05-31')
,('user0240','mov055','5.0','2007-07-18')
,('user0241','mov187','3.0','2009-04-12')
,('user0241','mov104','3.5','2008-04-07')
,('user0241','mov193','4.5','2007-04-06')
,('user0241','mov215','4.5','2006-06-19')
,('user0241','mov229','4.5','2008-04-22')
,('user0241','mov235','4.5','2007-04-27')
,('user0241','mov185','4.5','2010-03-10')
,('user0241','mov191','4.0','2015-08-30')
,('user0241','mov143','5.0','2012-08-08')
,('user0241','mov087','4.5','2011-05-12')
,('user0242','mov131','3.0','2014-09-26')
,('user0242','mov212','4.5','2013-07-09')
,('user0242','mov092','4.5','2006-11-25')
,('user0242','mov160','5.0','2013-03-07')
,('user0242','mov075','5.0','2011-08-05')
,('user0242','mov116','3.5','2010-10-28')
,('user0242','mov034','3.5','2005-01-03')
,('user0242','mov103','3.5','2011-09-08')
,('user0242','mov237','3.5','2007-02-09')
,('user0242','mov173','3.5','2008-10-13')
,('user0242','mov182','5.0','2005-06-22')
,('user0242','mov224','4.0','2010-08-27')
,('user0242','mov101','5.0','2013-09-27')
,('user0242','mov076','4.0','2006-08-18')
,('user0242','mov077','3.5','2008-04-21')
,('user0242','mov009','5.0','2005-06-07')
,('user0242','mov054','3.0','2010-10-26')
,('user0242','mov180','4.0','2010-09-19')
,('user0242','mov210','5.0','2011-01-22')
,('user0242','mov229','5.0','2007-03-13')
,('user0242','mov118','3.5','2014-02-12')
,('user0242','mov030','4.0','2011-02-16')
,('user0242','mov150','3.5','2013-06-07')
,('user0242','mov031','4.5','2010-08-31')
,('user0242','mov247','3.5','2005-01-20')
,('user0242','mov198','3.0','2012-08-02')
,('user0242','mov217','3.5','2005-06-02')
,('user0242','mov136','4.5','2008-03-04')
,('user0242','mov002','5.0','2007-04-06')
,('user0242','mov078','3.0','2012-02-16')
,('user0242','mov082','3.5','2012-09-20')
,('user0242','mov085','5.0','2013-11-16')
,('user0242','mov047','4.5','2009-11-11')
,('user0242','mov138','3.5','2015-06-28')
,('user0242','mov205','5.0','2012-01-11')
,('user0242','mov211','4.5','2015-02-11')
,('user0242','mov074','5.0','2013-04-15')
,('user0242','mov177','3.0','2012-08-20')
,('user0243','mov038','4.0','2011-02-21')
,('user0243','mov216','4.5','2010-07-09')
,('user0243','mov152','3.5','2013-04-03')
,('user0243','mov224','4.0','2015-11-13')
,('user0243','mov203','3.5','2016-02-02')
,('user0243','mov172','3.5','2005-12-05')
,('user0243','mov115','3.5','2005-01-23')
,('user0243','mov223','4.0','2016-10-13')
,('user0243','mov197','3.0','2006-04-25')
,('user0243','mov101','5.0','2014-05-03')
,('user0243','mov113','3.5','2007-08-23')
,('user0243','mov046','3.5','2009-02-21')
,('user0243','mov006','3.5','2012-04-01')
,('user0243','mov249','5.0','2014-11-01')
,('user0243','mov107','3.0','2010-06-08')
,('user0243','mov173','3.5','2007-08-20')
,('user0243','mov154','3.0','2006-08-09')
,('user0243','mov232','4.5','2008-11-23')
,('user0243','mov057','3.5','2015-03-02')
,('user0244','mov181','4.5','2014-03-03')
,('user0244','mov233','3.0','2015-01-28')
,('user0244','mov219','4.5','2005-03-10')
,('user0244','mov245','3.5','2015-01-10')
,('user0244','mov127','4.0','2016-04-25')
,('user0244','mov038','4.5','2013-01-31')
,('user0244','mov211','4.5','2014-10-12')
,('user0244','mov244','4.0','2016-03-02')
,('user0244','mov014','5.0','2015-06-18')
,('user0244','mov141','4.5','2009-10-18')
,('user0244','mov208','4.0','2014-03-31')
,('user0244','mov128','5.0','2013-06-03')
,('user0244','mov004','3.5','2007-09-03')
,('user0244','mov073','3.5','2015-09-23')
,('user0244','mov003','3.0','2014-01-29')
,('user0244','mov182','3.0','2016-06-14')
,('user0244','mov049','3.0','2012-03-31')
,('user0244','mov143','3.0','2005-06-30')
,('user0244','mov102','3.5','2009-08-02')
,('user0244','mov225','3.5','2010-12-10')
,('user0244','mov074','3.5','2013-05-31')
,('user0244','mov008','5.0','2008-06-17')
,('user0244','mov246','4.0','2012-08-22')
,('user0244','mov019','5.0','2006-01-14')
,('user0244','mov025','4.0','2006-06-28')
,('user0244','mov023','4.5','2012-09-24')
,('user0244','mov036','5.0','2007-06-05')
,('user0244','mov169','3.0','2009-09-04')
,('user0244','mov066','5.0','2006-01-29')
,('user0244','mov013','4.0','2013-09-06')
,('user0245','mov009','3.0','2013-02-11')
,('user0245','mov193','3.5','2006-07-10')
,('user0245','mov159','3.0','2009-08-18')
,('user0245','mov066','3.5','2012-09-21')
,('user0245','mov133','4.0','2013-08-29')
,('user0245','mov012','5.0','2010-03-22')
,('user0245','mov201','3.5','2006-05-06')
,('user0245','mov213','3.5','2016-03-12')
,('user0245','mov171','4.0','2006-04-15')
,('user0245','mov230','3.0','2014-10-15')
,('user0245','mov214','4.0','2005-12-11')
,('user0245','mov195','5.0','2013-12-03')
,('user0245','mov014','5.0','2005-05-23')
,('user0245','mov001','4.0','2011-10-09')
,('user0245','mov027','4.0','2010-10-30')
,('user0245','mov223','3.5','2014-08-31')
,('user0245','mov191','5.0','2005-09-24')
,('user0245','mov123','4.5','2009-01-04')
,('user0245','mov093','3.5','2010-09-14')
,('user0246','mov101','3.5','2005-04-14')
,('user0246','mov115','4.5','2015-06-11')
,('user0246','mov246','3.5','2005-01-15')
,('user0246','mov011','3.0','2013-09-09')
,('user0246','mov171','4.0','2011-04-22')
,('user0246','mov057','5.0','2016-01-31')
,('user0246','mov208','3.5','2006-10-10')
,('user0246','mov129','3.5','2008-06-26')
,('user0246','mov024','5.0','2014-08-30')
,('user0246','mov248','5.0','2010-05-28')
,('user0246','mov119','5.0','2008-12-22')
,('user0246','mov211','5.0','2012-10-16')
,('user0246','mov236','3.5','2010-02-07')
,('user0246','mov088','4.5','2011-05-28')
,('user0246','mov215','5.0','2013-06-18')
,('user0246','mov126','3.0','2011-09-05')
,('user0246','mov073','5.0','2010-01-09')
,('user0246','mov165','4.5','2005-04-22')
,('user0246','mov065','4.5','2011-09-06')
,('user0246','mov172','3.0','2014-12-13')
,('user0246','mov083','5.0','2015-11-02')
,('user0246','mov072','4.0','2006-09-19')
,('user0246','mov198','5.0','2006-01-04')
,('user0246','mov112','4.5','2014-03-01')
,('user0246','mov075','5.0','2010-11-06')
,('user0246','mov222','4.0','2007-05-29')
,('user0246','mov028','4.0','2015-02-05')
,('user0246','mov247','3.5','2007-06-18')
,('user0246','mov067','4.0','2013-04-26')
,('user0246','mov097','5.0','2012-11-01')
,('user0247','mov140','5.0','2009-12-12')
,('user0247','mov214','4.5','2007-03-02')
,('user0247','mov160','4.5','2008-03-14')
,('user0247','mov103','3.0','2011-12-10')
,('user0247','mov144','4.0','2015-08-23')
,('user0247','mov233','5.0','2013-12-03')
,('user0247','mov154','4.0','2006-10-18')
,('user0247','mov056','3.0','2013-11-26')
,('user0247','mov124','3.5','2011-07-07')
,('user0247','mov046','4.5','2016-10-24')
,('user0247','mov099','3.0','2012-03-04')
,('user0247','mov011','3.5','2006-03-14')
,('user0247','mov034','3.5','2015-01-18')
,('user0247','mov153','3.0','2005-07-15')
,('user0247','mov169','4.0','2008-05-30')
,('user0247','mov156','4.0','2014-12-11')
,('user0247','mov064','3.5','2016-07-07')
,('user0247','mov079','3.0','2016-02-28')
,('user0247','mov195','4.0','2016-08-18')
,('user0247','mov087','3.5','2006-02-03')
,('user0247','mov015','4.5','2012-10-06')
,('user0247','mov139','3.5','2014-08-27')
,('user0247','mov240','5.0','2015-11-09')
,('user0247','mov237','3.5','2005-03-07')
,('user0247','mov033','3.0','2007-07-10')
,('user0247','mov187','4.5','2007-08-13')
,('user0247','mov083','5.0','2007-11-15')
,('user0247','mov184','5.0','2008-08-07')
,('user0247','mov227','4.0','2008-05-08')
,('user0247','mov069','4.5','2015-03-27')
,('user0247','mov112','5.0','2014-10-12')
,('user0247','mov173','3.0','2008-07-16')
,('user0247','mov119','4.5','2014-07-28')
,('user0247','mov031','4.0','2011-04-02')
,('user0247','mov027','4.0','2014-06-29')
,('user0247','mov197','5.0','2016-10-22')
,('user0247','mov029','4.5','2009-11-11')
,('user0247','mov243','3.0','2005-11-22')
,('user0247','mov055','3.5','2006-05-25')
,('user0248','mov159','4.0','2005-06-18')
,('user0248','mov088','5.0','2011-12-02')
,('user0248','mov223','5.0','2009-01-25')
,('user0248','mov165','5.0','2008-05-10')
,('user0248','mov046','3.0','2005-11-23')
,('user0248','mov052','4.0','2015-01-03')
,('user0248','mov211','4.5','2014-03-12')
,('user0248','mov182','4.5','2014-02-04')
,('user0248','mov146','4.5','2010-11-12')
,('user0248','mov040','4.5','2016-01-05')
,('user0248','mov001','4.5','2013-04-09')
,('user0248','mov027','5.0','2016-09-07')
,('user0248','mov105','4.5','2011-07-12')
,('user0248','mov130','4.0','2010-02-22')
,('user0248','mov015','3.5','2006-12-12')
,('user0248','mov070','4.5','2006-07-07')
,('user0248','mov092','4.5','2008-04-11')
,('user0248','mov238','3.5','2014-12-03')
,('user0248','mov064','3.0','2008-01-12')
,('user0248','mov230','3.0','2016-07-27')
,('user0248','mov098','3.5','2012-11-26')
,('user0248','mov086','3.0','2015-07-23')
,('user0248','mov171','5.0','2015-09-06')
,('user0248','mov066','4.0','2010-11-16')
,('user0248','mov104','3.5','2012-07-23')
,('user0248','mov191','3.5','2013-11-14')
,('user0248','mov175','3.0','2012-10-02')
,('user0248','mov158','5.0','2008-06-14')
,('user0248','mov184','3.5','2011-03-20')
,('user0248','mov016','5.0','2013-05-28')
,('user0249','mov240','3.0','2012-10-11')
,('user0249','mov023','3.5','2007-01-04')
,('user0249','mov121','5.0','2011-06-22')
,('user0249','mov042','3.5','2005-05-11')
,('user0249','mov205','4.0','2012-06-10')
,('user0249','mov004','3.5','2009-11-19')
,('user0249','mov128','5.0','2010-11-08')
,('user0249','mov246','3.0','2011-01-07')
,('user0249','mov239','3.5','2011-03-06')
,('user0249','mov177','3.5','2006-04-01')
,('user0249','mov159','5.0','2010-05-01')
,('user0249','mov234','4.5','2007-08-19')
,('user0249','mov210','4.5','2009-10-31')
,('user0249','mov123','3.0','2011-12-23')
,('user0249','mov052','5.0','2013-08-28')
,('user0249','mov227','3.0','2008-03-28')
,('user0249','mov125','3.0','2006-09-13')
,('user0249','mov047','3.5','2009-10-04')
,('user0249','mov074','3.5','2013-06-05')
,('user0249','mov093','4.0','2014-12-09')
,('user0249','mov164','3.0','2015-06-05')
,('user0249','mov025','4.0','2016-06-19')
,('user0249','mov119','4.0','2009-10-28')
,('user0249','mov055','4.0','2014-04-22')
,('user0249','mov013','3.0','2010-04-20')
,('user0249','mov243','4.5','2011-04-26')
,('user0249','mov081','3.5','2007-04-26')
,('user0249','mov032','4.5','2008-09-27')
,('user0249','mov188','4.0','2007-08-18')
,('user0249','mov069','4.5','2013-04-04')
,('user0249','mov215','4.0','2011-02-04')
,('user0249','mov166','4.0','2012-09-18')
,('user0249','mov096','3.5','2007-12-05')
,('user0249','mov178','4.0','2012-06-10')
,('user0249','mov172','4.5','2016-07-12')
,('user0249','mov229','3.0','2015-10-23')
,('user0249','mov162','5.0','2009-12-01')
,('user0249','mov202','4.5','2012-11-11')
,('user0249','mov190','4.5','2006-04-11')
,('user0250','mov069','3.5','2005-01-19')
,('user0250','mov125','4.0','2009-03-05')
,('user0250','mov163','3.0','2014-07-27')
,('user0250','mov070','5.0','2011-07-17')
,('user0250','mov106','4.0','2015-09-27')
,('user0250','mov233','3.5','2011-07-01')
,('user0250','mov086','3.5','2011-01-21')
,('user0250','mov231','5.0','2012-10-23')
,('user0250','mov160','3.0','2006-10-23')
,('user0250','mov084','3.5','2005-03-17')
,('user0250','mov053','5.0','2009-01-11')
,('user0250','mov117','3.0','2012-08-06')
,('user0250','mov232','3.5','2011-05-03')
,('user0250','mov073','5.0','2009-10-22')
,('user0250','mov148','4.5','2005-04-12')
,('user0250','mov166','5.0','2007-10-08')
,('user0250','mov009','3.5','2014-07-13')
,('user0250','mov085','3.0','2006-08-27')
,('user0250','mov012','4.0','2013-10-08')
,('user0250','mov006','4.0','2016-10-06')
,('user0250','mov247','3.5','2013-07-18')
,('user0250','mov189','3.0','2006-10-14')
,('user0250','mov075','3.5','2012-09-22')
,('user0250','mov130','4.0','2015-01-18')
,('user0250','mov014','3.5','2015-02-16')
,('user0250','mov195','3.5','2010-06-11')
,('user0250','mov103','5.0','2014-09-11')
,('user0250','mov083','4.0','2013-11-15')
,('user0250','mov067','4.0','2013-01-20')
,('user0250','mov171','4.5','2013-09-20')
,('user0250','mov197','3.5','2010-09-04')
,('user0250','mov132','4.0','2013-07-28')
,('user0250','mov134','3.5','2010-12-28')
,('user0250','mov213','4.5','2006-03-24')
,('user0250','mov155','4.5','2015-03-29')
,('user0250','mov050','3.5','2006-07-17')
,('user0250','mov020','4.5','2011-10-13')
,('user0250','mov037','5.0','2010-09-14')
,('user0250','mov165','4.5','2005-06-08')
,('user0250','mov041','4.5','2013-07-04')
,('user0250','mov225','4.0','2011-10-04')
,('user0250','mov141','5.0','2014-05-29')
,('user0251','mov144','3.0','2016-04-10')
,('user0251','mov022','5.0','2009-10-30')
,('user0251','mov101','5.0','2012-08-14')
,('user0251','mov085','4.5','2010-09-17')
,('user0251','mov048','4.5','2006-02-04')
,('user0251','mov074','5.0','2005-10-04')
,('user0251','mov106','4.0','2008-05-17')
,('user0251','mov199','4.5','2012-04-30')
,('user0251','mov178','5.0','2006-05-26')
,('user0251','mov087','4.5','2012-10-13')
,('user0251','mov160','3.5','2016-06-16')
,('user0251','mov240','3.5','2016-02-09')
,('user0251','mov248','3.5','2013-04-13')
,('user0251','mov212','5.0','2011-12-04')
,('user0251','mov242','4.5','2011-06-24')
,('user0251','mov213','5.0','2006-03-05')
,('user0251','mov216','4.0','2016-06-23')
,('user0251','mov134','5.0','2006-11-29')
,('user0251','mov227','5.0','2009-12-18')
,('user0251','mov054','3.0','2012-03-13')
,('user0251','mov172','4.0','2010-03-11')
,('user0251','mov244','4.5','2010-08-05')
,('user0251','mov007','4.0','2013-02-27')
,('user0251','mov089','4.5','2012-07-17')
,('user0251','mov158','3.5','2009-11-25')
,('user0251','mov070','4.0','2006-04-02')
,('user0251','mov211','3.5','2006-07-14')
,('user0251','mov119','4.0','2008-02-16')
,('user0251','mov036','4.5','2012-10-12')
,('user0251','mov060','4.5','2011-02-27')
,('user0251','mov116','4.0','2016-06-15')
,('user0251','mov139','3.0','2008-07-23')
,('user0251','mov165','3.5','2015-01-14')
,('user0251','mov052','4.5','2011-08-05')
,('user0251','mov083','5.0','2007-04-17')
,('user0251','mov058','3.0','2010-07-11')
,('user0251','mov195','4.5','2005-12-05')
,('user0251','mov090','3.5','2007-12-11')
,('user0251','mov044','3.5','2005-02-23')
,('user0251','mov078','3.5','2005-02-03')
,('user0251','mov207','3.0','2016-01-02')
,('user0251','mov217','5.0','2012-08-24')
,('user0251','mov136','4.5','2010-11-21')
,('user0251','mov033','4.0','2015-05-24')
,('user0251','mov156','5.0','2007-01-30')
,('user0251','mov210','4.0','2008-06-11')
,('user0251','mov113','5.0','2015-03-31')
,('user0251','mov197','3.0','2009-03-06')
,('user0251','mov095','4.0','2009-10-21')
,('user0251','mov126','4.5','2016-08-29')
,('user0252','mov247','3.0','2012-07-06')
,('user0252','mov131','4.0','2011-05-26')
,('user0252','mov120','4.5','2010-07-15')
,('user0252','mov127','3.5','2006-01-26')
,('user0252','mov111','5.0','2007-05-02')
,('user0252','mov077','3.5','2011-01-16')
,('user0252','mov084','3.5','2015-08-27')
,('user0252','mov149','4.5','2016-01-14')
,('user0252','mov232','3.5','2007-09-17')
,('user0252','mov231','3.5','2011-03-25')
,('user0252','mov148','3.0','2014-11-09')
,('user0252','mov020','3.0','2006-10-06')
,('user0252','mov109','4.0','2008-02-27')
,('user0252','mov046','4.0','2007-06-10')
,('user0252','mov152','3.5','2011-08-28')
,('user0252','mov202','5.0','2011-09-19')
,('user0252','mov154','5.0','2015-07-10')
,('user0252','mov137','3.0','2014-09-10')
,('user0252','mov119','5.0','2007-01-28')
,('user0252','mov055','4.0','2009-07-15')
,('user0252','mov089','5.0','2007-02-03')
,('user0252','mov170','4.0','2007-12-23')
,('user0252','mov151','5.0','2010-09-14')
,('user0252','mov158','4.5','2007-11-07')
,('user0252','mov140','3.0','2005-01-07')
,('user0252','mov198','3.0','2016-08-01')
,('user0252','mov091','3.0','2006-04-01')
,('user0252','mov126','3.5','2014-05-31')
,('user0252','mov175','4.0','2010-08-26')
,('user0252','mov153','3.0','2010-10-02')
,('user0252','mov123','4.5','2008-09-19')
,('user0252','mov219','3.5','2014-09-27')
,('user0252','mov078','4.0','2015-10-24')
,('user0252','mov081','3.0','2010-05-04')
,('user0252','mov061','3.5','2015-12-22')
,('user0252','mov167','4.5','2005-06-25')
,('user0252','mov174','4.0','2013-11-16')
,('user0252','mov139','3.5','2007-02-10')
,('user0252','mov186','4.5','2016-01-03')
,('user0252','mov057','3.0','2015-08-07')
,('user0252','mov103','4.5','2012-03-27')
,('user0252','mov013','4.0','2010-02-18')
,('user0252','mov018','4.5','2015-09-10')
,('user0252','mov040','3.5','2014-01-14')
,('user0252','mov029','3.0','2009-11-30')
,('user0252','mov166','5.0','2012-08-01')
,('user0252','mov002','4.5','2008-03-13')
,('user0253','mov100','4.5','2011-02-11')
,('user0253','mov052','3.5','2008-06-25')
,('user0253','mov053','4.0','2012-03-19')
,('user0253','mov051','4.0','2015-10-30')
,('user0253','mov115','5.0','2005-06-29')
,('user0253','mov211','3.5','2011-08-27')
,('user0253','mov220','3.5','2015-07-04')
,('user0253','mov057','3.0','2010-05-21')
,('user0253','mov140','3.0','2006-01-06')
,('user0253','mov022','3.5','2012-10-25')
,('user0253','mov219','5.0','2009-07-11')
,('user0253','mov226','3.5','2014-02-25')
,('user0253','mov040','3.0','2013-08-16')
,('user0253','mov068','4.5','2015-07-31')
,('user0253','mov249','4.5','2008-02-07')
,('user0253','mov017','4.5','2012-02-09')
,('user0253','mov103','4.0','2016-01-31')
,('user0253','mov216','3.0','2012-01-08')
,('user0253','mov174','3.0','2011-04-08')
,('user0253','mov195','3.5','2010-04-26')
,('user0253','mov037','5.0','2012-07-03')
,('user0253','mov027','3.0','2013-11-03')
,('user0253','mov225','3.5','2006-04-26')
,('user0253','mov180','4.0','2005-04-07')
,('user0253','mov126','4.0','2014-09-30')
,('user0253','mov089','4.0','2014-07-21')
,('user0253','mov083','3.0','2006-04-12')
,('user0253','mov094','3.0','2012-02-15')
,('user0253','mov011','4.0','2013-12-30')
,('user0253','mov132','3.5','2009-11-14')
,('user0253','mov019','3.5','2014-11-18')
,('user0253','mov171','3.5','2008-05-26')
,('user0253','mov059','5.0','2010-07-20')
,('user0253','mov228','5.0','2014-12-29')
,('user0253','mov106','3.0','2012-10-20')
,('user0253','mov021','3.5','2013-10-08')
,('user0254','mov202','5.0','2015-04-14')
,('user0254','mov190','5.0','2007-11-15')
,('user0254','mov153','5.0','2016-04-18')
,('user0254','mov214','5.0','2005-08-27')
,('user0254','mov009','5.0','2010-11-09')
,('user0254','mov212','5.0','2011-10-08')
,('user0254','mov036','5.0','2010-07-06')
,('user0254','mov043','5.0','2010-03-26')
,('user0254','mov169','4.5','2007-08-01')
,('user0255','mov246','5.0','2005-01-10')
,('user0255','mov179','4.0','2015-12-23')
,('user0255','mov079','3.0','2007-11-11')
,('user0255','mov045','5.0','2014-06-23')
,('user0255','mov137','3.5','2005-05-15')
,('user0255','mov225','3.0','2011-11-28')
,('user0255','mov164','3.5','2007-12-21')
,('user0255','mov156','4.0','2014-12-06')
,('user0255','mov185','4.0','2005-01-10')
,('user0255','mov010','3.0','2015-02-11')
,('user0255','mov142','4.5','2014-11-01')
,('user0255','mov006','3.0','2007-05-03')
,('user0255','mov009','5.0','2005-01-23')
,('user0255','mov199','4.5','2012-07-24')
,('user0255','mov055','5.0','2011-04-21')
,('user0255','mov032','3.0','2006-12-27')
,('user0255','mov227','3.0','2015-06-18')
,('user0255','mov129','3.5','2005-05-03')
,('user0255','mov043','3.5','2013-01-02')
,('user0255','mov119','3.0','2011-11-19')
,('user0255','mov216','5.0','2011-05-05')
,('user0255','mov077','4.0','2012-07-22')
,('user0255','mov089','3.5','2008-08-14')
,('user0255','mov016','3.0','2013-03-16')
,('user0255','mov212','4.0','2005-10-06')
,('user0255','mov223','5.0','2010-01-02')
,('user0255','mov018','5.0','2011-05-15')
,('user0255','mov104','4.5','2015-11-02')
,('user0255','mov217','4.5','2012-09-01')
,('user0255','mov014','4.5','2011-10-06')
,('user0255','mov126','3.0','2005-05-28')
,('user0255','mov022','3.5','2013-05-14')
,('user0255','mov151','5.0','2016-10-20')
,('user0255','mov061','3.0','2006-04-28')
,('user0255','mov135','3.5','2015-06-01')
,('user0255','mov096','4.5','2016-10-30')
,('user0255','mov017','4.0','2013-03-29')
,('user0255','mov035','3.5','2007-12-20')
,('user0255','mov086','3.5','2011-10-13')
,('user0255','mov184','4.0','2016-02-01')
,('user0256','mov247','3.0','2014-06-24')
,('user0256','mov097','3.5','2010-05-25')
,('user0256','mov135','4.0','2008-04-15')
,('user0256','mov047','4.0','2009-11-14')
,('user0256','mov179','4.0','2009-07-28')
,('user0256','mov243','3.0','2009-05-21')
,('user0256','mov234','3.5','2014-07-02')
,('user0256','mov193','3.5','2013-07-24')
,('user0256','mov118','3.5','2011-05-20')
,('user0256','mov203','3.5','2010-02-02')
,('user0256','mov061','5.0','2008-07-24')
,('user0256','mov176','4.5','2014-01-29')
,('user0256','mov059','4.5','2012-11-16')
,('user0256','mov067','5.0','2013-11-25')
,('user0257','mov058','5.0','2009-09-05')
,('user0257','mov213','4.0','2014-11-01')
,('user0257','mov004','4.5','2014-11-14')
,('user0257','mov113','3.5','2007-09-25')
,('user0257','mov230','4.5','2013-08-30')
,('user0257','mov217','3.0','2012-07-19')
,('user0257','mov104','5.0','2011-04-12')
,('user0257','mov123','4.5','2012-07-29')
,('user0257','mov185','5.0','2010-11-09')
,('user0257','mov083','4.5','2006-05-07')
,('user0257','mov053','5.0','2015-03-31')
,('user0257','mov232','3.0','2007-10-29')
,('user0257','mov143','4.0','2009-06-05')
,('user0257','mov091','5.0','2007-02-25')
,('user0257','mov014','5.0','2014-08-29')
,('user0257','mov219','3.5','2015-05-15')
,('user0257','mov087','3.0','2010-02-27')
,('user0257','mov167','5.0','2006-04-04')
,('user0257','mov013','3.5','2007-03-28')
,('user0257','mov235','4.0','2009-09-15')
,('user0257','mov161','3.5','2011-01-22')
,('user0257','mov124','3.0','2013-08-17')
,('user0257','mov193','4.0','2014-11-16')
,('user0257','mov184','5.0','2014-02-14')
,('user0257','mov063','5.0','2013-08-06')
,('user0257','mov011','5.0','2008-12-26')
,('user0257','mov140','5.0','2008-04-05')
,('user0257','mov165','3.0','2006-07-03')
,('user0257','mov052','3.0','2014-02-14')
,('user0258','mov015','5.0','2014-01-20')
,('user0258','mov055','4.5','2005-01-06')
,('user0258','mov050','3.0','2014-07-01')
,('user0258','mov159','3.0','2013-01-24')
,('user0258','mov160','3.5','2009-05-23')
,('user0258','mov084','4.0','2013-10-24')
,('user0258','mov008','3.5','2013-09-09')
,('user0258','mov235','4.5','2009-08-23')
,('user0258','mov220','4.5','2016-01-20')
,('user0258','mov231','3.5','2008-11-09')
,('user0258','mov010','3.5','2013-06-13')
,('user0259','mov054','3.0','2011-05-23')
,('user0259','mov213','4.5','2013-03-18')
,('user0259','mov082','3.0','2014-05-25')
,('user0259','mov057','4.0','2011-03-15')
,('user0259','mov168','5.0','2007-07-01')
,('user0259','mov039','4.0','2012-03-07')
,('user0259','mov047','3.5','2010-02-12')
,('user0259','mov186','4.5','2010-10-02')
,('user0259','mov156','3.5','2015-10-10')
,('user0259','mov095','3.5','2010-03-06')
,('user0259','mov106','4.5','2011-11-20')
,('user0259','mov145','3.0','2008-06-12')
,('user0259','mov061','4.0','2015-06-10')
,('user0259','mov014','4.5','2015-04-10')
,('user0259','mov223','5.0','2005-02-12')
,('user0259','mov166','4.5','2010-10-13')
,('user0259','mov118','4.5','2007-05-27')
,('user0259','mov069','4.0','2015-03-11')
,('user0259','mov010','5.0','2011-11-26')
,('user0259','mov048','3.5','2008-05-14')
,('user0259','mov244','4.0','2009-02-04')
,('user0259','mov113','4.5','2010-07-13')
,('user0259','mov080','4.5','2014-10-16')
,('user0259','mov212','3.5','2010-07-07')
,('user0259','mov171','5.0','2015-09-25')
,('user0259','mov050','4.5','2008-08-05')
,('user0259','mov161','4.0','2012-06-27')
,('user0259','mov236','3.0','2005-05-22')
,('user0259','mov087','3.0','2010-06-28')
,('user0259','mov075','5.0','2007-11-13')
,('user0259','mov070','3.5','2016-03-19')
,('user0259','mov141','4.5','2013-02-19')
,('user0259','mov200','4.0','2011-02-02')
,('user0259','mov101','3.0','2014-05-13')
,('user0259','mov189','3.5','2011-11-15')
,('user0259','mov032','3.0','2007-06-21')
,('user0259','mov216','3.0','2013-07-31')
,('user0259','mov181','3.5','2016-07-12')
,('user0259','mov215','4.5','2008-11-15')
,('user0259','mov093','4.5','2007-01-19')
,('user0259','mov162','5.0','2015-04-04')
,('user0259','mov013','3.0','2012-05-30')
,('user0259','mov226','3.5','2006-08-17')
,('user0259','mov043','3.0','2015-05-31')
,('user0259','mov202','3.5','2015-08-19')
,('user0259','mov081','5.0','2005-12-15')
,('user0260','mov055','3.0','2009-06-23')
,('user0260','mov163','5.0','2014-01-15')
,('user0260','mov241','3.5','2008-12-09')
,('user0260','mov148','5.0','2013-10-22')
,('user0260','mov015','3.5','2005-09-06')
,('user0260','mov168','3.0','2007-02-01')
,('user0260','mov107','3.5','2009-11-09')
,('user0260','mov051','3.0','2006-04-19')
,('user0260','mov124','4.0','2011-12-25')
,('user0260','mov175','4.5','2006-10-01')
,('user0260','mov193','5.0','2011-02-12')
,('user0260','mov013','3.5','2013-01-01')
,('user0260','mov117','3.5','2007-11-20')
,('user0260','mov089','3.5','2006-05-07')
,('user0260','mov123','3.5','2011-08-08')
,('user0260','mov226','4.5','2011-07-12')
,('user0260','mov212','3.0','2013-02-15')
,('user0260','mov213','5.0','2007-09-29')
,('user0260','mov206','4.5','2016-02-10')
,('user0260','mov161','3.0','2010-03-26')
,('user0261','mov080','3.5','2006-09-20')
,('user0261','mov085','5.0','2013-11-11')
,('user0261','mov180','4.0','2010-09-04')
,('user0261','mov179','3.5','2009-10-25')
,('user0261','mov042','3.0','2011-08-28')
,('user0261','mov225','4.5','2007-09-13')
,('user0261','mov107','5.0','2007-01-04')
,('user0261','mov108','3.5','2008-07-26')
,('user0261','mov222','3.5','2007-10-31')
,('user0261','mov093','4.0','2011-04-24')
,('user0261','mov008','4.5','2007-01-27')
,('user0262','mov185','4.0','2007-01-25')
,('user0262','mov058','3.5','2013-12-11')
,('user0262','mov067','4.5','2014-07-09')
,('user0262','mov166','4.0','2014-12-07')
,('user0262','mov130','5.0','2016-03-02')
,('user0262','mov139','3.5','2008-07-24')
,('user0262','mov097','3.0','2008-09-12')
,('user0262','mov103','3.0','2016-03-12')
,('user0262','mov119','5.0','2009-03-16')
,('user0262','mov215','4.5','2014-07-31')
,('user0262','mov034','3.5','2007-05-21')
,('user0262','mov245','3.0','2011-10-23')
,('user0262','mov036','3.5','2016-01-06')
,('user0262','mov028','4.0','2012-03-31')
,('user0262','mov109','3.0','2008-05-24')
,('user0262','mov057','3.0','2012-05-17')
,('user0262','mov183','4.0','2005-06-07')
,('user0262','mov241','4.0','2015-08-29')
,('user0262','mov187','4.0','2005-08-12')
,('user0262','mov076','4.0','2008-10-22')
,('user0262','mov082','5.0','2006-09-07')
,('user0262','mov224','4.0','2015-07-13')
,('user0262','mov121','5.0','2013-11-18')
,('user0262','mov051','3.5','2015-04-09')
,('user0262','mov022','3.0','2014-07-14')
,('user0262','mov020','5.0','2008-12-07')
,('user0262','mov050','3.0','2011-10-22')
,('user0262','mov180','3.5','2015-03-05')
,('user0262','mov125','5.0','2015-05-07')
,('user0262','mov150','3.0','2006-07-28')
,('user0262','mov246','4.0','2005-01-02')
,('user0263','mov249','3.0','2008-06-06')
,('user0263','mov122','3.0','2006-11-29')
,('user0263','mov222','3.5','2013-05-11')
,('user0263','mov153','4.0','2007-08-29')
,('user0263','mov207','5.0','2009-02-15')
,('user0263','mov012','5.0','2016-06-27')
,('user0263','mov065','3.5','2009-07-14')
,('user0263','mov215','4.5','2016-07-10')
,('user0263','mov171','4.5','2014-06-22')
,('user0263','mov025','4.5','2015-08-23')
,('user0263','mov042','4.0','2006-09-24')
,('user0263','mov174','4.5','2008-09-26')
,('user0263','mov082','3.0','2010-10-09')
,('user0263','mov050','3.5','2006-12-17')
,('user0263','mov039','3.5','2005-08-25')
,('user0263','mov054','5.0','2013-11-01')
,('user0263','mov170','4.0','2005-03-07')
,('user0263','mov115','4.0','2015-01-31')
,('user0263','mov247','3.0','2007-11-07')
,('user0263','mov071','3.0','2016-05-10')
,('user0263','mov072','3.0','2012-06-28')
,('user0263','mov098','4.5','2006-08-16')
,('user0263','mov110','3.0','2009-08-30')
,('user0263','mov070','5.0','2014-06-13')
,('user0263','mov182','5.0','2008-09-15')
,('user0263','mov224','3.5','2012-12-06')
,('user0263','mov060','4.0','2007-01-15')
,('user0263','mov193','4.0','2008-01-17')
,('user0263','mov040','3.5','2007-09-06')
,('user0263','mov143','5.0','2005-02-06')
,('user0263','mov095','5.0','2014-03-09')
,('user0263','mov099','4.0','2006-05-17')
,('user0263','mov056','3.0','2015-01-02')
,('user0263','mov156','5.0','2012-04-22')
,('user0263','mov191','3.5','2015-12-02')
,('user0263','mov198','3.0','2013-04-10')
,('user0263','mov113','4.5','2015-11-02')
,('user0263','mov003','4.5','2005-01-02')
,('user0264','mov162','5.0','2011-05-06')
,('user0264','mov206','4.0','2006-10-31')
,('user0264','mov163','4.5','2009-11-23')
,('user0264','mov033','4.5','2015-03-13')
,('user0264','mov099','4.5','2007-06-09')
,('user0264','mov180','4.0','2008-01-01')
,('user0264','mov055','4.5','2008-08-18')
,('user0264','mov147','4.5','2006-09-09')
,('user0264','mov247','5.0','2010-01-13')
,('user0264','mov208','4.0','2015-04-26')
,('user0264','mov220','3.0','2013-01-03')
,('user0264','mov075','3.0','2012-06-13')
,('user0264','mov011','3.0','2007-06-21')
,('user0264','mov040','4.5','2006-05-02')
,('user0264','mov101','4.0','2005-07-21')
,('user0264','mov241','4.5','2015-11-03')
,('user0264','mov014','3.5','2005-02-10')
,('user0264','mov244','3.0','2006-02-09')
,('user0264','mov141','5.0','2008-01-05')
,('user0264','mov215','3.0','2009-12-21')
,('user0264','mov226','3.0','2016-04-16')
,('user0264','mov119','3.0','2011-03-16')
,('user0264','mov091','5.0','2009-01-15')
,('user0264','mov236','3.0','2006-06-17')
,('user0265','mov131','5.0','2005-07-01')
,('user0265','mov057','3.5','2008-05-27')
,('user0265','mov173','4.5','2008-09-17')
,('user0265','mov132','4.5','2008-01-08')
,('user0265','mov228','4.5','2007-11-07')
,('user0265','mov163','4.5','2005-09-03')
,('user0265','mov113','3.0','2006-12-05')
,('user0265','mov192','3.5','2014-11-26')
,('user0265','mov086','4.0','2006-03-09')
,('user0265','mov177','4.0','2006-12-18')
,('user0265','mov090','3.0','2016-10-01')
,('user0265','mov059','3.0','2006-05-12')
,('user0265','mov130','5.0','2005-11-17')
,('user0265','mov054','3.0','2012-12-01')
,('user0265','mov102','3.0','2006-07-20')
,('user0265','mov158','3.0','2006-02-27')
,('user0265','mov041','5.0','2016-02-05')
,('user0265','mov022','4.5','2010-03-29')
,('user0265','mov237','3.0','2006-02-12')
,('user0265','mov128','4.0','2009-07-16')
,('user0265','mov053','5.0','2010-01-04')
,('user0265','mov038','4.0','2005-04-18')
,('user0265','mov159','4.0','2010-09-21')
,('user0265','mov199','4.0','2008-12-17')
,('user0265','mov167','3.0','2012-09-12')
,('user0265','mov238','4.0','2011-02-17')
,('user0265','mov082','5.0','2005-03-19')
,('user0265','mov218','5.0','2016-06-10')
,('user0265','mov236','3.0','2013-04-13')
,('user0265','mov133','3.0','2010-12-14')
,('user0265','mov110','5.0','2015-06-21')
,('user0265','mov011','3.5','2014-09-12')
,('user0265','mov222','5.0','2014-01-18')
,('user0265','mov019','3.5','2014-10-16')
,('user0265','mov014','4.5','2010-01-29')
,('user0265','mov097','3.5','2013-08-13')
,('user0265','mov171','4.5','2012-02-18')
,('user0266','mov003','5.0','2006-06-05')
,('user0266','mov231','3.0','2005-03-22')
,('user0266','mov154','4.5','2010-11-10')
,('user0266','mov055','4.0','2012-08-31')
,('user0266','mov205','4.5','2013-06-09')
,('user0266','mov070','5.0','2014-01-12')
,('user0266','mov162','5.0','2011-07-15')
,('user0266','mov043','4.0','2011-11-24')
,('user0266','mov130','5.0','2009-12-26')
,('user0266','mov095','3.0','2016-07-31')
,('user0266','mov122','3.5','2016-09-17')
,('user0266','mov093','3.0','2008-10-01')
,('user0266','mov057','4.0','2009-08-04')
,('user0266','mov038','3.0','2006-12-26')
,('user0266','mov228','3.5','2010-07-12')
,('user0266','mov235','4.0','2005-03-23')
,('user0266','mov061','4.0','2013-06-17')
,('user0266','mov077','5.0','2005-01-06')
,('user0266','mov135','4.0','2010-10-25')
,('user0266','mov099','4.5','2015-06-08')
,('user0266','mov103','4.5','2005-08-31')
,('user0266','mov114','5.0','2010-12-25')
,('user0266','mov034','5.0','2005-09-24')
,('user0266','mov236','4.5','2014-08-02')
,('user0266','mov104','4.5','2011-05-13')
,('user0266','mov232','4.0','2010-09-05')
,('user0266','mov180','3.0','2014-07-08')
,('user0266','mov190','4.0','2014-02-23')
,('user0266','mov238','3.0','2010-10-29')
,('user0266','mov139','4.5','2014-03-17')
,('user0266','mov052','5.0','2007-05-08')
,('user0266','mov040','3.0','2016-08-19')
,('user0266','mov068','3.0','2009-11-13')
,('user0266','mov179','4.0','2013-01-20')
,('user0266','mov024','3.0','2011-03-31')
,('user0266','mov102','3.5','2010-06-20')
,('user0266','mov107','3.0','2009-12-05')
,('user0266','mov138','3.0','2010-01-18')
,('user0266','mov109','3.5','2011-06-20')
,('user0266','mov036','4.5','2010-04-03')
,('user0266','mov150','3.0','2007-06-16')
,('user0266','mov013','4.0','2005-10-12')
,('user0266','mov032','5.0','2010-10-21')
,('user0266','mov039','4.5','2014-08-14')
,('user0266','mov087','4.5','2008-01-07')
,('user0266','mov045','3.5','2014-08-19')
,('user0266','mov246','3.0','2010-07-15')
,('user0266','mov116','5.0','2009-12-26')
,('user0266','mov191','4.5','2011-09-13')
,('user0266','mov028','4.5','2007-09-06')
,('user0267','mov070','5.0','2012-09-22')
,('user0267','mov034','3.5','2012-07-05')
,('user0267','mov228','4.0','2015-06-30')
,('user0267','mov170','3.0','2008-01-08')
,('user0267','mov119','5.0','2016-08-20')
,('user0267','mov248','5.0','2014-11-18')
,('user0267','mov195','3.0','2011-07-25')
,('user0267','mov006','5.0','2010-05-22')
,('user0267','mov068','3.5','2013-07-27')
,('user0267','mov131','3.5','2015-02-06')
,('user0267','mov163','3.5','2013-03-14')
,('user0267','mov110','3.0','2014-10-26')
,('user0267','mov016','5.0','2015-06-11')
,('user0267','mov051','3.5','2008-04-24')
,('user0267','mov232','3.5','2014-03-16')
,('user0267','mov091','4.0','2010-11-30')
,('user0267','mov009','4.5','2009-11-03')
,('user0267','mov204','5.0','2013-09-08')
,('user0267','mov175','3.5','2005-12-25')
,('user0267','mov114','4.5','2013-10-22')
,('user0267','mov090','4.5','2008-08-28')
,('user0267','mov185','3.0','2006-01-03')
,('user0267','mov101','4.5','2007-12-06')
,('user0267','mov162','5.0','2013-10-17')
,('user0267','mov214','4.5','2010-11-22')
,('user0267','mov238','4.0','2016-08-24')
,('user0267','mov187','4.5','2010-08-17')
,('user0267','mov109','4.5','2015-06-08')
,('user0267','mov063','3.5','2009-07-04')
,('user0267','mov149','4.5','2008-10-21')
,('user0267','mov124','4.0','2014-01-12')
,('user0267','mov134','3.0','2007-07-17')
,('user0267','mov094','3.0','2015-10-27')
,('user0267','mov019','4.5','2007-01-31')
,('user0267','mov106','4.0','2007-07-02')
,('user0267','mov089','3.0','2016-09-15')
,('user0267','mov181','4.0','2006-05-24')
,('user0268','mov184','3.0','2014-03-17')
,('user0268','mov136','3.5','2015-12-18')
,('user0268','mov246','3.0','2014-03-18')
,('user0268','mov152','5.0','2006-01-24')
,('user0268','mov089','4.0','2009-07-17')
,('user0268','mov208','3.5','2005-06-23')
,('user0268','mov098','4.5','2009-08-17')
,('user0268','mov081','3.0','2013-09-09')
,('user0268','mov232','5.0','2011-05-21')
,('user0268','mov047','4.5','2008-09-23')
,('user0268','mov239','5.0','2005-07-21')
,('user0268','mov218','5.0','2016-08-04')
,('user0268','mov031','5.0','2009-08-16')
,('user0268','mov039','3.5','2005-10-24')
,('user0268','mov148','4.0','2014-06-26')
,('user0268','mov147','4.0','2014-03-07')
,('user0268','mov228','5.0','2012-06-13')
,('user0268','mov134','3.5','2010-09-17')
,('user0268','mov201','4.0','2008-01-16')
,('user0268','mov157','3.0','2005-01-02')
,('user0268','mov176','4.0','2008-12-12')
,('user0268','mov036','3.5','2013-06-19')
,('user0268','mov088','4.5','2013-01-09')
,('user0268','mov109','3.0','2009-05-30')
,('user0268','mov118','3.5','2005-09-25')
,('user0268','mov051','4.5','2006-08-19')
,('user0268','mov104','3.5','2015-02-28')
,('user0268','mov028','5.0','2011-07-15')
,('user0268','mov060','5.0','2015-01-09')
,('user0268','mov020','5.0','2012-01-20')
,('user0268','mov009','3.0','2009-12-23')
,('user0268','mov092','4.0','2016-06-25')
,('user0268','mov090','3.5','2006-05-01')
,('user0268','mov153','3.0','2013-06-08')
,('user0269','mov225','4.5','2014-11-10')
,('user0269','mov017','4.5','2006-03-05')
,('user0269','mov113','3.0','2006-06-30')
,('user0269','mov006','5.0','2008-04-13')
,('user0269','mov067','5.0','2014-09-30')
,('user0269','mov163','5.0','2006-07-07')
,('user0269','mov043','5.0','2010-08-24')
,('user0269','mov090','3.0','2015-02-24')
,('user0269','mov196','5.0','2015-01-20')
,('user0269','mov102','4.0','2015-03-27')
,('user0269','mov195','3.5','2006-09-29')
,('user0269','mov133','5.0','2011-08-04')
,('user0269','mov182','3.0','2015-01-06')
,('user0269','mov135','3.0','2011-01-15')
,('user0269','mov192','4.0','2008-09-11')
,('user0269','mov089','5.0','2006-01-16')
,('user0269','mov177','3.5','2015-12-05')
,('user0269','mov020','3.5','2013-09-26')
,('user0269','mov111','5.0','2006-04-03')
,('user0269','mov241','4.5','2016-02-10')
,('user0269','mov050','3.0','2015-12-16')
,('user0269','mov134','5.0','2013-06-26')
,('user0269','mov115','4.0','2009-07-12')
,('user0269','mov083','3.5','2016-07-13')
,('user0269','mov158','5.0','2015-10-18')
,('user0269','mov203','4.5','2013-05-27')
,('user0269','mov226','4.5','2009-10-13')
,('user0269','mov012','4.0','2009-11-15')
,('user0269','mov128','4.5','2014-11-18')
,('user0269','mov141','4.5','2010-08-31')
,('user0269','mov064','5.0','2016-06-11')
,('user0269','mov190','3.0','2012-05-16')
,('user0269','mov023','4.0','2014-09-03')
,('user0269','mov197','3.0','2015-09-21')
,('user0269','mov072','4.0','2014-04-07')
,('user0269','mov145','4.5','2011-05-03')
,('user0269','mov162','3.5','2014-07-18')
,('user0269','mov209','3.5','2007-04-08')
,('user0269','mov095','3.0','2006-11-08')
,('user0269','mov007','4.0','2016-07-07')
,('user0269','mov088','4.0','2005-08-16')
,('user0269','mov094','4.5','2016-01-24')
,('user0269','mov185','5.0','2010-08-30')
,('user0269','mov015','4.0','2011-01-29')
,('user0269','mov049','4.5','2008-05-26')
,('user0269','mov229','5.0','2011-07-04')
,('user0270','mov005','5.0','2014-03-03')
,('user0270','mov061','5.0','2007-09-01')
,('user0270','mov192','4.5','2006-10-30')
,('user0270','mov015','4.0','2012-04-27')
,('user0270','mov120','5.0','2007-12-29')
,('user0270','mov151','3.5','2014-11-01')
,('user0271','mov020','3.0','2012-06-01')
,('user0271','mov045','3.5','2007-03-01')
,('user0271','mov223','4.0','2014-10-14')
,('user0271','mov163','3.5','2009-09-16')
,('user0271','mov142','5.0','2016-03-12')
,('user0271','mov166','4.5','2006-12-03')
,('user0271','mov156','4.0','2007-01-27')
,('user0271','mov026','5.0','2014-08-13')
,('user0271','mov051','4.5','2016-10-31')
,('user0271','mov190','4.5','2010-04-27')
,('user0271','mov136','3.5','2010-11-17')
,('user0271','mov141','4.0','2011-09-11')
,('user0271','mov173','4.5','2010-10-15')
,('user0271','mov035','5.0','2005-09-04')
,('user0271','mov184','3.0','2013-11-05')
,('user0271','mov013','4.0','2014-11-21')
,('user0271','mov100','4.0','2009-07-11')
,('user0271','mov071','4.0','2016-07-08')
,('user0271','mov033','4.5','2016-06-26')
,('user0271','mov148','5.0','2016-10-15')
,('user0271','mov227','4.5','2012-01-21')
,('user0271','mov151','3.0','2015-11-17')
,('user0271','mov053','5.0','2011-11-16')
,('user0271','mov249','4.5','2011-07-26')
,('user0271','mov176','3.0','2011-06-11')
,('user0271','mov144','4.5','2011-09-23')
,('user0271','mov097','3.0','2014-09-10')
,('user0271','mov099','5.0','2011-06-26')
,('user0271','mov050','4.0','2015-12-18')
,('user0271','mov089','4.5','2015-10-31')
,('user0271','mov192','4.5','2014-03-09')
,('user0271','mov210','3.5','2011-11-17')
,('user0271','mov105','4.5','2009-12-28')
,('user0271','mov120','4.5','2013-02-25')
,('user0271','mov135','3.0','2011-02-03')
,('user0271','mov025','4.0','2006-07-14')
,('user0272','mov082','4.0','2008-09-09')
,('user0272','mov069','4.5','2008-04-26')
,('user0272','mov032','3.0','2005-03-20')
,('user0272','mov030','5.0','2007-09-03')
,('user0272','mov113','3.5','2009-04-27')
,('user0272','mov092','3.5','2008-04-16')
,('user0272','mov141','4.0','2006-10-24')
,('user0272','mov125','3.0','2006-03-30')
,('user0272','mov216','4.0','2016-05-31')
,('user0272','mov145','3.0','2011-01-21')
,('user0272','mov175','4.5','2011-03-27')
,('user0272','mov176','4.5','2009-09-29')
,('user0272','mov186','4.0','2007-09-25')
,('user0272','mov117','5.0','2005-11-29')
,('user0272','mov192','3.5','2009-02-06')
,('user0272','mov090','3.5','2012-07-28')
,('user0272','mov196','5.0','2010-12-05')
,('user0272','mov126','4.5','2009-02-26')
,('user0272','mov155','4.5','2013-03-30')
,('user0272','mov178','5.0','2006-04-26')
,('user0272','mov135','4.5','2016-07-30')
,('user0272','mov045','3.5','2009-09-27')
,('user0272','mov065','5.0','2015-03-06')
,('user0272','mov144','3.0','2006-07-06')
,('user0272','mov105','4.0','2012-10-12')
,('user0272','mov153','4.0','2006-07-12')
,('user0272','mov121','3.5','2012-12-14')
,('user0272','mov097','5.0','2008-03-08')
,('user0272','mov079','4.0','2007-09-23')
,('user0272','mov143','4.5','2016-09-04')
,('user0272','mov169','4.0','2011-04-11')
,('user0272','mov193','3.0','2008-05-10')
,('user0272','mov046','4.0','2008-06-11')
,('user0272','mov023','4.0','2013-08-18')
,('user0272','mov180','4.5','2006-06-11')
,('user0272','mov049','4.0','2005-12-16')
,('user0272','mov139','3.5','2009-08-18')
,('user0272','mov056','5.0','2016-09-20')
,('user0272','mov036','5.0','2005-03-17')
,('user0272','mov124','5.0','2007-06-10')
,('user0272','mov080','3.0','2010-10-08')
,('user0272','mov050','3.0','2014-04-06')
,('user0272','mov158','4.5','2008-12-12')
,('user0272','mov044','4.5','2016-05-27')
,('user0272','mov059','3.0','2014-10-04')
,('user0272','mov091','3.0','2005-10-26')
,('user0272','mov078','4.0','2007-06-30')
,('user0273','mov077','5.0','2013-06-15')
,('user0273','mov028','3.5','2007-09-21')
,('user0273','mov129','3.5','2012-03-06')
,('user0273','mov033','3.5','2008-01-10')
,('user0273','mov189','3.5','2010-08-14')
,('user0273','mov121','3.0','2005-03-15')
,('user0273','mov020','3.0','2013-06-11')
,('user0273','mov182','3.0','2008-01-06')
,('user0273','mov177','3.5','2016-04-08')
,('user0274','mov098','4.0','2016-05-14')
,('user0274','mov168','3.0','2007-02-22')
,('user0274','mov177','3.5','2015-08-10')
,('user0274','mov007','4.5','2009-08-14')
,('user0274','mov122','3.0','2015-01-28')
,('user0274','mov210','5.0','2005-03-08')
,('user0274','mov245','3.5','2006-04-07')
,('user0274','mov211','4.5','2014-12-02')
,('user0274','mov130','3.0','2006-04-09')
,('user0274','mov220','5.0','2008-09-20')
,('user0274','mov054','5.0','2009-03-16')
,('user0274','mov041','5.0','2016-09-13')
,('user0274','mov083','4.5','2014-04-16')
,('user0274','mov221','4.0','2009-01-19')
,('user0274','mov201','3.0','2016-04-25')
,('user0274','mov097','3.0','2007-10-06')
,('user0274','mov002','3.5','2010-07-30')
,('user0274','mov248','5.0','2009-10-23')
,('user0274','mov138','4.0','2010-09-08')
,('user0274','mov242','4.0','2005-11-24')
,('user0274','mov159','3.5','2009-08-11')
,('user0274','mov150','3.0','2006-11-13')
,('user0274','mov213','3.0','2013-06-29')
,('user0274','mov244','3.5','2015-05-31')
,('user0274','mov032','3.5','2010-10-27')
,('user0274','mov107','4.5','2015-12-21')
,('user0274','mov205','3.0','2015-05-10')
,('user0274','mov021','5.0','2016-05-07')
,('user0274','mov089','3.5','2009-09-05')
,('user0274','mov154','5.0','2006-06-06')
,('user0274','mov229','4.5','2009-03-15')
,('user0274','mov030','5.0','2010-10-28')
,('user0274','mov047','5.0','2012-05-27')
,('user0274','mov062','4.5','2008-03-14')
,('user0274','mov068','4.5','2005-12-05')
,('user0274','mov038','3.5','2006-09-20')
,('user0274','mov204','4.5','2009-01-24')
,('user0274','mov034','3.0','2005-11-30')
,('user0274','mov015','4.5','2015-01-24')
,('user0275','mov201','5.0','2009-06-11')
,('user0275','mov164','5.0','2006-10-02')
,('user0275','mov051','5.0','2008-02-20')
,('user0275','mov127','4.0','2016-06-27')
,('user0275','mov247','4.5','2007-02-02')
,('user0275','mov195','4.0','2005-02-12')
,('user0275','mov189','5.0','2013-07-27')
,('user0275','mov196','3.5','2015-03-16')
,('user0275','mov105','3.5','2005-10-11')
,('user0275','mov147','5.0','2015-10-11')
,('user0275','mov019','3.5','2006-08-26')
,('user0275','mov111','3.0','2009-02-01')
,('user0275','mov080','4.0','2010-09-12')
,('user0275','mov035','3.5','2008-08-21')
,('user0275','mov179','5.0','2012-05-08')
,('user0275','mov222','3.0','2012-02-12')
,('user0275','mov056','4.0','2010-08-16')
,('user0275','mov110','5.0','2007-05-23')
,('user0275','mov034','3.5','2013-11-06')
,('user0275','mov045','3.0','2011-07-30')
,('user0275','mov109','4.5','2011-08-24')
,('user0275','mov055','4.5','2009-09-25')
,('user0275','mov228','4.0','2012-03-12')
,('user0275','mov012','5.0','2013-07-24')
,('user0275','mov199','3.5','2007-05-25')
,('user0275','mov159','4.0','2010-02-18')
,('user0275','mov009','3.5','2012-02-25')
,('user0275','mov238','4.5','2016-05-02')
,('user0275','mov063','4.0','2008-08-03')
,('user0275','mov173','4.5','2016-05-21')
,('user0275','mov169','3.5','2009-11-14')
,('user0275','mov124','3.5','2010-04-08')
,('user0275','mov090','3.0','2013-03-03')
,('user0275','mov186','5.0','2013-03-20')
,('user0275','mov227','5.0','2012-12-09')
,('user0275','mov038','3.5','2005-03-12')
,('user0275','mov193','5.0','2005-07-19')
,('user0275','mov148','4.0','2013-09-01')
,('user0275','mov248','4.5','2007-07-21')
,('user0275','mov114','5.0','2008-10-05')
,('user0275','mov211','3.0','2014-06-06')
,('user0275','mov178','4.5','2011-04-08')
,('user0275','mov182','4.5','2009-04-14')
,('user0275','mov058','3.0','2006-11-21')
,('user0275','mov185','4.5','2011-10-15')
,('user0275','mov142','3.0','2013-03-16')
,('user0275','mov246','3.0','2006-10-02')
,('user0275','mov118','4.0','2010-04-20')
,('user0276','mov063','5.0','2013-08-13')
,('user0276','mov120','4.0','2005-12-10')
,('user0276','mov095','4.5','2014-02-24')
,('user0276','mov119','3.5','2010-05-30')
,('user0276','mov214','4.5','2009-05-11')
,('user0276','mov201','4.0','2012-05-20')
,('user0276','mov032','3.5','2005-07-16')
,('user0276','mov170','3.5','2014-03-14')
,('user0276','mov220','4.0','2008-10-21')
,('user0276','mov111','4.5','2010-07-30')
,('user0276','mov004','3.0','2008-03-09')
,('user0276','mov234','5.0','2015-01-23')
,('user0276','mov054','5.0','2014-10-10')
,('user0276','mov135','3.0','2014-07-23')
,('user0276','mov197','3.5','2013-10-19')
,('user0276','mov145','3.5','2014-05-01')
,('user0276','mov243','4.5','2013-04-11')
,('user0276','mov203','3.0','2015-04-03')
,('user0277','mov181','3.0','2009-08-10')
,('user0277','mov217','4.5','2009-01-23')
,('user0277','mov192','4.5','2012-09-05')
,('user0277','mov084','4.5','2010-03-16')
,('user0277','mov051','3.0','2013-12-20')
,('user0277','mov086','5.0','2012-10-08')
,('user0277','mov116','4.5','2015-01-04')
,('user0277','mov057','4.0','2008-09-24')
,('user0277','mov095','3.0','2013-10-03')
,('user0277','mov016','4.5','2014-12-28')
,('user0277','mov100','3.0','2012-01-10')
,('user0277','mov058','5.0','2012-02-16')
,('user0277','mov198','4.5','2011-02-08')
,('user0277','mov059','4.5','2007-01-16')
,('user0277','mov123','4.5','2006-02-09')
,('user0277','mov063','5.0','2016-10-01')
,('user0277','mov213','4.5','2007-10-08')
,('user0277','mov114','4.0','2005-06-29')
,('user0277','mov173','3.0','2011-08-28')
,('user0277','mov205','4.0','2005-10-09')
,('user0277','mov121','3.5','2013-01-06')
,('user0277','mov183','3.0','2006-11-22')
,('user0277','mov054','4.0','2015-08-08')
,('user0277','mov235','4.5','2005-05-27')
,('user0277','mov214','4.5','2011-09-15')
,('user0277','mov080','5.0','2005-05-30')
,('user0277','mov209','3.5','2012-10-12')
,('user0277','mov008','4.0','2006-07-07')
,('user0277','mov010','4.5','2012-09-29')
,('user0277','mov097','3.0','2014-04-04')
,('user0278','mov140','3.0','2010-02-22')
,('user0278','mov143','5.0','2014-06-14')
,('user0278','mov142','3.5','2012-05-21')
,('user0278','mov079','5.0','2011-12-12')
,('user0278','mov041','3.5','2007-02-20')
,('user0278','mov090','3.5','2005-06-24')
,('user0278','mov232','3.5','2007-12-31')
,('user0278','mov241','4.5','2015-09-05')
,('user0278','mov160','3.5','2006-12-30')
,('user0278','mov043','3.5','2006-04-14')
,('user0278','mov154','3.0','2008-08-03')
,('user0278','mov152','4.0','2013-02-19')
,('user0278','mov046','4.0','2006-03-14')
,('user0278','mov027','3.5','2012-02-15')
,('user0278','mov099','4.5','2007-05-13')
,('user0278','mov060','5.0','2008-10-18')
,('user0278','mov195','4.0','2014-08-19')
,('user0278','mov055','3.0','2005-12-14')
,('user0278','mov180','3.5','2006-01-31')
,('user0278','mov178','3.0','2015-10-07')
,('user0278','mov164','4.0','2009-12-12')
,('user0278','mov171','4.0','2012-06-01')
,('user0278','mov165','3.5','2013-07-30')
,('user0278','mov067','4.0','2016-04-12')
,('user0278','mov137','5.0','2009-06-30')
,('user0278','mov213','3.5','2005-01-17')
,('user0278','mov247','4.5','2011-01-12')
,('user0278','mov200','4.5','2007-03-13')
,('user0279','mov031','4.5','2010-09-01')
,('user0279','mov008','5.0','2009-03-31')
,('user0279','mov209','3.5','2009-06-10')
,('user0279','mov186','5.0','2005-08-21')
,('user0279','mov015','4.0','2006-11-27')
,('user0279','mov061','4.5','2014-03-27')
,('user0279','mov124','3.5','2014-02-01')
,('user0279','mov013','3.0','2005-11-10')
,('user0279','mov245','3.5','2014-09-15')
,('user0279','mov044','4.0','2006-05-20')
,('user0279','mov066','4.0','2013-08-16')
,('user0279','mov148','4.5','2005-09-21')
,('user0279','mov098','4.5','2006-03-23')
,('user0279','mov119','3.0','2005-01-04')
,('user0279','mov024','5.0','2009-11-29')
,('user0279','mov150','4.5','2016-07-18')
,('user0279','mov239','3.5','2007-12-11')
,('user0279','mov142','5.0','2006-07-13')
,('user0279','mov014','5.0','2006-02-06')
,('user0279','mov054','3.5','2015-04-15')
,('user0279','mov016','4.5','2005-10-21')
,('user0279','mov163','3.5','2005-01-25')
,('user0279','mov025','5.0','2014-02-22')
,('user0279','mov155','3.0','2009-08-11')
,('user0279','mov220','3.0','2014-02-02')
,('user0279','mov198','3.5','2008-11-21')
,('user0279','mov141','5.0','2012-10-07')
,('user0279','mov151','5.0','2010-03-23')
,('user0279','mov206','3.0','2007-12-08')
,('user0279','mov036','4.0','2009-02-01')
,('user0279','mov170','3.0','2013-02-25')
,('user0279','mov235','5.0','2008-10-10')
,('user0279','mov072','4.5','2007-04-17')
,('user0279','mov135','4.5','2008-06-30')
,('user0279','mov056','4.0','2007-03-18')
,('user0279','mov047','5.0','2013-08-14')
,('user0279','mov216','3.5','2015-01-15')
,('user0279','mov168','5.0','2011-06-20')
,('user0279','mov017','4.5','2013-07-09')
,('user0279','mov088','4.5','2016-03-28')
,('user0279','mov055','4.0','2006-04-04')
,('user0279','mov146','5.0','2011-06-07')
,('user0279','mov089','4.0','2012-11-29')
,('user0279','mov224','3.5','2014-03-19')
,('user0279','mov143','4.0','2009-06-09')
,('user0279','mov132','3.5','2011-04-08')
,('user0279','mov028','3.0','2012-01-27')
,('user0280','mov113','4.0','2015-10-19')
,('user0280','mov045','4.5','2011-11-21')
,('user0280','mov069','3.0','2014-02-19')
,('user0280','mov170','4.0','2010-12-10')
,('user0280','mov195','3.5','2011-02-05')
,('user0280','mov043','5.0','2005-06-11')
,('user0280','mov178','3.0','2012-03-31')
,('user0280','mov222','4.0','2012-06-16')
,('user0280','mov168','3.0','2014-03-12')
,('user0280','mov122','4.5','2009-06-07')
,('user0280','mov053','3.5','2008-05-08')
,('user0280','mov206','3.5','2007-01-14')
,('user0280','mov226','3.5','2011-04-15')
,('user0280','mov126','4.0','2011-02-10')
,('user0280','mov024','3.0','2015-06-29')
,('user0280','mov220','4.0','2014-10-15')
,('user0280','mov136','3.5','2011-01-25')
,('user0280','mov057','4.5','2009-03-24')
,('user0281','mov068','3.0','2012-09-28')
,('user0281','mov180','5.0','2005-09-04')
,('user0281','mov157','3.5','2012-01-03')
,('user0281','mov197','4.5','2010-01-31')
,('user0281','mov207','3.5','2008-12-31')
,('user0281','mov210','3.5','2005-01-29')
,('user0281','mov021','5.0','2015-01-10')
,('user0281','mov008','5.0','2011-08-07')
,('user0281','mov027','4.0','2013-01-08')
,('user0281','mov245','4.5','2013-12-23')
,('user0281','mov227','3.5','2010-12-18')
,('user0281','mov218','4.0','2013-10-25')
,('user0281','mov219','4.0','2005-04-09')
,('user0281','mov169','5.0','2010-11-23')
,('user0281','mov191','5.0','2014-04-11')
,('user0281','mov052','3.0','2009-09-15')
,('user0281','mov069','3.5','2013-03-26')
,('user0281','mov053','4.5','2012-04-02')
,('user0281','mov092','4.0','2005-05-28')
,('user0281','mov155','3.5','2007-06-16')
,('user0281','mov080','4.5','2006-01-20')
,('user0281','mov012','4.5','2013-09-03')
,('user0281','mov034','5.0','2010-05-12')
,('user0281','mov066','4.0','2006-12-31')
,('user0281','mov043','4.0','2010-06-17')
,('user0281','mov093','4.5','2009-09-26')
,('user0281','mov243','4.0','2013-07-04')
,('user0281','mov132','4.5','2016-02-23')
,('user0282','mov076','4.0','2008-01-28')
,('user0282','mov061','3.5','2016-01-28')
,('user0282','mov177','4.0','2007-07-25')
,('user0282','mov249','3.0','2006-10-19')
,('user0282','mov117','4.0','2014-05-30')
,('user0282','mov068','3.0','2011-01-27')
,('user0282','mov179','3.0','2011-12-20')
,('user0282','mov187','3.0','2013-08-23')
,('user0282','mov205','4.5','2009-10-16')
,('user0282','mov047','4.5','2007-04-22')
,('user0282','mov007','3.0','2010-05-30')
,('user0282','mov118','3.0','2012-07-12')
,('user0282','mov023','3.0','2008-05-17')
,('user0282','mov024','3.5','2010-09-01')
,('user0282','mov246','3.0','2012-04-28')
,('user0282','mov217','5.0','2016-10-17')
,('user0282','mov167','4.0','2005-05-20')
,('user0282','mov057','5.0','2013-08-27')
,('user0282','mov213','4.0','2006-02-04')
,('user0282','mov083','3.5','2010-09-29')
,('user0282','mov033','3.5','2007-01-13')
,('user0282','mov116','4.0','2015-08-26')
,('user0282','mov244','3.0','2012-11-08')
,('user0282','mov196','4.0','2008-07-07')
,('user0282','mov072','3.5','2011-12-11')
,('user0282','mov054','3.5','2005-05-26')
,('user0282','mov088','4.5','2013-03-21')
,('user0282','mov138','3.5','2009-10-09')
,('user0282','mov070','4.0','2016-07-14')
,('user0282','mov232','4.5','2014-02-25')
,('user0282','mov037','3.0','2010-11-30')
,('user0282','mov237','4.5','2008-03-31')
,('user0282','mov129','4.5','2013-05-06')
,('user0282','mov001','4.0','2010-10-09')
,('user0282','mov165','4.0','2015-09-08')
,('user0282','mov185','5.0','2008-11-23')
,('user0282','mov096','3.5','2015-01-09')
,('user0282','mov211','5.0','2016-01-28')
,('user0283','mov047','3.0','2009-06-17')
,('user0283','mov236','3.5','2008-07-19')
,('user0283','mov111','3.0','2008-10-25')
,('user0283','mov119','3.5','2006-07-15')
,('user0283','mov151','5.0','2011-04-24')
,('user0283','mov100','4.0','2005-02-23')
,('user0283','mov031','3.5','2009-06-10')
,('user0283','mov187','4.0','2008-09-25')
,('user0283','mov099','4.5','2014-06-17')
,('user0283','mov039','4.0','2011-07-24')
,('user0283','mov052','4.5','2007-07-26')
,('user0283','mov170','3.0','2010-03-24')
,('user0283','mov054','3.5','2014-08-14')
,('user0283','mov166','3.0','2008-11-26')
,('user0283','mov229','3.0','2014-12-12')
,('user0283','mov208','3.5','2005-05-21')
,('user0283','mov116','3.5','2014-08-10')
,('user0283','mov182','4.5','2015-09-15')
,('user0283','mov223','5.0','2010-07-07')
,('user0283','mov140','3.0','2011-04-29')
,('user0283','mov064','4.5','2008-11-11')
,('user0283','mov196','4.0','2015-09-02')
,('user0283','mov149','3.0','2013-10-21')
,('user0283','mov154','3.5','2015-02-09')
,('user0283','mov183','4.5','2008-11-09')
,('user0283','mov083','3.0','2011-01-11')
,('user0283','mov063','4.0','2006-01-01')
,('user0283','mov189','4.0','2010-11-21')
,('user0283','mov213','4.0','2005-10-24')
,('user0284','mov186','3.0','2007-09-18')
,('user0284','mov032','4.5','2014-09-17')
,('user0284','mov194','5.0','2007-11-04')
,('user0284','mov047','3.0','2007-06-23')
,('user0284','mov094','5.0','2015-04-01')
,('user0284','mov246','3.0','2007-02-22')
,('user0284','mov019','4.5','2008-02-10')
,('user0284','mov051','3.5','2010-05-30')
,('user0284','mov014','4.5','2010-04-21')
,('user0284','mov240','3.5','2006-10-21')
,('user0284','mov203','3.5','2007-05-22')
,('user0284','mov185','5.0','2010-07-06')
,('user0284','mov179','4.5','2014-11-07')
,('user0284','mov083','3.5','2011-06-09')
,('user0284','mov167','4.0','2011-05-19')
,('user0284','mov128','3.0','2012-04-29')
,('user0284','mov064','5.0','2015-05-09')
,('user0284','mov004','4.5','2006-10-17')
,('user0284','mov061','3.5','2006-08-04')
,('user0284','mov172','4.5','2008-08-03')
,('user0284','mov165','3.5','2013-02-12')
,('user0284','mov113','3.0','2006-01-02')
,('user0284','mov016','3.5','2013-09-17')
,('user0284','mov072','3.5','2013-10-20')
,('user0284','mov183','5.0','2007-03-28')
,('user0284','mov041','4.5','2009-12-06')
,('user0284','mov099','3.0','2012-09-12')
,('user0284','mov023','5.0','2010-07-22')
,('user0284','mov151','4.0','2005-05-31')
,('user0285','mov124','3.0','2007-10-06')
,('user0285','mov176','3.0','2016-08-26')
,('user0285','mov224','5.0','2011-02-14')
,('user0285','mov198','3.0','2015-03-19')
,('user0285','mov090','5.0','2005-03-21')
,('user0285','mov021','5.0','2012-03-09')
,('user0285','mov072','4.5','2013-12-09')
,('user0285','mov053','3.0','2007-10-10')
,('user0285','mov141','4.5','2015-12-17')
,('user0285','mov017','5.0','2006-08-04')
,('user0285','mov129','5.0','2010-06-03')
,('user0285','mov231','3.5','2010-04-06')
,('user0285','mov230','5.0','2013-04-18')
,('user0285','mov166','5.0','2013-09-05')
,('user0285','mov052','5.0','2011-06-28')
,('user0285','mov196','4.0','2012-07-07')
,('user0285','mov170','3.5','2014-05-23')
,('user0285','mov218','4.5','2009-06-29')
,('user0285','mov060','4.5','2011-08-18')
,('user0285','mov164','5.0','2006-06-22')
,('user0285','mov056','3.0','2009-01-31')
,('user0285','mov115','4.5','2013-07-29')
,('user0285','mov121','3.5','2011-11-09')
,('user0285','mov068','4.0','2013-07-12')
,('user0285','mov152','3.0','2015-11-23')
,('user0285','mov061','5.0','2011-08-12')
,('user0285','mov070','4.5','2012-01-04')
,('user0285','mov242','3.5','2007-04-22')
,('user0285','mov087','4.5','2006-06-10')
,('user0285','mov163','3.5','2014-12-28')
,('user0285','mov040','5.0','2008-04-18')
,('user0285','mov104','5.0','2015-11-21')
,('user0285','mov173','4.0','2011-04-30')
,('user0285','mov180','3.5','2014-09-30')
,('user0285','mov091','5.0','2016-01-24')
,('user0285','mov027','3.5','2012-03-30')
,('user0285','mov178','4.0','2007-06-07')
,('user0285','mov157','3.0','2006-08-22')
,('user0285','mov088','5.0','2006-06-09')
,('user0285','mov079','4.5','2005-03-17')
,('user0285','mov229','3.0','2009-08-20')
,('user0285','mov151','4.0','2014-08-02')
,('user0285','mov045','3.0','2005-04-05')
,('user0285','mov080','4.5','2009-08-19')
,('user0285','mov044','3.0','2011-11-22')
,('user0285','mov006','3.0','2008-02-09')
,('user0285','mov107','5.0','2011-08-03')
,('user0285','mov062','4.0','2010-10-04')
,('user0285','mov039','4.0','2010-12-07')
,('user0285','mov009','5.0','2006-10-10')
,('user0286','mov130','3.5','2015-10-26')
,('user0286','mov143','3.5','2005-07-24')
,('user0286','mov162','3.0','2010-02-28')
,('user0286','mov121','4.0','2015-01-15')
,('user0286','mov228','5.0','2007-10-14')
,('user0286','mov083','3.0','2008-03-03')
,('user0286','mov009','3.5','2005-03-05')
,('user0286','mov230','3.0','2012-08-11')
,('user0286','mov047','4.0','2013-10-16')
,('user0286','mov081','3.0','2015-02-13')
,('user0286','mov191','4.5','2008-06-15')
,('user0286','mov036','4.5','2008-03-19')
,('user0286','mov137','4.5','2009-05-19')
,('user0286','mov035','5.0','2008-11-17')
,('user0286','mov089','4.0','2006-06-18')
,('user0286','mov173','5.0','2015-12-02')
,('user0286','mov165','5.0','2011-07-06')
,('user0286','mov097','3.0','2013-11-12')
,('user0286','mov198','5.0','2006-01-14')
,('user0286','mov096','3.5','2011-04-30')
,('user0286','mov211','5.0','2015-12-01')
,('user0286','mov180','3.0','2014-04-06')
,('user0286','mov213','3.0','2013-11-05')
,('user0286','mov105','5.0','2016-02-10')
,('user0286','mov049','3.0','2009-06-25')
,('user0286','mov222','3.0','2007-11-18')
,('user0286','mov185','5.0','2016-01-06')
,('user0286','mov058','4.0','2005-07-28')
,('user0286','mov241','3.0','2006-09-08')
,('user0286','mov103','3.5','2015-11-24')
,('user0286','mov177','3.5','2014-05-22')
,('user0286','mov175','4.0','2012-04-27')
,('user0286','mov174','5.0','2012-11-27')
,('user0286','mov069','4.5','2013-11-30')
,('user0286','mov154','3.0','2008-11-19')
,('user0286','mov226','4.5','2011-09-10')
,('user0286','mov132','3.5','2008-04-23')
,('user0286','mov071','3.0','2012-03-05')
,('user0286','mov160','4.5','2012-08-26')
,('user0286','mov102','3.5','2013-08-21')
,('user0286','mov085','3.5','2005-12-09')
,('user0286','mov197','4.0','2010-01-08')
,('user0286','mov017','3.0','2007-01-30')
,('user0287','mov174','4.5','2007-01-09')
,('user0287','mov151','3.0','2016-08-11')
,('user0287','mov155','3.5','2009-06-17')
,('user0287','mov071','4.0','2016-09-20')
,('user0287','mov243','5.0','2013-09-05')
,('user0287','mov242','4.0','2006-10-15')
,('user0287','mov202','3.5','2011-10-24')
,('user0287','mov135','5.0','2014-06-27')
,('user0287','mov111','5.0','2012-05-15')
,('user0287','mov100','4.5','2016-06-27')
,('user0287','mov129','4.0','2008-02-13')
,('user0287','mov130','5.0','2005-06-27')
,('user0287','mov230','4.0','2008-01-29')
,('user0288','mov178','3.5','2013-04-03')
,('user0288','mov060','4.5','2014-10-10')
,('user0288','mov141','5.0','2007-03-21')
,('user0288','mov119','5.0','2006-12-12')
,('user0288','mov224','4.0','2016-06-16')
,('user0288','mov097','5.0','2014-11-17')
,('user0288','mov160','3.0','2007-05-08')
,('user0289','mov047','3.5','2013-10-31')
,('user0289','mov148','4.5','2010-12-28')
,('user0289','mov102','4.5','2006-08-25')
,('user0289','mov020','5.0','2013-03-17')
,('user0289','mov008','3.0','2010-07-24')
,('user0289','mov077','5.0','2016-07-03')
,('user0289','mov091','4.5','2012-09-20')
,('user0289','mov040','5.0','2007-09-20')
,('user0289','mov069','3.0','2010-11-29')
,('user0289','mov216','4.5','2014-09-21')
,('user0289','mov245','4.5','2008-11-01')
,('user0289','mov142','4.5','2011-01-05')
,('user0289','mov212','5.0','2008-06-28')
,('user0289','mov132','3.0','2009-08-25')
,('user0289','mov217','5.0','2011-07-07')
,('user0289','mov016','4.5','2015-05-23')
,('user0289','mov198','4.0','2014-12-22')
,('user0289','mov223','4.5','2006-03-13')
,('user0289','mov043','4.0','2012-03-28')
,('user0289','mov007','4.5','2007-07-04')
,('user0289','mov023','3.5','2008-07-02')
,('user0289','mov221','4.0','2006-10-23')
,('user0289','mov224','4.5','2013-11-04')
,('user0289','mov004','3.0','2013-01-11')
,('user0289','mov228','4.5','2015-07-02')
,('user0289','mov010','3.0','2014-02-12')
,('user0289','mov080','3.0','2015-06-28')
,('user0289','mov017','4.0','2011-06-25')
,('user0289','mov166','3.0','2013-09-06')
,('user0290','mov151','3.5','2016-08-12')
,('user0290','mov225','3.5','2009-06-23')
,('user0290','mov088','3.0','2015-12-22')
,('user0290','mov029','5.0','2005-06-30')
,('user0290','mov050','4.5','2010-12-10')
,('user0290','mov027','5.0','2005-06-23')
,('user0290','mov136','5.0','2011-10-11')
,('user0290','mov075','4.5','2006-12-03')
,('user0290','mov069','4.0','2014-08-05')
,('user0290','mov189','4.5','2011-09-02')
,('user0290','mov148','5.0','2010-09-26')
,('user0290','mov077','5.0','2005-07-09')
,('user0290','mov149','3.0','2016-01-14')
,('user0290','mov232','4.0','2013-05-16')
,('user0290','mov017','4.5','2011-07-02')
,('user0290','mov227','5.0','2007-06-18')
,('user0290','mov243','3.5','2007-03-08')
,('user0290','mov134','5.0','2006-04-30')
,('user0290','mov076','3.5','2012-01-27')
,('user0290','mov229','3.5','2009-05-31')
,('user0290','mov248','4.0','2008-05-02')
,('user0290','mov163','3.5','2011-11-09')
,('user0290','mov049','4.5','2010-01-10')
,('user0290','mov032','3.0','2012-12-22')
,('user0290','mov105','5.0','2016-02-24')
,('user0291','mov173','3.0','2016-10-02')
,('user0291','mov042','4.5','2007-03-10')
,('user0291','mov124','3.5','2011-11-17')
,('user0291','mov074','3.5','2009-11-12')
,('user0291','mov105','4.0','2005-06-04')
,('user0291','mov092','4.5','2011-04-22')
,('user0291','mov125','4.5','2013-04-05')
,('user0291','mov169','5.0','2009-11-18')
,('user0291','mov204','5.0','2011-10-02')
,('user0291','mov048','4.5','2013-06-03')
,('user0291','mov130','4.5','2007-04-01')
,('user0291','mov200','5.0','2013-08-20')
,('user0291','mov027','3.5','2007-08-09')
,('user0291','mov103','3.5','2007-10-13')
,('user0291','mov012','3.0','2010-11-29')
,('user0291','mov221','3.5','2016-02-27')
,('user0291','mov109','3.0','2011-12-06')
,('user0292','mov047','5.0','2012-12-16')
,('user0292','mov238','4.5','2010-10-21')
,('user0292','mov155','4.5','2015-12-20')
,('user0292','mov051','3.5','2011-04-23')
,('user0292','mov095','4.0','2016-10-19')
,('user0292','mov137','5.0','2010-06-11')
,('user0292','mov150','4.0','2016-08-27')
,('user0292','mov212','3.5','2011-10-20')
,('user0292','mov002','3.0','2012-04-12')
,('user0292','mov187','4.0','2009-11-19')
,('user0292','mov098','3.5','2008-10-29')
,('user0292','mov118','5.0','2008-08-15')
,('user0292','mov083','4.0','2015-07-02')
,('user0292','mov143','4.0','2005-05-01')
,('user0292','mov029','3.5','2006-12-28')
,('user0292','mov079','3.0','2008-01-27')
,('user0292','mov145','5.0','2008-05-18')
,('user0292','mov245','4.5','2007-08-22')
,('user0292','mov144','5.0','2010-10-01')
,('user0292','mov231','3.5','2008-01-10')
,('user0292','mov020','5.0','2012-03-01')
,('user0292','mov022','3.5','2013-07-07')
,('user0292','mov142','5.0','2016-06-19')
,('user0292','mov007','5.0','2006-07-18')
,('user0292','mov073','4.0','2014-10-25')
,('user0292','mov221','4.0','2006-10-07')
,('user0292','mov061','4.5','2007-06-05')
,('user0292','mov076','4.5','2009-09-28')
,('user0292','mov087','4.5','2008-08-10')
,('user0292','mov044','5.0','2005-09-19')
,('user0293','mov045','3.5','2006-08-27')
,('user0293','mov009','3.5','2005-10-24')
,('user0293','mov218','3.5','2010-06-21')
,('user0293','mov134','4.0','2015-05-15')
,('user0293','mov006','5.0','2010-03-16')
,('user0293','mov112','3.5','2005-11-30')
,('user0293','mov171','4.5','2006-02-20')
,('user0293','mov126','3.0','2012-05-16')
,('user0293','mov133','4.5','2012-01-14')
,('user0293','mov043','3.5','2006-01-19')
,('user0293','mov145','3.0','2014-12-01')
,('user0293','mov211','3.5','2012-09-26')
,('user0293','mov201','4.0','2006-11-26')
,('user0293','mov086','4.0','2008-07-23')
,('user0293','mov076','4.5','2009-08-23')
,('user0293','mov001','3.0','2014-01-04')
,('user0293','mov142','4.0','2007-01-03')
,('user0293','mov245','3.0','2011-01-01')
,('user0293','mov003','4.0','2016-02-03')
,('user0293','mov098','4.0','2005-08-16')
,('user0293','mov203','4.0','2005-09-22')
,('user0293','mov039','3.5','2006-05-22')
,('user0293','mov110','5.0','2013-10-27')
,('user0293','mov017','4.0','2014-08-16')
,('user0293','mov023','3.5','2006-05-22')
,('user0294','mov184','3.5','2009-06-28')
,('user0294','mov014','5.0','2016-02-13')
,('user0294','mov117','3.0','2014-03-02')
,('user0294','mov177','3.0','2012-07-10')
,('user0294','mov199','4.0','2014-03-03')
,('user0294','mov106','5.0','2013-08-13')
,('user0294','mov248','4.0','2012-11-14')
,('user0294','mov160','5.0','2015-05-31')
,('user0294','mov121','3.0','2005-04-23')
,('user0294','mov182','3.0','2006-08-14')
,('user0294','mov166','3.5','2013-01-20')
,('user0294','mov086','4.5','2012-04-29')
,('user0294','mov080','4.5','2010-06-24')
,('user0294','mov231','3.0','2007-06-29')
,('user0294','mov209','4.5','2011-08-04')
,('user0294','mov215','4.0','2014-03-30')
,('user0294','mov206','4.0','2016-03-30')
,('user0294','mov234','4.5','2005-01-12')
,('user0294','mov007','3.5','2008-11-06')
,('user0294','mov018','5.0','2015-01-31')
,('user0294','mov021','4.0','2012-10-25')
,('user0294','mov057','3.5','2005-11-22')
,('user0294','mov077','4.0','2007-11-11')
,('user0294','mov185','3.5','2016-02-04')
,('user0294','mov134','3.5','2008-10-01')
,('user0294','mov096','3.5','2015-12-31')
,('user0294','mov053','4.5','2005-09-28')
,('user0294','mov060','4.5','2007-09-11')
,('user0294','mov024','4.0','2009-02-22')
,('user0294','mov123','4.5','2008-11-29')
,('user0294','mov151','3.0','2005-05-24')
,('user0294','mov163','5.0','2010-03-02')
,('user0294','mov207','3.5','2013-03-27')
,('user0294','mov188','4.0','2011-11-12')
,('user0294','mov136','5.0','2010-09-05')
,('user0294','mov078','4.0','2015-03-13')
,('user0294','mov187','4.0','2009-05-16')
,('user0294','mov155','4.5','2012-11-27')
,('user0294','mov013','3.0','2005-07-28')
,('user0294','mov028','4.0','2010-10-21')
,('user0294','mov095','5.0','2006-08-15')
,('user0294','mov054','4.5','2007-05-22')
,('user0294','mov200','3.0','2007-06-24')
,('user0294','mov073','3.0','2009-06-07')
,('user0294','mov144','4.0','2010-02-13')
,('user0294','mov249','3.0','2006-07-13')
,('user0294','mov114','5.0','2016-09-04')
,('user0294','mov233','3.0','2008-03-19')
,('user0294','mov012','5.0','2009-03-05')
,('user0295','mov090','3.5','2010-08-25')
,('user0295','mov109','4.0','2008-06-02')
,('user0295','mov138','4.5','2009-11-26')
,('user0295','mov089','5.0','2007-01-28')
,('user0295','mov118','4.0','2009-09-20')
,('user0295','mov182','3.0','2011-10-21')
,('user0295','mov018','3.0','2013-12-03')
,('user0295','mov192','4.5','2012-08-21')
,('user0295','mov135','3.0','2012-03-28')
,('user0295','mov154','5.0','2008-03-26')
,('user0295','mov108','4.5','2007-09-13')
,('user0295','mov032','5.0','2015-12-13')
,('user0295','mov228','4.5','2016-06-28')
,('user0295','mov110','5.0','2015-02-20')
,('user0295','mov229','4.0','2016-01-02')
,('user0295','mov166','3.0','2015-06-18')
,('user0296','mov209','3.0','2011-03-05')
,('user0296','mov025','3.5','2008-07-28')
,('user0296','mov016','5.0','2010-06-09')
,('user0296','mov107','4.0','2010-07-04')
,('user0296','mov169','4.5','2016-02-09')
,('user0296','mov219','3.0','2006-10-22')
,('user0296','mov076','4.0','2016-03-29')
,('user0296','mov033','5.0','2016-10-01')
,('user0296','mov205','4.5','2012-06-25')
,('user0296','mov081','5.0','2006-04-12')
,('user0296','mov003','3.0','2006-03-13')
,('user0296','mov166','3.5','2009-06-20')
,('user0296','mov184','3.5','2007-12-03')
,('user0296','mov098','3.5','2010-09-12')
,('user0296','mov244','3.5','2011-07-09')
,('user0296','mov015','5.0','2006-03-11')
,('user0296','mov196','4.5','2005-09-03')
,('user0296','mov165','3.0','2016-04-01')
,('user0296','mov051','3.5','2005-06-26')
,('user0296','mov182','3.5','2007-11-22')
,('user0296','mov080','4.0','2009-06-28')
,('user0296','mov103','4.0','2005-10-21')
,('user0296','mov040','5.0','2011-07-30')
,('user0296','mov114','4.0','2010-07-28')
,('user0296','mov097','3.0','2006-08-15')
,('user0296','mov048','3.5','2010-08-19')
,('user0296','mov210','4.5','2011-04-07')
,('user0296','mov002','3.0','2016-08-12')
,('user0296','mov217','5.0','2009-08-15')
,('user0296','mov138','4.0','2014-09-16')
,('user0296','mov176','5.0','2013-08-25')
,('user0296','mov022','5.0','2008-02-08')
,('user0296','mov177','5.0','2013-12-26')
,('user0296','mov012','3.0','2007-02-13')
,('user0296','mov001','3.5','2013-07-27')
,('user0296','mov100','4.0','2013-09-24')
,('user0296','mov153','5.0','2012-12-11')
,('user0296','mov106','4.5','2015-12-16')
,('user0296','mov021','4.5','2010-10-30')
,('user0296','mov031','4.5','2010-01-11')
,('user0296','mov096','4.5','2005-10-29')
,('user0296','mov078','3.0','2007-08-16')
,('user0296','mov156','4.0','2015-10-04')
,('user0296','mov118','4.5','2006-11-25')
,('user0296','mov111','5.0','2008-07-28')
,('user0296','mov148','4.0','2015-12-13')
,('user0296','mov023','4.5','2016-05-17')
,('user0296','mov234','3.5','2008-02-21')
,('user0296','mov046','4.5','2008-01-21')
,('user0296','mov226','4.0','2008-07-12')
,('user0297','mov089','5.0','2006-10-12')
,('user0297','mov159','3.5','2006-12-01')
,('user0297','mov112','3.5','2013-02-15')
,('user0297','mov212','3.0','2008-10-12')
,('user0297','mov108','4.0','2010-03-22')
,('user0297','mov188','3.5','2015-12-31')
,('user0297','mov175','4.0','2012-07-11')
,('user0297','mov172','3.5','2016-07-17')
,('user0297','mov076','5.0','2014-03-14')
,('user0297','mov198','4.5','2007-01-17')
,('user0297','mov191','3.5','2007-01-16')
,('user0297','mov046','3.0','2005-11-24')
,('user0297','mov042','4.5','2010-02-10')
,('user0297','mov096','4.5','2006-09-25')
,('user0297','mov193','4.0','2013-11-20')
,('user0297','mov190','4.0','2006-05-28')
,('user0297','mov163','3.5','2012-07-02')
,('user0297','mov145','3.0','2008-06-02')
,('user0297','mov116','5.0','2008-03-20')
,('user0297','mov098','3.0','2015-04-20')
,('user0297','mov203','5.0','2007-04-29')
,('user0297','mov241','5.0','2012-02-17')
,('user0297','mov200','4.0','2006-03-14')
,('user0297','mov233','5.0','2006-06-02')
,('user0297','mov208','3.0','2012-05-18')
,('user0297','mov001','3.5','2011-05-26')
,('user0297','mov124','3.0','2015-09-27')
,('user0297','mov227','4.5','2008-08-22')
,('user0297','mov010','3.0','2012-04-13')
,('user0297','mov085','3.0','2005-09-09')
,('user0297','mov246','4.0','2016-10-22')
,('user0297','mov036','3.5','2009-07-27')
,('user0298','mov085','4.5','2015-12-17')
,('user0298','mov220','4.5','2014-09-20')
,('user0298','mov033','3.5','2014-07-01')
,('user0298','mov025','3.5','2015-08-30')
,('user0298','mov164','3.0','2012-10-19')
,('user0298','mov051','5.0','2009-09-22')
,('user0298','mov105','3.5','2006-06-17')
,('user0298','mov215','3.5','2006-04-01')
,('user0298','mov040','4.0','2012-08-28')
,('user0298','mov194','4.0','2014-09-29')
,('user0298','mov097','5.0','2010-01-27')
,('user0298','mov241','4.0','2008-09-17')
,('user0298','mov074','3.5','2012-07-19')
,('user0298','mov233','3.0','2011-06-08')
,('user0298','mov172','4.5','2015-02-13')
,('user0298','mov212','4.0','2009-05-13')
,('user0298','mov030','4.5','2011-12-07')
,('user0298','mov027','4.0','2012-11-16')
,('user0298','mov010','5.0','2015-04-13')
,('user0298','mov203','3.0','2013-10-20')
,('user0298','mov061','3.5','2014-05-11')
,('user0298','mov174','5.0','2014-03-27')
,('user0298','mov122','3.5','2014-10-28')
,('user0298','mov078','4.0','2015-05-21')
,('user0298','mov146','3.5','2011-10-26')
,('user0298','mov247','3.5','2011-03-23')
,('user0298','mov036','3.5','2012-09-17')
,('user0299','mov028','4.0','2008-03-13')
,('user0299','mov061','3.0','2015-08-29')
,('user0299','mov214','5.0','2010-11-22')
,('user0299','mov245','5.0','2009-09-15')
,('user0299','mov226','4.0','2006-07-14')
,('user0299','mov027','4.5','2006-09-17')
,('user0299','mov219','3.0','2011-02-07')
,('user0299','mov173','5.0','2012-03-04')
,('user0299','mov171','3.5','2014-12-19')
,('user0299','mov185','5.0','2008-08-21')
,('user0299','mov022','4.5','2009-01-08')
,('user0299','mov240','3.5','2010-06-15')
,('user0299','mov079','5.0','2012-10-11')
,('user0299','mov180','5.0','2010-04-21')
,('user0299','mov235','4.5','2010-09-06')
,('user0299','mov201','5.0','2011-12-11')
,('user0299','mov048','4.5','2012-04-20')
,('user0299','mov142','3.5','2005-01-13')
,('user0299','mov133','5.0','2014-07-20')
,('user0299','mov192','5.0','2014-07-29')
,('user0299','mov200','3.5','2009-09-30')
,('user0299','mov042','5.0','2009-11-11')
,('user0299','mov167','5.0','2005-03-11')
,('user0300','mov202','4.0','2011-09-28')
,('user0300','mov062','3.0','2009-08-08')
,('user0300','mov132','5.0','2007-08-18')
,('user0300','mov083','3.5','2011-08-06')
,('user0300','mov162','3.0','2014-02-11')
,('user0300','mov128','3.0','2012-09-10')
,('user0300','mov080','4.5','2011-04-20')
,('user0300','mov117','3.5','2014-10-09')
,('user0300','mov092','3.5','2016-09-06')
,('user0300','mov204','3.0','2006-10-05')
,('user0300','mov150','4.0','2008-08-08')
,('user0300','mov065','3.5','2011-05-14')
,('user0300','mov064','3.5','2005-05-26')
,('user0300','mov122','3.5','2011-06-28')
,('user0300','mov023','4.5','2006-07-01')
,('user0300','mov058','4.0','2006-06-19')
,('user0300','mov072','4.0','2016-06-07')
,('user0300','mov098','3.5','2014-02-18')
,('user0300','mov165','3.0','2015-07-29')
,('user0300','mov238','3.5','2014-02-20')
,('user0300','mov244','3.5','2006-05-07')
,('user0300','mov074','4.0','2012-11-11')
,('user0300','mov104','5.0','2009-06-07')
,('user0300','mov097','4.0','2014-12-16')
,('user0300','mov079','3.0','2011-07-03')
,('user0300','mov172','5.0','2011-03-04')
,('user0300','mov201','3.0','2011-01-31')
,('user0300','mov081','4.5','2008-10-06')
,('user0300','mov094','4.0','2010-10-14')
,('user0300','mov177','4.5','2007-12-31')
,('user0300','mov248','3.0','2011-02-10')
,('user0300','mov205','5.0','2006-11-17')
,('user0300','mov227','5.0','2010-10-25')
,('user0300','mov223','3.0','2016-01-13')
,('user0300','mov089','5.0','2008-03-17')
,('user0300','mov192','4.5','2011-01-15')
,('user0300','mov060','3.0','2005-02-01')
,('user0300','mov133','5.0','2016-03-19')
,('user0300','mov066','3.5','2012-09-08')
,('user0300','mov042','4.0','2016-10-09')
,('user0300','mov123','4.5','2006-02-05')
,('user0300','mov246','3.0','2015-12-15')
,('user0300','mov033','3.5','2009-11-11')
,('user0300','mov176','5.0','2005-05-22')
,('user0300','mov212','3.0','2005-02-01')
,('user0300','mov159','5.0','2015-01-02')
,('user0300','mov134','5.0','2014-11-22')
,('user0300','mov198','4.5','2007-07-11')
,('user0300','mov067','3.0','2005-04-20')
;
